-- ROLES
PROMPT INSERT ROLES ................
INSERT INTO roles (role_code, role_desc) VALUES ('GRPNBADMIN', 'GROUP NEW BUSINESS ADMINISTRATOR');
INSERT INTO roles (role_code, role_desc) VALUES ('NBSTAFF', 'NEW BUSINESS STAFF');
INSERT INTO roles (role_code, role_desc) VALUES ('NBREVIEWER', 'NEW BUSINESS REVIEWER');
INSERT INTO roles (role_code, role_desc) VALUES ('NBSUPMGR', 'NEW BUSINESS SUPERVISOR/MANAGER');
INSERT INTO roles (role_code, role_desc) VALUES ('FACILITSUPMGR', 'FACILITATOR SUPERVISOR/MANAGER');
INSERT INTO roles (role_code, role_desc) VALUES ('FACILITATOR', 'UNDERWRITING FACILITATOR');
INSERT INTO roles (role_code, role_desc) VALUES ('UNDERWRITER', 'UNDERWRITER');
INSERT INTO roles (role_code, role_desc) VALUES ('UWTNGSUPMGR', 'UNDERWRITING SUPERVISOR/MANAGER');
INSERT INTO roles (role_code, role_desc) VALUES ('MEDICALADMIN', 'MEDICAL ADMIN STAFF');
INSERT INTO roles (role_code, role_desc) VALUES ('MEDSUPMGR', 'MEDICAL SUPERVISOR/MANAGER/CONSULTANG');
INSERT INTO roles (role_code, role_desc) VALUES ('MEDCONSLT', 'MEDICAL CONSULTANT');
INSERT INTO roles (role_code, role_desc) VALUES ('MKTGSTAFF', 'MARKETING STAFF');
INSERT INTO roles (role_code, role_desc) VALUES ('AGENT', 'AGENTS');
INSERT INTO roles (role_code, role_desc) VALUES ('EXAMINER', 'ACCREDITED DOCTOR/EXAMINER');
INSERT INTO roles (role_code, role_desc) VALUES ('LABSTAFF', 'ACCREDITED LABORATORY STAFF');
INSERT INTO roles (role_code, role_desc) VALUES ('OTHERUSER', 'OTHER DEPARMENT USERS');
INSERT INTO roles (role_code, role_desc) VALUES ('LOVADMIN', 'LIST OF VALUES ADMINISTRATOR');
INSERT INTO roles (role_code, role_desc) VALUES ('SCTYADMIN', 'SECURITY ADMIN');
INSERT INTO roles (role_code, role_desc) VALUES ('SYSOPER', 'SYSTEM OPERATOR');

-- IUMDEV USER
PROMPT INSERT IUMADMIN ....................
INSERT INTO users (user_id, usr_acf2id, usr_password, usr_last_name, usr_middle_name,usr_first_name, usr_email_address,  dept_id, sec_id, created_by, usr_lock_ind, usr_active_ind,usr_role, usr_records_per_view) 
 VALUES ('IUMADMIN', '',ENCRYPTDATA('password', 'IUMDBKEY_06022004'), 'DEVELOPMENT', 'USER', 'IUM', 'IUMADMIN@POINTWEST.COM.PH','QAINFOSEC', 'SYSTEMS', 'IUMADMIN',0,1,'SYSOPER',10);

INSERT INTO users (user_id, usr_acf2id, usr_password, usr_last_name, usr_middle_name,usr_first_name, usr_email_address,  dept_id, sec_id, created_by, usr_lock_ind, usr_active_ind,usr_role, usr_records_per_view) 
 VALUES ('RECORDS', '',ENCRYPTDATA('password',  'IUMDBKEY_06022004'), 'RECORDS SECTION', null, null, null,null, 'SYSTEMS', 'IUMADMIN',0,0,'SYSOPER',10);
 
-- EXAMINATION_AREAS
PROMPT INSERT EXAMINATION AREAS ................
INSERT INTO EXAMINATION_AREAS (EA_ID, EA_DESC) VALUES(SEQ_EXAMINATION_AREA.NEXTVAL, 'MAKATI CITY');
INSERT INTO EXAMINATION_AREAS (EA_ID, EA_DESC) VALUES(SEQ_EXAMINATION_AREA.NEXTVAL, 'PARANAQUE');
INSERT INTO EXAMINATION_AREAS (EA_ID, EA_DESC) VALUES(SEQ_EXAMINATION_AREA.NEXTVAL, 'MANDALUYONG, PHILIPPINES');
INSERT INTO EXAMINATION_AREAS (EA_ID, EA_DESC) VALUES(SEQ_EXAMINATION_AREA.NEXTVAL, 'QUEZON CITY');
INSERT INTO EXAMINATION_AREAS (EA_ID, EA_DESC) VALUES(SEQ_EXAMINATION_AREA.NEXTVAL, 'LAGUNA, PHILIPPINES');
INSERT INTO EXAMINATION_AREAS (EA_ID, EA_DESC) VALUES(SEQ_EXAMINATION_AREA.NEXTVAL, 'PASAY CITY');
INSERT INTO EXAMINATION_AREAS (EA_ID, EA_DESC) VALUES(SEQ_EXAMINATION_AREA.NEXTVAL, 'LAS PINAS');
INSERT INTO EXAMINATION_AREAS (EA_ID, EA_DESC) VALUES(SEQ_EXAMINATION_AREA.NEXTVAL, 'DAVAO, PHILIPPINES');
INSERT INTO EXAMINATION_AREAS (EA_ID, EA_DESC) VALUES(SEQ_EXAMINATION_AREA.NEXTVAL, 'CEBU CITY');
INSERT INTO EXAMINATION_AREAS (EA_ID, EA_DESC) VALUES(SEQ_EXAMINATION_AREA.NEXTVAL, 'BAGUIO CITY, PHILIPPINES');
INSERT INTO EXAMINATION_AREAS (EA_ID, EA_DESC) VALUES(SEQ_EXAMINATION_AREA.NEXTVAL, 'MALABON');
INSERT INTO EXAMINATION_AREAS (EA_ID, EA_DESC) VALUES(SEQ_EXAMINATION_AREA.NEXTVAL, 'VALENZUELA CITY');
INSERT INTO EXAMINATION_AREAS (EA_ID, EA_DESC) VALUES(SEQ_EXAMINATION_AREA.NEXTVAL, 'NAVOTAS');
INSERT INTO EXAMINATION_AREAS (EA_ID, EA_DESC) VALUES(SEQ_EXAMINATION_AREA.NEXTVAL, 'TAGUIG');
INSERT INTO EXAMINATION_AREAS (EA_ID, EA_DESC) VALUES(SEQ_EXAMINATION_AREA.NEXTVAL, 'MANILA, PHILIPPINES');

--EXAMINATION_PLACES
PROMPT INSERT EXAMINATION PLACES ................
INSERT INTO EXAMINATION_PLACES (EP_ID, EP_DESC) VALUES(SEQ_EXAMINATION_PLACE.NEXTVAL, 'Not Stated');
INSERT INTO EXAMINATION_PLACES (EP_ID, EP_DESC) VALUES(SEQ_EXAMINATION_PLACE.NEXTVAL, 'Business');
INSERT INTO EXAMINATION_PLACES (EP_ID, EP_DESC) VALUES(SEQ_EXAMINATION_PLACE.NEXTVAL, 'Home');
INSERT INTO EXAMINATION_PLACES (EP_ID, EP_DESC) VALUES(SEQ_EXAMINATION_PLACE.NEXTVAL, 'Company''s/Doctor''s Room');
INSERT INTO EXAMINATION_PLACES (EP_ID, EP_DESC) VALUES(SEQ_EXAMINATION_PLACE.NEXTVAL, 'st. luke''s medical center');

--RANKS
PROMPT INSERT RANKS ................
INSERT INTO RANKS (RANK_ID, RANK_DESC, RANK_FEE) VALUES(SEQ_RANK.NEXTVAL, 'TEST DESCRIPTIONS', 12345);
INSERT INTO RANKS (RANK_ID, RANK_DESC, RANK_FEE) VALUES(SEQ_RANK.NEXTVAL, 'REGULAR NON-MOBILE', 350);
INSERT INTO RANKS (RANK_ID, RANK_DESC, RANK_FEE) VALUES(SEQ_RANK.NEXTVAL, 'REGULAR MOBILE', 400);
INSERT INTO RANKS (RANK_ID, RANK_DESC, RANK_FEE) VALUES(SEQ_RANK.NEXTVAL, 'PREFERRED NON-MOBILE', 400);
INSERT INTO RANKS (RANK_ID, RANK_DESC, RANK_FEE) VALUES(SEQ_RANK.NEXTVAL, 'PREFERRED MOBILE', 450);
INSERT INTO RANKS (RANK_ID, RANK_DESC, RANK_FEE) VALUES(SEQ_RANK.NEXTVAL, 'Examiner 1', -2);
INSERT INTO RANKS (RANK_ID, RANK_DESC, RANK_FEE) VALUES(SEQ_RANK.NEXTVAL, 'TEST DESCRIPTIONS', 9686489.36);
INSERT INTO RANKS (RANK_ID, RANK_DESC, RANK_FEE) VALUES(SEQ_RANK.NEXTVAL, 'SPECIAL LIMITED', 500);

--SPECIALIZATIONS
PROMPT INSERT SPECIALIZATIONS  ................
INSERT INTO SPECIALIZATIONS (SPL_ID, SPL_DESC) VALUES(SEQ_SPECIALIZATION.NEXTVAL, 'PEDIATRICS');
INSERT INTO SPECIALIZATIONS (SPL_ID, SPL_DESC) VALUES(SEQ_SPECIALIZATION.NEXTVAL, 'OBSTETRICIAN GYNECOLOGY');

--HOLIDAYS
PROMPT INSERT HOLIDAYS ................
INSERT INTO HOLIDAYS (HOL_ID, HOL_DATE, HOL_DESC) VALUES(SEQ_HOLIDAY.NEXTVAL, '01-JAN-04', 'New Year''s Day');
INSERT INTO HOLIDAYS (HOL_ID, HOL_DATE, HOL_DESC) VALUES(SEQ_HOLIDAY.NEXTVAL, '25-DEC-04', 'Christmas Day');
INSERT INTO HOLIDAYS (HOL_ID, HOL_DATE, HOL_DESC) VALUES(SEQ_HOLIDAY.NEXTVAL, '09-APR-04', 'Bataan day');
INSERT INTO HOLIDAYS (HOL_ID, HOL_DATE, HOL_DESC) VALUES(SEQ_HOLIDAY.NEXTVAL, '01-MAY-04', 'labor day');
INSERT INTO HOLIDAYS (HOL_ID, HOL_DATE, HOL_DESC) VALUES(SEQ_HOLIDAY.NEXTVAL, '30-NOV-04', 'bonifacio day');
INSERT INTO HOLIDAYS (HOL_ID, HOL_DATE, HOL_DESC) VALUES(SEQ_HOLIDAY.NEXTVAL, '25-FEB-04', 'edsa day');
INSERT INTO HOLIDAYS (HOL_ID, HOL_DATE, HOL_DESC) VALUES(SEQ_HOLIDAY.NEXTVAL, '21-AUG-04', 'ninoy aquino day');

--MIB_IMPAIRMENTS
PROMPT INSERT MIB IMPAIRMENTS ................
INSERT INTO MIB_IMPAIRMENTS (MIB_IMPAIRMENT_CODE, MIB_IMPAIRMENT_DESC) VALUES('A', 'DOUBTS CONCERNING OCCUPATION');
INSERT INTO MIB_IMPAIRMENTS (MIB_IMPAIRMENT_CODE, MIB_IMPAIRMENT_DESC) VALUES('A1', 'UNHEALTHY OR HAZARDOUS OCCUPATION');
INSERT INTO MIB_IMPAIRMENTS (MIB_IMPAIRMENT_CODE, MIB_IMPAIRMENT_DESC) VALUES('A10', 'ANISELECTION');
INSERT INTO MIB_IMPAIRMENTS (MIB_IMPAIRMENT_CODE, MIB_IMPAIRMENT_DESC) VALUES('A11', 'ABUSE OF NICOTINE/EXCESSIVE SMOKING');
INSERT INTO MIB_IMPAIRMENTS (MIB_IMPAIRMENT_CODE, MIB_IMPAIRMENT_DESC) VALUES('A12', 'ALCOHOL ABUSE/ALCOHOLISM');
INSERT INTO MIB_IMPAIRMENTS (MIB_IMPAIRMENT_CODE, MIB_IMPAIRMENT_DESC) VALUES('A13', 'USE/ADDICTION TO PROHIBITED DRUGS/SUBSTANCES/DRUG ABUSE/SUBSTANCE ABUSE');
INSERT INTO MIB_IMPAIRMENTS (MIB_IMPAIRMENT_CODE, MIB_IMPAIRMENT_DESC) VALUES('A13A', 'ABUSE OF HABIT FORMING MEDICATION');
INSERT INTO MIB_IMPAIRMENTS (MIB_IMPAIRMENT_CODE, MIB_IMPAIRMENT_DESC) VALUES('A13B', 'SEEKING AND ACCEPTING PHYSICAL');
INSERT INTO MIB_IMPAIRMENTS (MIB_IMPAIRMENT_CODE, MIB_IMPAIRMENT_DESC) VALUES('A13C', 'ALCOHOL OR DRUG ABUSE COUNSELLING AND / OR SURVEILLANCE');
INSERT INTO MIB_IMPAIRMENTS (MIB_IMPAIRMENT_CODE, MIB_IMPAIRMENT_DESC) VALUES('A15', 'PROBLEMS RELATED TO EDUCATION AND LITERACY ILLITERACY AND LOW-LEVEL LITERACY ');
INSERT INTO MIB_IMPAIRMENTS (MIB_IMPAIRMENT_CODE, MIB_IMPAIRMENT_DESC) VALUES('A17', 'PROBLEMS RELATED TO ANY PSYCHOSOCIAL CIRCUMSTANCES');
INSERT INTO MIB_IMPAIRMENTS (MIB_IMPAIRMENT_CODE, MIB_IMPAIRMENT_DESC) VALUES('A17A', 'HISTORY OF UNWANTED PREGNANCY');
INSERT INTO MIB_IMPAIRMENTS (MIB_IMPAIRMENT_CODE, MIB_IMPAIRMENT_DESC) VALUES('A17B', 'CONVICTION IN CIVIL AND CRIMINAL PROCEEDINGS WITHOUT IMPRISONMENT');
INSERT INTO MIB_IMPAIRMENTS (MIB_IMPAIRMENT_CODE, MIB_IMPAIRMENT_DESC) VALUES('A17C', 'IMPRISONMENT AND OTHER INCARCERATION');
INSERT INTO MIB_IMPAIRMENTS (MIB_IMPAIRMENT_CODE, MIB_IMPAIRMENT_DESC) VALUES('A17D', 'INVOLVEMENT IN MILITANT OR QUESTIONABLE ACTIVITIES');
INSERT INTO MIB_IMPAIRMENTS (MIB_IMPAIRMENT_CODE, MIB_IMPAIRMENT_DESC) VALUES('A17E', 'RECIPIENT OF THREAT OF BODILY HARM OR INJURY');
INSERT INTO MIB_IMPAIRMENTS (MIB_IMPAIRMENT_CODE, MIB_IMPAIRMENT_DESC) VALUES('A19', 'VICTIM OF CRIME OR TERRORISM OR TORTURE');
INSERT INTO MIB_IMPAIRMENTS (MIB_IMPAIRMENT_CODE, MIB_IMPAIRMENT_DESC) VALUES('A2', 'HAZARDOUS AVOCATION');
INSERT INTO MIB_IMPAIRMENTS (MIB_IMPAIRMENT_CODE, MIB_IMPAIRMENT_DESC) VALUES('A20', 'PROBLEMS RELATED TO EXPOSURE TO DISASTER');
INSERT INTO MIB_IMPAIRMENTS (MIB_IMPAIRMENT_CODE, MIB_IMPAIRMENT_DESC) VALUES('A18', 'PROBLEMS RELATED TO OTHER LEGAL CIRCUMSTANCES ARREST/CHILD CUSTODY OR SUPPORT PROCEEDINGS/LITIGATION');

--MIB_NUMBERS
PROMPT INSERT MIB NUMBERS ................
INSERT INTO MIB_NUMBERS (MIB_NUM_CODE, MIB_NUM_DESC) VALUES('0', 'Insured or life to be insured');
INSERT INTO MIB_NUMBERS (MIB_NUM_CODE, MIB_NUM_DESC) VALUES('1', 'Father of the insured');
INSERT INTO MIB_NUMBERS (MIB_NUM_CODE, MIB_NUM_DESC) VALUES('2', 'Mother of the insured');
INSERT INTO MIB_NUMBERS (MIB_NUM_CODE, MIB_NUM_DESC) VALUES('3', 'Brother of the insured');
INSERT INTO MIB_NUMBERS (MIB_NUM_CODE, MIB_NUM_DESC) VALUES('4', 'Sister of the insured');
INSERT INTO MIB_NUMBERS (MIB_NUM_CODE, MIB_NUM_DESC) VALUES('5', 'Spouse of the insured');
INSERT INTO MIB_NUMBERS (MIB_NUM_CODE, MIB_NUM_DESC) VALUES('6', 'Other persons living w/ insured');

--TEST_PROFILES
PROMPT INSERT TEST PROFILES ................
INSERT INTO TEST_PROFILES (TEST_ID, TEST_DESC, TEST_VALIDITY, TEST_TAXABLE_IND, TEST_TYPE) VALUES(SEQ_TEST_PROFILE.NEXTVAL, '2-D ECHO', 999, '0', 'L');
INSERT INTO TEST_PROFILES (TEST_ID, TEST_DESC, TEST_VALIDITY, TEST_TAXABLE_IND, TEST_TYPE) VALUES(SEQ_TEST_PROFILE.NEXTVAL, 'Afp', 99, '0', 'L');
INSERT INTO TEST_PROFILES (TEST_ID, TEST_DESC, TEST_VALIDITY, TEST_TAXABLE_IND, TEST_TYPE) VALUES(SEQ_TEST_PROFILE.NEXTVAL, 'Agent''s Contracting Manual', 99, '0', 'L');
INSERT INTO TEST_PROFILES (TEST_ID, TEST_DESC, TEST_VALIDITY, TEST_TAXABLE_IND, TEST_TYPE) VALUES(SEQ_TEST_PROFILE.NEXTVAL, 'Agent recruit pre-employment', 99, '0', 'L');
INSERT INTO TEST_PROFILES (TEST_ID, TEST_DESC, TEST_VALIDITY, TEST_TAXABLE_IND, TEST_TYPE) VALUES(SEQ_TEST_PROFILE.NEXTVAL, 'Ahcv', 99, '0', 'L');
INSERT INTO TEST_PROFILES (TEST_ID, TEST_DESC, TEST_VALIDITY, TEST_TAXABLE_IND, TEST_TYPE) VALUES(SEQ_TEST_PROFILE.NEXTVAL, 'Albumin', 99, '0', 'L');
INSERT INTO TEST_PROFILES (TEST_ID, TEST_DESC, TEST_VALIDITY, TEST_TAXABLE_IND, TEST_TYPE) VALUES(SEQ_TEST_PROFILE.NEXTVAL, 'Anti-HBC', 99, '0', 'L');
INSERT INTO TEST_PROFILES (TEST_ID, TEST_DESC, TEST_VALIDITY, TEST_TAXABLE_IND, TEST_TYPE) VALUES(SEQ_TEST_PROFILE.NEXTVAL, 'Anti-HBE', 99, '0', 'L');
INSERT INTO TEST_PROFILES (TEST_ID, TEST_DESC, TEST_VALIDITY, TEST_TAXABLE_IND, TEST_TYPE) VALUES(SEQ_TEST_PROFILE.NEXTVAL, 'Anti-hbs', 99, '0', 'L');
INSERT INTO TEST_PROFILES (TEST_ID, TEST_DESC, TEST_VALIDITY, TEST_TAXABLE_IND, TEST_TYPE) VALUES(SEQ_TEST_PROFILE.NEXTVAL, 'BP', 99, '', 'L');
INSERT INTO TEST_PROFILES (TEST_ID, TEST_DESC, TEST_VALIDITY, TEST_TAXABLE_IND, TEST_TYPE) VALUES(SEQ_TEST_PROFILE.NEXTVAL, 'Breast ultrasound', 99, '0', 'L');
INSERT INTO TEST_PROFILES (TEST_ID, TEST_DESC, TEST_VALIDITY, TEST_TAXABLE_IND, TEST_TYPE) VALUES(SEQ_TEST_PROFILE.NEXTVAL, 'BUN', 99, '0', 'L');
INSERT INTO TEST_PROFILES (TEST_ID, TEST_DESC, TEST_VALIDITY, TEST_TAXABLE_IND, TEST_TYPE) VALUES(SEQ_TEST_PROFILE.NEXTVAL, 'CBC', 99, '0', 'L');
INSERT INTO TEST_PROFILES (TEST_ID, TEST_DESC, TEST_VALIDITY, TEST_TAXABLE_IND, TEST_TYPE) VALUES(SEQ_TEST_PROFILE.NEXTVAL, 'Chest X-Ray', 99, '0', 'L');
INSERT INTO TEST_PROFILES (TEST_ID, TEST_DESC, TEST_VALIDITY, TEST_TAXABLE_IND, TEST_TYPE) VALUES(SEQ_TEST_PROFILE.NEXTVAL, 'Cholesterol', 99, '0', 'L');
INSERT INTO TEST_PROFILES (TEST_ID, TEST_DESC, TEST_VALIDITY, TEST_TAXABLE_IND, TEST_TYPE) VALUES(SEQ_TEST_PROFILE.NEXTVAL, 'Cotinine', 99, '0', 'L');
INSERT INTO TEST_PROFILES (TEST_ID, TEST_DESC, TEST_VALIDITY, TEST_TAXABLE_IND, TEST_TYPE) VALUES(SEQ_TEST_PROFILE.NEXTVAL, 'Creatinine', 99, '0', 'L');
INSERT INTO TEST_PROFILES (TEST_ID, TEST_DESC, TEST_VALIDITY, TEST_TAXABLE_IND, TEST_TYPE) VALUES(SEQ_TEST_PROFILE.NEXTVAL, 'ECG', 99, '0', 'L');
INSERT INTO TEST_PROFILES (TEST_ID, TEST_DESC, TEST_VALIDITY, TEST_TAXABLE_IND, TEST_TYPE) VALUES(SEQ_TEST_PROFILE.NEXTVAL, 'Free Promo Medical', 99, '0', 'L');
INSERT INTO TEST_PROFILES (TEST_ID, TEST_DESC, TEST_VALIDITY, TEST_TAXABLE_IND, TEST_TYPE) VALUES(SEQ_TEST_PROFILE.NEXTVAL, 'GGTP', 99, '0', 'L');
INSERT INTO TEST_PROFILES (TEST_ID, TEST_DESC, TEST_VALIDITY, TEST_TAXABLE_IND, TEST_TYPE) VALUES(SEQ_TEST_PROFILE.NEXTVAL, 'Glucose', 99, '0', 'L');
INSERT INTO TEST_PROFILES (TEST_ID, TEST_DESC, TEST_VALIDITY, TEST_TAXABLE_IND, TEST_TYPE) VALUES(SEQ_TEST_PROFILE.NEXTVAL, 'HBAIC', 99, '0', 'L');
INSERT INTO TEST_PROFILES (TEST_ID, TEST_DESC, TEST_VALIDITY, TEST_TAXABLE_IND, TEST_TYPE) VALUES(SEQ_TEST_PROFILE.NEXTVAL, 'HBEAG', 99, '0', 'L');
INSERT INTO TEST_PROFILES (TEST_ID, TEST_DESC, TEST_VALIDITY, TEST_TAXABLE_IND, TEST_TYPE) VALUES(SEQ_TEST_PROFILE.NEXTVAL, 'HBSAG', 99, '0', 'L');
INSERT INTO TEST_PROFILES (TEST_ID, TEST_DESC, TEST_VALIDITY, TEST_TAXABLE_IND, TEST_TYPE) VALUES(SEQ_TEST_PROFILE.NEXTVAL, 'Hepatitis Profile', 99, '0', 'L');
INSERT INTO TEST_PROFILES (TEST_ID, TEST_DESC, TEST_VALIDITY, TEST_TAXABLE_IND, TEST_TYPE) VALUES(SEQ_TEST_PROFILE.NEXTVAL, 'HIB', 99, '0', 'L');
INSERT INTO TEST_PROFILES (TEST_ID, TEST_DESC, TEST_VALIDITY, TEST_TAXABLE_IND, TEST_TYPE) VALUES(SEQ_TEST_PROFILE.NEXTVAL, 'Liver Function Test', 99, '0', 'L');
INSERT INTO TEST_PROFILES (TEST_ID, TEST_DESC, TEST_VALIDITY, TEST_TAXABLE_IND, TEST_TYPE) VALUES(SEQ_TEST_PROFILE.NEXTVAL, 'Mammography', 99, '0', 'L');
INSERT INTO TEST_PROFILES (TEST_ID, TEST_DESC, TEST_VALIDITY, TEST_TAXABLE_IND, TEST_TYPE) VALUES(SEQ_TEST_PROFILE.NEXTVAL, 'Microalbumin', 99, '0', 'L');
INSERT INTO TEST_PROFILES (TEST_ID, TEST_DESC, TEST_VALIDITY, TEST_TAXABLE_IND, TEST_TYPE) VALUES(SEQ_TEST_PROFILE.NEXTVAL, 'Pelvic ultrasound', 99, '0', 'L');
INSERT INTO TEST_PROFILES (TEST_ID, TEST_DESC, TEST_VALIDITY, TEST_TAXABLE_IND, TEST_TYPE) VALUES(SEQ_TEST_PROFILE.NEXTVAL, 'PROSTATIC SPECIFIC AG', 99, '0', 'L');
INSERT INTO TEST_PROFILES (TEST_ID, TEST_DESC, TEST_VALIDITY, TEST_TAXABLE_IND, TEST_TYPE) VALUES(SEQ_TEST_PROFILE.NEXTVAL, 'Renal function test', 99, '0', 'L');
INSERT INTO TEST_PROFILES (TEST_ID, TEST_DESC, TEST_VALIDITY, TEST_TAXABLE_IND, TEST_TYPE) VALUES(SEQ_TEST_PROFILE.NEXTVAL, 'SGOT', 99, '0', 'L');
INSERT INTO TEST_PROFILES (TEST_ID, TEST_DESC, TEST_VALIDITY, TEST_TAXABLE_IND, TEST_TYPE) VALUES(SEQ_TEST_PROFILE.NEXTVAL, 'SGPT', 99, '0', 'L');
INSERT INTO TEST_PROFILES (TEST_ID, TEST_DESC, TEST_VALIDITY, TEST_TAXABLE_IND, TEST_TYPE) VALUES(SEQ_TEST_PROFILE.NEXTVAL, 'Staff Pre-employment', 99, '0', 'L');
INSERT INTO TEST_PROFILES (TEST_ID, TEST_DESC, TEST_VALIDITY, TEST_TAXABLE_IND, TEST_TYPE) VALUES(SEQ_TEST_PROFILE.NEXTVAL, 'Stool examination', 99, '0', 'L');

--LABORATORIES
PROMPT INSERT LABORATORIES ................
INSERT INTO LABORATORIES (LAB_ID, LAB_NAME, CREATED_BY) VALUES(SEQ_LABORATORY.NEXTVAL, 'Accuvision', 'IUMADMIN');
INSERT INTO LABORATORIES (LAB_ID, LAB_NAME, CREATED_BY) VALUES(SEQ_LABORATORY.NEXTVAL, 'Associated Medical and Clinical Services', 'IUMADMIN');
INSERT INTO LABORATORIES (LAB_ID, LAB_NAME, CREATED_BY) VALUES(SEQ_LABORATORY.NEXTVAL, 'Best Diagnostic', 'IUMADMIN');
INSERT INTO LABORATORIES (LAB_ID, LAB_NAME, CREATED_BY) VALUES(SEQ_LABORATORY.NEXTVAL, 'Casa Medica, Inc.', 'IUMADMIN');
INSERT INTO LABORATORIES (LAB_ID, LAB_NAME, CREATED_BY) VALUES(SEQ_LABORATORY.NEXTVAL, 'CEDAR Scientific Clinical Laboratory', 'IUMADMIN');
INSERT INTO LABORATORIES (LAB_ID, LAB_NAME, CREATED_BY) VALUES(SEQ_LABORATORY.NEXTVAL, 'Centralle Medical Diagnostics and Polyc', 'IUMADMIN');
INSERT INTO LABORATORIES (LAB_ID, LAB_NAME, CREATED_BY) VALUES(SEQ_LABORATORY.NEXTVAL, 'CHONG HUA  HOSPITAL', 'IUMADMIN');
INSERT INTO LABORATORIES (LAB_ID, LAB_NAME, CREATED_BY) VALUES(SEQ_LABORATORY.NEXTVAL, 'HealthWay Medical Clinics', 'IUMADMIN');
INSERT INTO LABORATORIES (LAB_ID, LAB_NAME, CREATED_BY) VALUES(SEQ_LABORATORY.NEXTVAL, 'INTERCON DX', 'IUMADMIN');
INSERT INTO LABORATORIES (LAB_ID, LAB_NAME, CREATED_BY) VALUES(SEQ_LABORATORY.NEXTVAL, 'LC Diagnostic Center', 'IUMADMIN');
INSERT INTO LABORATORIES (LAB_ID, LAB_NAME, CREATED_BY) VALUES(SEQ_LABORATORY.NEXTVAL, 'MAKATI MEDICAL CENTER', 'IUMADMIN');
INSERT INTO LABORATORIES (LAB_ID, LAB_NAME, CREATED_BY) VALUES(SEQ_LABORATORY.NEXTVAL, 'NOT SPECIFIED', 'IUMADMIN');
INSERT INTO LABORATORIES (LAB_ID, LAB_NAME, CREATED_BY) VALUES(SEQ_LABORATORY.NEXTVAL, 'Olongapo HealthCare Specialist', 'IUMADMIN');
INSERT INTO LABORATORIES (LAB_ID, LAB_NAME, CREATED_BY) VALUES(SEQ_LABORATORY.NEXTVAL, 'Panay Health Care', 'IUMADMIN');
INSERT INTO LABORATORIES (LAB_ID, LAB_NAME, CREATED_BY) VALUES(SEQ_LABORATORY.NEXTVAL, 'PRIME LABORATORY', 'IUMADMIN');
INSERT INTO LABORATORIES (LAB_ID, LAB_NAME, CREATED_BY) VALUES(SEQ_LABORATORY.NEXTVAL, 'Sta. Elena Diagnostic Laboratory', 'IUMADMIN');
INSERT INTO LABORATORIES (LAB_ID, LAB_NAME, CREATED_BY) VALUES(SEQ_LABORATORY.NEXTVAL, 'Sun Life Medical Department', 'IUMADMIN');
INSERT INTO LABORATORIES (LAB_ID, LAB_NAME, CREATED_BY) VALUES(SEQ_LABORATORY.NEXTVAL, 'THE MEDICAL CITY', 'IUMADMIN');
INSERT INTO LABORATORIES (LAB_ID, LAB_NAME, CREATED_BY) VALUES(SEQ_LABORATORY.NEXTVAL, 'NAIC DIAGNOSTIC CENTER', 'IUMADMIN');

--EXAMINERS
PROMPT INSERT EXAMINERS ................
INSERT INTO EXAMINERS (EXMNR_ID, EXMNR_LAST_NAME, EXMNR_GIVEN_NAME, EXMNR_MIDDLE_NAME, EXMNR_RANK_ID, CREATED_BY) VALUES(SEQ_EXAMINER.NEXTVAL, 'ABUYABOR', 'FELICISIMO', 'III', 2, 'IUMADMIN');
INSERT INTO EXAMINERS (EXMNR_ID, EXMNR_LAST_NAME, EXMNR_GIVEN_NAME, EXMNR_MIDDLE_NAME, EXMNR_RANK_ID, CREATED_BY) VALUES(SEQ_EXAMINER.NEXTVAL, 'AGUILAR', 'MA. LUZ', 'M', 1, 'IUMADMIN');
INSERT INTO EXAMINERS (EXMNR_ID, EXMNR_LAST_NAME, EXMNR_GIVEN_NAME, EXMNR_MIDDLE_NAME, EXMNR_RANK_ID, CREATED_BY) VALUES(SEQ_EXAMINER.NEXTVAL, 'AGUSTIN', 'MA. THERESA', 'T', 5, 'IUMADMIN');
INSERT INTO EXAMINERS (EXMNR_ID, EXMNR_LAST_NAME, EXMNR_GIVEN_NAME, EXMNR_MIDDLE_NAME, EXMNR_RANK_ID, CREATED_BY) VALUES(SEQ_EXAMINER.NEXTVAL, 'ALA', 'VIRGINIA', 'G', 4, 'IUMADMIN');
INSERT INTO EXAMINERS (EXMNR_ID, EXMNR_LAST_NAME, EXMNR_GIVEN_NAME, EXMNR_MIDDLE_NAME, EXMNR_RANK_ID, CREATED_BY) VALUES(SEQ_EXAMINER.NEXTVAL, 'ALBANO', 'BIBIANA', 'C', 1, 'IUMADMIN');

-- REQUIREMENT FORMS
PROMPT INSERT REQUIREMENT FORMS ................
INSERT INTO requirement_forms (rf_id, rf_name, rf_template_name) VALUES (seq_requirement_form.NEXTVAL, 'Acceptance of Offer','Acceptance of Offer');
INSERT INTO requirement_forms (rf_id, rf_name, rf_template_name) VALUES (seq_requirement_form.NEXTVAL, 'Acceptance of Offer Form with Exclusion Provision',NULL);
INSERT INTO requirement_forms (rf_id, rf_name, rf_template_name) VALUES (seq_requirement_form.NEXTVAL, 'Additional Requirements for the Applicant Under the Anti-Money Laundering Act','Anti-Money Laundering Act');
INSERT INTO requirement_forms (rf_id, rf_name, rf_template_name) VALUES (seq_requirement_form.NEXTVAL, 'Agent''s Confidential Report','Agent''s Confidential Report');
INSERT INTO requirement_forms (rf_id, rf_name, rf_template_name) VALUES (seq_requirement_form.NEXTVAL, 'Alteration of Application','Alteration of Application');
INSERT INTO requirement_forms (rf_id, rf_name, rf_template_name) VALUES (seq_requirement_form.NEXTVAL, 'Arthritis Questionnaire','Arthritis Questionnaire');
INSERT INTO requirement_forms (rf_id, rf_name, rf_template_name) VALUES (seq_requirement_form.NEXTVAL, 'Attending Physician''s Statement','Attending Physician''s Statement');
INSERT INTO requirement_forms (rf_id, rf_name, rf_template_name) VALUES (seq_requirement_form.NEXTVAL, 'Automobile and Motorcycle Racing Questionnaire','Automobile and Motorcycle Racing Questionnaire');
INSERT INTO requirement_forms (rf_id, rf_name, rf_template_name) VALUES (seq_requirement_form.NEXTVAL, 'Aviation Questionnaire','Aviation Questionnaire');
INSERT INTO requirement_forms (rf_id, rf_name, rf_template_name) VALUES (seq_requirement_form.NEXTVAL, 'Business Financial Questionnaire','Financial Questionnaire - Business');
INSERT INTO requirement_forms (rf_id, rf_name, rf_template_name) VALUES (seq_requirement_form.NEXTVAL, 'Certificate of Insurability (age 16 and over)',null);
INSERT INTO requirement_forms (rf_id, rf_name, rf_template_name) VALUES (seq_requirement_form.NEXTVAL, 'Certificate of Insurability (child under age 16)',null);
INSERT INTO requirement_forms (rf_id, rf_name, rf_template_name) VALUES (seq_requirement_form.NEXTVAL, 'Certification re: New Signature','Certification re New Signature');
INSERT INTO requirement_forms (rf_id, rf_name, rf_template_name) VALUES (seq_requirement_form.NEXTVAL, 'Cession Form',null);
INSERT INTO requirement_forms (rf_id, rf_name, rf_template_name) VALUES (seq_requirement_form.NEXTVAL, 'Diving Questionnaire','Diving Questionnaire');
INSERT INTO requirement_forms (rf_id, rf_name, rf_template_name) VALUES (seq_requirement_form.NEXTVAL, 'Drug Usage Questionnaire','Drug Usage Questionnaire');
INSERT INTO requirement_forms (rf_id, rf_name, rf_template_name) VALUES (seq_requirement_form.NEXTVAL, 'Laboratory Exam LOA Form', 'Laboratory Exam LOA');
INSERT INTO requirement_forms (rf_id, rf_name, rf_template_name) VALUES (seq_requirement_form.NEXTVAL, 'Medical Appointment Form',null);
INSERT INTO requirement_forms (rf_id, rf_name, rf_template_name) VALUES (seq_requirement_form.NEXTVAL, 'Medical Exam LOA Form','Medical Exam LOA');
INSERT INTO requirement_forms (rf_id, rf_name, rf_template_name) VALUES (seq_requirement_form.NEXTVAL, 'Mountain Climbing Questionnaire','Mountain Climbing Questionnaire');
INSERT INTO requirement_forms (rf_id, rf_name, rf_template_name) VALUES (seq_requirement_form.NEXTVAL, 'Parachuting/Sky Diving Questionnaire','Parachuting and Sky Diving Questionnaire');
INSERT INTO requirement_forms (rf_id, rf_name, rf_template_name) VALUES (seq_requirement_form.NEXTVAL, 'Part II of Application for insurance on Child age 15 or under',null);
INSERT INTO requirement_forms (rf_id, rf_name, rf_template_name) VALUES (seq_requirement_form.NEXTVAL, 'Part II of Application for Insurance on Adult',null);
INSERT INTO requirement_forms (rf_id, rf_name, rf_template_name) VALUES (seq_requirement_form.NEXTVAL, 'Personal Financial Questionnaire','Financial Questionnaire - Personal');
INSERT INTO requirement_forms (rf_id, rf_name, rf_template_name) VALUES (seq_requirement_form.NEXTVAL, 'PN Non-Med Questionnaire',null);
INSERT INTO requirement_forms (rf_id, rf_name, rf_template_name) VALUES (seq_requirement_form.NEXTVAL, 'Residential Background Questionnaire','Residential Background Questionnaire');
INSERT INTO requirement_forms (rf_id, rf_name, rf_template_name) VALUES (seq_requirement_form.NEXTVAL, 'Secretary''s Certificate',null);
INSERT INTO requirement_forms (rf_id, rf_name, rf_template_name) VALUES (seq_requirement_form.NEXTVAL, 'Special Power of Attorney',null);
INSERT INTO requirement_forms (rf_id, rf_name, rf_template_name) VALUES (seq_requirement_form.NEXTVAL, 'Supplementary Questions concerning Asthma, Bronchitis or other Pulmonary Symptoms','Supplementary Questions re Asthma, Bronchitis');
INSERT INTO requirement_forms (rf_id, rf_name, rf_template_name) VALUES (seq_requirement_form.NEXTVAL, 'Supplementary Questions concerning Chest Pain or Discomfort','Supplementary Questions re Chest Pain or Discomfort');
INSERT INTO requirement_forms (rf_id, rf_name, rf_template_name) VALUES (seq_requirement_form.NEXTVAL, 'Supplementary Questions concerning Diabetes (or suspected Diabetes)','Supplementary Questions re Diabetes');
INSERT INTO requirement_forms (rf_id, rf_name, rf_template_name) VALUES (seq_requirement_form.NEXTVAL, 'Supplementary Questions concerning Digestive or Bowel Disorder','Supplementary Questions re Digestive or Bowel Disorder');
INSERT INTO requirement_forms (rf_id, rf_name, rf_template_name) VALUES (seq_requirement_form.NEXTVAL, 'Supplementary Questions concerning Fainting or Episodes of Loss of Consciousness','Supplementary Questions re Fainting');
INSERT INTO requirement_forms (rf_id, rf_name, rf_template_name) VALUES (seq_requirement_form.NEXTVAL, 'Supplementary Questions Concerning use of Alcohol','Supplementary Questions re Use of Alcohol');
INSERT INTO requirement_forms (rf_id, rf_name, rf_template_name) VALUES (seq_requirement_form.NEXTVAL, 'Supplementary Questions for Female/Maternity Benefit', 'Supplementary Questions for Female Maternity Benefit');
INSERT INTO requirement_forms (rf_id, rf_name, rf_template_name) VALUES (seq_requirement_form.NEXTVAL, 'Supplementary Questions re Growths, Cysts, Lumps and Tumors', 'Supplementary Questions re Growths, Cysts, Lumps and Tumors');
INSERT INTO requirement_forms (rf_id, rf_name, rf_template_name) VALUES (seq_requirement_form.NEXTVAL, 'Supplementary Questions re Gynecological Complaints','Supplementary Questions re Gynecological Complaints');
INSERT INTO requirement_forms (rf_id, rf_name, rf_template_name) VALUES (seq_requirement_form.NEXTVAL, 'Waiver of Benefit APDB (form for advance payment disability benefit)', 'Waiver for APDB');
INSERT INTO requirement_forms (rf_id, rf_name, rf_template_name) VALUES (seq_requirement_form.NEXTVAL, 'Waiver of Benefit CCR (form for critical condition rider)', 'Waiver for CCR');
INSERT INTO requirement_forms (rf_id, rf_name, rf_template_name) VALUES (seq_requirement_form.NEXTVAL, 'Waiver of Benefit F and MB (form for female and maternity benefit)', 'Waiver for F and M Benefit');
INSERT INTO requirement_forms (rf_id, rf_name, rf_template_name) VALUES (seq_requirement_form.NEXTVAL, 'Waiver of Benefit HIB (form for hospital income benefit)','Waiver for HIB');
INSERT INTO requirement_forms (rf_id, rf_name, rf_template_name) VALUES (seq_requirement_form.NEXTVAL, 'Parachuting / Sky Diving Questionnaire', 'Parachuting and Sky Diving Questionnaire');	

--REQUIREMENTS
PROMPT INSERT REQUIREMENTS ................
set escape on
INSERT INTO REQUIREMENTS (REQT_CODE,REQT_DESC,REQT_VALIDITY,REQT_LEVEL,REQT_FOLLOW_UP_NUM) VALUES ('AAREJ','AUTO-APP REJECT', to_number('12'),'C', to_number('3'));
INSERT INTO REQUIREMENTS (REQT_CODE,REQT_DESC,REQT_VALIDITY,REQT_LEVEL,REQT_FOLLOW_UP_NUM) VALUES ('AAR1','AOA-AGENT''S REPRT-INSURABILITY', to_number('12'),'C', to_number('1'));
INSERT INTO REQUIREMENTS (REQT_CODE,REQT_DESC,REQT_VALIDITY,REQT_LEVEL,REQT_FOLLOW_UP_NUM) VALUES ('AAR2','AOA-AGNT''S REPRT-BUS INSURANCE', to_number('12'),'C', to_number('1'));
INSERT INTO REQUIREMENTS (REQT_CODE,REQT_DESC,REQT_VALIDITY,REQT_LEVEL,REQT_FOLLOW_UP_NUM) VALUES ('ABQ','ASTHMA QUESTIONNAIRE', to_number('12'),'C', to_number('1'));
INSERT INTO REQUIREMENTS (REQT_CODE,REQT_DESC,REQT_VALIDITY,REQT_LEVEL,REQT_FOLLOW_UP_NUM) VALUES ('ABR','AWAITING BRANCH REQUIREMENT', to_number('3'),'C', to_number('1'));
INSERT INTO REQUIREMENTS (REQT_CODE,REQT_DESC,REQT_VALIDITY,REQT_LEVEL,REQT_FOLLOW_UP_NUM) VALUES ('ACR','AGENT''S CONFIDENTIAL REPORT', to_number('12'),'C', to_number('1'));
INSERT INTO REQUIREMENTS (REQT_CODE,REQT_DESC,REQT_VALIDITY,REQT_LEVEL,REQT_FOLLOW_UP_NUM) VALUES ('AFP','ALPHA FETO PROTEIN', to_number('12'),'C', to_number('1'));
INSERT INTO REQUIREMENTS (REQT_CODE,REQT_DESC,REQT_VALIDITY,REQT_LEVEL,REQT_FOLLOW_UP_NUM) VALUES ('AFS1','AUDITED FINANCIAL STATEMENT', to_number('12'),'P', to_number('1'));
INSERT INTO REQUIREMENTS (REQT_CODE,REQT_DESC,REQT_VALIDITY,REQT_LEVEL,REQT_FOLLOW_UP_NUM) VALUES ('AGR','AGENT''S REPORT', to_number('12'),'C', to_number('1'));
INSERT INTO REQUIREMENTS (REQT_CODE,REQT_DESC,REQT_VALIDITY,REQT_LEVEL,REQT_FOLLOW_UP_NUM) VALUES ('AHCV','ANTI-HCV', to_number('12'),'C', to_number('1'));
INSERT INTO REQUIREMENTS (REQT_CODE,REQT_DESC,REQT_VALIDITY,REQT_LEVEL,REQT_FOLLOW_UP_NUM) VALUES ('AHO1','AWAIT HEAD OFFICE', to_number('1'),'P', to_number('1'));
INSERT INTO REQUIREMENTS (REQT_CODE,REQT_DESC,REQT_VALIDITY,REQT_LEVEL,REQT_FOLLOW_UP_NUM) VALUES ('AIR','AWAITING INSPECTION REPORT', to_number('12'),'C', to_number('1'));
INSERT INTO REQUIREMENTS (REQT_CODE,REQT_DESC,REQT_VALIDITY,REQT_LEVEL,REQT_FOLLOW_UP_NUM) VALUES ('ALCR','ALIEN CERTIFICATE REGISTRATION', to_number('99'),'C', to_number('1'));
INSERT INTO REQUIREMENTS (REQT_CODE,REQT_DESC,REQT_VALIDITY,REQT_LEVEL,REQT_FOLLOW_UP_NUM) VALUES ('ALQ','ALCOHOL QUESTIONNAIRE', to_number('12'),'C', to_number('1'));
INSERT INTO REQUIREMENTS (REQT_CODE,REQT_DESC,REQT_VALIDITY,REQT_LEVEL,REQT_FOLLOW_UP_NUM) VALUES ('AMLA','ANTI-MONEY LAUNDERING FORM', to_number('12'),'P', to_number('1'));
INSERT INTO REQUIREMENTS (REQT_CODE,REQT_DESC,REQT_VALIDITY,REQT_LEVEL,REQT_FOLLOW_UP_NUM) VALUES ('AMLA1','AMLA FORM W/ VALID ID/S', to_number('12'),'P', to_number('1'));
INSERT INTO REQUIREMENTS (REQT_CODE,REQT_DESC,REQT_VALIDITY,REQT_LEVEL,REQT_FOLLOW_UP_NUM) VALUES ('AOAU','ALTERATION OF APPLICATION', to_number('12'),'P', to_number('1'));
INSERT INTO REQUIREMENTS (REQT_CODE,REQT_DESC,REQT_VALIDITY,REQT_LEVEL,REQT_FOLLOW_UP_NUM) VALUES ('AOO','ACCEPTANCE OF OFFER', to_number('12'),'P', to_number('1'));
INSERT INTO REQUIREMENTS (REQT_CODE,REQT_DESC,REQT_VALIDITY,REQT_LEVEL,REQT_FOLLOW_UP_NUM) VALUES ('APP','ADVANCE PREMIUM PAYMENT', to_number('12'),'P', to_number('1'));
INSERT INTO REQUIREMENTS (REQT_CODE,REQT_DESC,REQT_VALIDITY,REQT_LEVEL,REQT_FOLLOW_UP_NUM) VALUES ('APR','AWAITING PAYOR''S REQUIREMENT', to_number('12'),'C', to_number('1'));
INSERT INTO REQUIREMENTS (REQT_CODE,REQT_DESC,REQT_VALIDITY,REQT_LEVEL,REQT_FOLLOW_UP_NUM) VALUES ('APS','ATTDG PHYSICIAN''S STATEMENT', to_number('3'),'C', to_number('1'));
INSERT INTO REQUIREMENTS (REQT_CODE,REQT_DESC,REQT_VALIDITY,REQT_LEVEL,REQT_FOLLOW_UP_NUM) VALUES ('APS1','APS - WE WILL OBTAIN...', to_number('3'),'C', to_number('1'));
INSERT INTO REQUIREMENTS (REQT_CODE,REQT_DESC,REQT_VALIDITY,REQT_LEVEL,REQT_FOLLOW_UP_NUM) VALUES ('APS2','APS - PLEASE OBTAIN...', to_number('3'),'C', to_number('1'));
INSERT INTO REQUIREMENTS (REQT_CODE,REQT_DESC,REQT_VALIDITY,REQT_LEVEL,REQT_FOLLOW_UP_NUM) VALUES ('AREIN','AWAITING REINSURER''S ADVISE', to_number('12'),'P', to_number('1'));
INSERT INTO REQUIREMENTS (REQT_CODE,REQT_DESC,REQT_VALIDITY,REQT_LEVEL,REQT_FOLLOW_UP_NUM) VALUES ('ARQ','AUTO RACING QUESTIONNAIRE', to_number('12'),'C', to_number('1'));
INSERT INTO REQUIREMENTS (REQT_CODE,REQT_DESC,REQT_VALIDITY,REQT_LEVEL,REQT_FOLLOW_UP_NUM) VALUES ('ARTQ','ARTHRITIS QUESTIONNAIRE', to_number('12'),'C', to_number('1'));
INSERT INTO REQUIREMENTS (REQT_CODE,REQT_DESC,REQT_VALIDITY,REQT_LEVEL,REQT_FOLLOW_UP_NUM) VALUES ('AUL1','AUTHORIZATION LETTER', to_number('12'),'P', to_number('1'));
INSERT INTO REQUIREMENTS (REQT_CODE,REQT_DESC,REQT_VALIDITY,REQT_LEVEL,REQT_FOLLOW_UP_NUM) VALUES ('AUR','AWAIT AGE/AMT URINE RESULTS', to_number('3'),'C', to_number('1'));
INSERT INTO REQUIREMENTS (REQT_CODE,REQT_DESC,REQT_VALIDITY,REQT_LEVEL,REQT_FOLLOW_UP_NUM) VALUES ('AUTH','MEDICAL AUTHORIZATION', to_number('1'),'C', to_number('1'));
INSERT INTO REQUIREMENTS (REQT_CODE,REQT_DESC,REQT_VALIDITY,REQT_LEVEL,REQT_FOLLOW_UP_NUM) VALUES ('AVQ','AVIATION QUESTIONNAIRE', to_number('12'),'C', to_number('1'));
INSERT INTO REQUIREMENTS (REQT_CODE,REQT_DESC,REQT_VALIDITY,REQT_LEVEL,REQT_FOLLOW_UP_NUM) VALUES ('A11','AOA - SEC 1.1', to_number('12'),'C', to_number('1'));
INSERT INTO REQUIREMENTS (REQT_CODE,REQT_DESC,REQT_VALIDITY,REQT_LEVEL,REQT_FOLLOW_UP_NUM) VALUES ('A12','AOA - SECTION 1.2', to_number('12'),'C', to_number('1'));
INSERT INTO REQUIREMENTS (REQT_CODE,REQT_DESC,REQT_VALIDITY,REQT_LEVEL,REQT_FOLLOW_UP_NUM) VALUES ('A14','AOA -SECTION 1.4 MAILING ADD', to_number('12'),'C', to_number('1'));
INSERT INTO REQUIREMENTS (REQT_CODE,REQT_DESC,REQT_VALIDITY,REQT_LEVEL,REQT_FOLLOW_UP_NUM) VALUES ('A15','AOA - SEC 1.5', to_number('12'),'C', to_number('1'));
INSERT INTO REQUIREMENTS (REQT_CODE,REQT_DESC,REQT_VALIDITY,REQT_LEVEL,REQT_FOLLOW_UP_NUM) VALUES ('A21','AOA SECTION 2.1', to_number('12'),'P', to_number('1'));
INSERT INTO REQUIREMENTS (REQT_CODE,REQT_DESC,REQT_VALIDITY,REQT_LEVEL,REQT_FOLLOW_UP_NUM) VALUES ('A23','AOA - SEC 2.3', to_number('12'),'C', to_number('1'));
INSERT INTO REQUIREMENTS (REQT_CODE,REQT_DESC,REQT_VALIDITY,REQT_LEVEL,REQT_FOLLOW_UP_NUM) VALUES ('A30','AOA - SEC 3.0 TLIC', to_number('12'),'C', to_number('1'));
INSERT INTO REQUIREMENTS (REQT_CODE,REQT_DESC,REQT_VALIDITY,REQT_LEVEL,REQT_FOLLOW_UP_NUM) VALUES ('A41','AOA - SECTION 4.1', to_number('12'),'C', to_number('1'));
INSERT INTO REQUIREMENTS (REQT_CODE,REQT_DESC,REQT_VALIDITY,REQT_LEVEL,REQT_FOLLOW_UP_NUM) VALUES ('A42','AOA - SECTION 4.2', to_number('12'),'C', to_number('1'));
INSERT INTO REQUIREMENTS (REQT_CODE,REQT_DESC,REQT_VALIDITY,REQT_LEVEL,REQT_FOLLOW_UP_NUM) VALUES ('A42A','AOA - SECTION 4.2 ITEM A', to_number('12'),'C', to_number('1'));
INSERT INTO REQUIREMENTS (REQT_CODE,REQT_DESC,REQT_VALIDITY,REQT_LEVEL,REQT_FOLLOW_UP_NUM) VALUES ('A42B','AOA - SECTION 4.2 ITEM B', to_number('12'),'C', to_number('1'));
INSERT INTO REQUIREMENTS (REQT_CODE,REQT_DESC,REQT_VALIDITY,REQT_LEVEL,REQT_FOLLOW_UP_NUM) VALUES ('A42C','AOA - SEC 4.2 ITEM C', to_number('12'),'C', to_number('1'));
INSERT INTO REQUIREMENTS (REQT_CODE,REQT_DESC,REQT_VALIDITY,REQT_LEVEL,REQT_FOLLOW_UP_NUM) VALUES ('A42D','AOA - SECTION 4.2 ITEM D', to_number('12'),'C', to_number('1'));
INSERT INTO REQUIREMENTS (REQT_CODE,REQT_DESC,REQT_VALIDITY,REQT_LEVEL,REQT_FOLLOW_UP_NUM) VALUES ('A42E','AOA - SECTION 4.2 ITEM E', to_number('12'),'C', to_number('1'));
INSERT INTO REQUIREMENTS (REQT_CODE,REQT_DESC,REQT_VALIDITY,REQT_LEVEL,REQT_FOLLOW_UP_NUM) VALUES ('A42F','AOA - SECTION 4.2 ITEM F', to_number('12'),'C', to_number('1'));
INSERT INTO REQUIREMENTS (REQT_CODE,REQT_DESC,REQT_VALIDITY,REQT_LEVEL,REQT_FOLLOW_UP_NUM) VALUES ('A42G','AOA - SECTION 4.2 ITEM G', to_number('12'),'C', to_number('1'));
INSERT INTO REQUIREMENTS (REQT_CODE,REQT_DESC,REQT_VALIDITY,REQT_LEVEL,REQT_FOLLOW_UP_NUM) VALUES ('A42H','AOA - SECTION 4.2 ITEM H', to_number('12'),'C', to_number('1'));
INSERT INTO REQUIREMENTS (REQT_CODE,REQT_DESC,REQT_VALIDITY,REQT_LEVEL,REQT_FOLLOW_UP_NUM) VALUES ('A42I','AOA - SECTION 4.2 ITEM I', to_number('12'),'C', to_number('1'));
INSERT INTO REQUIREMENTS (REQT_CODE,REQT_DESC,REQT_VALIDITY,REQT_LEVEL,REQT_FOLLOW_UP_NUM) VALUES ('A42J','AOA - SECTION 4.2 ITEM J', to_number('12'),'C', to_number('1'));
INSERT INTO REQUIREMENTS (REQT_CODE,REQT_DESC,REQT_VALIDITY,REQT_LEVEL,REQT_FOLLOW_UP_NUM) VALUES ('A42K','AOA - SECTION 4.2 ITEM K', to_number('12'),'C', to_number('1'));
INSERT INTO REQUIREMENTS (REQT_CODE,REQT_DESC,REQT_VALIDITY,REQT_LEVEL,REQT_FOLLOW_UP_NUM) VALUES ('A42L','AOA - SECTION 4.2 ITEM L', to_number('12'),'C', to_number('1'));
INSERT INTO REQUIREMENTS (REQT_CODE,REQT_DESC,REQT_VALIDITY,REQT_LEVEL,REQT_FOLLOW_UP_NUM) VALUES ('A42M','AOA - SECTION 4.2 ITEM M', to_number('12'),'C', to_number('1'));
INSERT INTO REQUIREMENTS (REQT_CODE,REQT_DESC,REQT_VALIDITY,REQT_LEVEL,REQT_FOLLOW_UP_NUM) VALUES ('A42N','AOA - SECTION 4.2 ITEM N', to_number('12'),'C', to_number('1'));
INSERT INTO REQUIREMENTS (REQT_CODE,REQT_DESC,REQT_VALIDITY,REQT_LEVEL,REQT_FOLLOW_UP_NUM) VALUES ('A42O','AOA - SECTION 4.2 ITEM O', to_number('12'),'C', to_number('1'));
INSERT INTO REQUIREMENTS (REQT_CODE,REQT_DESC,REQT_VALIDITY,REQT_LEVEL,REQT_FOLLOW_UP_NUM) VALUES ('A42P','AOA - SECTION 4.2 ITEM P', to_number('12'),'C', to_number('1'));
INSERT INTO REQUIREMENTS (REQT_CODE,REQT_DESC,REQT_VALIDITY,REQT_LEVEL,REQT_FOLLOW_UP_NUM) VALUES ('A42Q','AOA - SECTION 4.2 ITEM Q', to_number('12'),'C', to_number('1'));
INSERT INTO REQUIREMENTS (REQT_CODE,REQT_DESC,REQT_VALIDITY,REQT_LEVEL,REQT_FOLLOW_UP_NUM) VALUES ('A42R','AOA - SECTION 4.2 ITEM R', to_number('12'),'C', to_number('1'));
INSERT INTO REQUIREMENTS (REQT_CODE,REQT_DESC,REQT_VALIDITY,REQT_LEVEL,REQT_FOLLOW_UP_NUM) VALUES ('A42S','AOA - SECTION 4.2 ITEM S', to_number('12'),'C', to_number('1'));
INSERT INTO REQUIREMENTS (REQT_CODE,REQT_DESC,REQT_VALIDITY,REQT_LEVEL,REQT_FOLLOW_UP_NUM) VALUES ('A42T','AOA - SECTION 4.2 ITEM T', to_number('12'),'C', to_number('1'));
INSERT INTO REQUIREMENTS (REQT_CODE,REQT_DESC,REQT_VALIDITY,REQT_LEVEL,REQT_FOLLOW_UP_NUM) VALUES ('A42U','AOA - SECTION 4.2 ITEM U', to_number('12'),'C', to_number('1'));
INSERT INTO REQUIREMENTS (REQT_CODE,REQT_DESC,REQT_VALIDITY,REQT_LEVEL,REQT_FOLLOW_UP_NUM) VALUES ('A60','AOA  - SECTION 6 SIGNATURES', to_number('12'),'C', to_number('1'));
INSERT INTO REQUIREMENTS (REQT_CODE,REQT_DESC,REQT_VALIDITY,REQT_LEVEL,REQT_FOLLOW_UP_NUM) VALUES ('BBDT','BALANCE OF BLOOD TEST', to_number('6'),'C', to_number('1'));
INSERT INTO REQUIREMENTS (REQT_CODE,REQT_DESC,REQT_VALIDITY,REQT_LEVEL,REQT_FOLLOW_UP_NUM) VALUES ('BDR','BORROW FROM DOCTOR', to_number('6'),'C', to_number('1'));
INSERT INTO REQUIREMENTS (REQT_CODE,REQT_DESC,REQT_VALIDITY,REQT_LEVEL,REQT_FOLLOW_UP_NUM) VALUES ('BIOP','REQUIRE BIOPSY REPORT', to_number('6'),'C', to_number('1'));
INSERT INTO REQUIREMENTS (REQT_CODE,REQT_DESC,REQT_VALIDITY,REQT_LEVEL,REQT_FOLLOW_UP_NUM) VALUES ('BOPA','BANKERS ORDER', to_number('12'),'C', to_number('1'));
INSERT INTO REQUIREMENTS (REQT_CODE,REQT_DESC,REQT_VALIDITY,REQT_LEVEL,REQT_FOLLOW_UP_NUM) VALUES ('BORRO','BORROW RECORD', to_number('1'),'C', to_number('1'));
INSERT INTO REQUIREMENTS (REQT_CODE,REQT_DESC,REQT_VALIDITY,REQT_LEVEL,REQT_FOLLOW_UP_NUM) VALUES ('BP1','1 AFTERNOON BLOOD PRESSURE', to_number('3'),'C', to_number('1'));
INSERT INTO REQUIREMENTS (REQT_CODE,REQT_DESC,REQT_VALIDITY,REQT_LEVEL,REQT_FOLLOW_UP_NUM) VALUES ('BR','BOARD RESOLUTION', to_number('12'),'C', to_number('1'));
INSERT INTO REQUIREMENTS (REQT_CODE,REQT_DESC,REQT_VALIDITY,REQT_LEVEL,REQT_FOLLOW_UP_NUM) VALUES ('CANC','CANCELLED CHEQUE', to_number('12'),'C', to_number('1'));
INSERT INTO REQUIREMENTS (REQT_CODE,REQT_DESC,REQT_VALIDITY,REQT_LEVEL,REQT_FOLLOW_UP_NUM) VALUES ('CAR1','AOA-AGENT''S REPRT-INSURABILITY', to_number('12'),'C', to_number('1'));
INSERT INTO REQUIREMENTS (REQT_CODE,REQT_DESC,REQT_VALIDITY,REQT_LEVEL,REQT_FOLLOW_UP_NUM) VALUES ('CBC','COMPLETE BLOOD COUNT', to_number('6'),'C', to_number('1'));
INSERT INTO REQUIREMENTS (REQT_CODE,REQT_DESC,REQT_VALIDITY,REQT_LEVEL,REQT_FOLLOW_UP_NUM) VALUES ('COE','CERTIFICATE OF EMPLOYMENT', to_number('12'),'C', to_number('1'));
INSERT INTO REQUIREMENTS (REQT_CODE,REQT_DESC,REQT_VALIDITY,REQT_LEVEL,REQT_FOLLOW_UP_NUM) VALUES ('COEI','CERTIFICATE EMPLOYMENT/INCOME', to_number('12'),'C', to_number('1'));
INSERT INTO REQUIREMENTS (REQT_CODE,REQT_DESC,REQT_VALIDITY,REQT_LEVEL,REQT_FOLLOW_UP_NUM) VALUES ('COI','CERTIFICATE OF INCOME', to_number('12'),'C', to_number('1'));
INSERT INTO REQUIREMENTS (REQT_CODE,REQT_DESC,REQT_VALIDITY,REQT_LEVEL,REQT_FOLLOW_UP_NUM) VALUES ('COTN','COTININE TEST', to_number('3'),'C', to_number('1'));
INSERT INTO REQUIREMENTS (REQT_CODE,REQT_DESC,REQT_VALIDITY,REQT_LEVEL,REQT_FOLLOW_UP_NUM) VALUES ('COVE','EXPLAIN SALE IN LETTER', to_number('12'),'C', to_number('1'));
INSERT INTO REQUIREMENTS (REQT_CODE,REQT_DESC,REQT_VALIDITY,REQT_LEVEL,REQT_FOLLOW_UP_NUM) VALUES ('CPQ','CHEST PAIN QUESTIONNAIRE', to_number('12'),'C', to_number('1'));
INSERT INTO REQUIREMENTS (REQT_CODE,REQT_DESC,REQT_VALIDITY,REQT_LEVEL,REQT_FOLLOW_UP_NUM) VALUES ('CRDCL','CREDITOR''S CLAUSE', to_number('12'),'C', to_number('1'));
INSERT INTO REQUIREMENTS (REQT_CODE,REQT_DESC,REQT_VALIDITY,REQT_LEVEL,REQT_FOLLOW_UP_NUM) VALUES ('CTR','COPY OF TRUST AGREEMENT', to_number('12'),'C', to_number('1'));
INSERT INTO REQUIREMENTS (REQT_CODE,REQT_DESC,REQT_VALIDITY,REQT_LEVEL,REQT_FOLLOW_UP_NUM) VALUES ('CWA','CASH WITH APPLICATION', to_number('1'),'P', to_number('1'));
INSERT INTO REQUIREMENTS (REQT_CODE,REQT_DESC,REQT_VALIDITY,REQT_LEVEL,REQT_FOLLOW_UP_NUM) VALUES ('CYSQ','GROWTH,CYSTS,LUMPS,TUMORS QUES', to_number('12'),'C', to_number('1'));
INSERT INTO REQUIREMENTS (REQT_CODE,REQT_DESC,REQT_VALIDITY,REQT_LEVEL,REQT_FOLLOW_UP_NUM) VALUES ('C11','AOA - SEC 1 RESIDE OUTSIDE PH', to_number('12'),'C', to_number('1'));
INSERT INTO REQUIREMENTS (REQT_CODE,REQT_DESC,REQT_VALIDITY,REQT_LEVEL,REQT_FOLLOW_UP_NUM) VALUES ('C12A','AOA - SEC 1.2', to_number('12'),'C', to_number('1'));
INSERT INTO REQUIREMENTS (REQT_CODE,REQT_DESC,REQT_VALIDITY,REQT_LEVEL,REQT_FOLLOW_UP_NUM) VALUES ('C23','AOA - APP SIGN DATE', to_number('12'),'C', to_number('1'));
INSERT INTO REQUIREMENTS (REQT_CODE,REQT_DESC,REQT_VALIDITY,REQT_LEVEL,REQT_FOLLOW_UP_NUM) VALUES ('C30','AOA - SECTION 3 TLIC', to_number('12'),'C', to_number('1'));
INSERT INTO REQUIREMENTS (REQT_CODE,REQT_DESC,REQT_VALIDITY,REQT_LEVEL,REQT_FOLLOW_UP_NUM) VALUES ('C41','AOA - SECTION 4.1', to_number('12'),'C', to_number('1'));
INSERT INTO REQUIREMENTS (REQT_CODE,REQT_DESC,REQT_VALIDITY,REQT_LEVEL,REQT_FOLLOW_UP_NUM) VALUES ('C42','AOA - SECTION 4.2', to_number('12'),'C', to_number('1'));
INSERT INTO REQUIREMENTS (REQT_CODE,REQT_DESC,REQT_VALIDITY,REQT_LEVEL,REQT_FOLLOW_UP_NUM) VALUES ('C42A','AOA - SECTION 4.2 ITEM A', to_number('12'),'C', to_number('1'));
INSERT INTO REQUIREMENTS (REQT_CODE,REQT_DESC,REQT_VALIDITY,REQT_LEVEL,REQT_FOLLOW_UP_NUM) VALUES ('C42B','AOA - SECTION 4.2 ITEM B', to_number('12'),'C', to_number('1'));
INSERT INTO REQUIREMENTS (REQT_CODE,REQT_DESC,REQT_VALIDITY,REQT_LEVEL,REQT_FOLLOW_UP_NUM) VALUES ('C42C','AOA - SECTION 4.2 ITEM C', to_number('12'),'C', to_number('1'));
INSERT INTO REQUIREMENTS (REQT_CODE,REQT_DESC,REQT_VALIDITY,REQT_LEVEL,REQT_FOLLOW_UP_NUM) VALUES ('C42D','AOA - SECTION 4.2 ITEM D', to_number('12'),'C', to_number('1'));
INSERT INTO REQUIREMENTS (REQT_CODE,REQT_DESC,REQT_VALIDITY,REQT_LEVEL,REQT_FOLLOW_UP_NUM) VALUES ('C42E','AOA - SECTION 4.2 ITEM E', to_number('12'),'C', to_number('1'));
INSERT INTO REQUIREMENTS (REQT_CODE,REQT_DESC,REQT_VALIDITY,REQT_LEVEL,REQT_FOLLOW_UP_NUM) VALUES ('C42F','AOA - SECTION 4.2 ITEM F', to_number('12'),'C', to_number('1'));
INSERT INTO REQUIREMENTS (REQT_CODE,REQT_DESC,REQT_VALIDITY,REQT_LEVEL,REQT_FOLLOW_UP_NUM) VALUES ('C42G','AOA - SECTION 4.2 ITEM G', to_number('12'),'C', to_number('1'));
INSERT INTO REQUIREMENTS (REQT_CODE,REQT_DESC,REQT_VALIDITY,REQT_LEVEL,REQT_FOLLOW_UP_NUM) VALUES ('C42H','AOA - SECTION 4.2 ITEM H', to_number('12'),'C', to_number('1'));
INSERT INTO REQUIREMENTS (REQT_CODE,REQT_DESC,REQT_VALIDITY,REQT_LEVEL,REQT_FOLLOW_UP_NUM) VALUES ('C42I','AOA - SECTION 4.2 ITEM I', to_number('12'),'C', to_number('1'));
INSERT INTO REQUIREMENTS (REQT_CODE,REQT_DESC,REQT_VALIDITY,REQT_LEVEL,REQT_FOLLOW_UP_NUM) VALUES ('C42J','AOA - SECTION 4.2 ITEM J', to_number('12'),'C', to_number('1'));
INSERT INTO REQUIREMENTS (REQT_CODE,REQT_DESC,REQT_VALIDITY,REQT_LEVEL,REQT_FOLLOW_UP_NUM) VALUES ('C42K','AOA - SECTION 4.2 ITEM K', to_number('12'),'C', to_number('1'));
INSERT INTO REQUIREMENTS (REQT_CODE,REQT_DESC,REQT_VALIDITY,REQT_LEVEL,REQT_FOLLOW_UP_NUM) VALUES ('C42L','AOA - SECTION 4.2 ITEM L', to_number('12'),'C', to_number('1'));
INSERT INTO REQUIREMENTS (REQT_CODE,REQT_DESC,REQT_VALIDITY,REQT_LEVEL,REQT_FOLLOW_UP_NUM) VALUES ('C42M','AOA - SECTION 4.2 ITEM M', to_number('12'),'C', to_number('1'));
INSERT INTO REQUIREMENTS (REQT_CODE,REQT_DESC,REQT_VALIDITY,REQT_LEVEL,REQT_FOLLOW_UP_NUM) VALUES ('C42N','AOA - SECTION 4.2 ITEM N', to_number('12'),'C', to_number('1'));
INSERT INTO REQUIREMENTS (REQT_CODE,REQT_DESC,REQT_VALIDITY,REQT_LEVEL,REQT_FOLLOW_UP_NUM) VALUES ('C42O','AOA - SECTION 4.2 ITEM O', to_number('12'),'C', to_number('1'));
INSERT INTO REQUIREMENTS (REQT_CODE,REQT_DESC,REQT_VALIDITY,REQT_LEVEL,REQT_FOLLOW_UP_NUM) VALUES ('C42P','AOA - SECTION 4.2 ITEM P', to_number('12'),'C', to_number('1'));
INSERT INTO REQUIREMENTS (REQT_CODE,REQT_DESC,REQT_VALIDITY,REQT_LEVEL,REQT_FOLLOW_UP_NUM) VALUES ('C42Q','AOA - SECTION 4.2 ITEM Q', to_number('12'),'C', to_number('1'));
INSERT INTO REQUIREMENTS (REQT_CODE,REQT_DESC,REQT_VALIDITY,REQT_LEVEL,REQT_FOLLOW_UP_NUM) VALUES ('C42R','AOA - SECTION 4.2 ITEM R', to_number('12'),'C', to_number('1'));
INSERT INTO REQUIREMENTS (REQT_CODE,REQT_DESC,REQT_VALIDITY,REQT_LEVEL,REQT_FOLLOW_UP_NUM) VALUES ('C42S','AOA - SECTION 4.2 ITEM S', to_number('12'),'C', to_number('1'));
INSERT INTO REQUIREMENTS (REQT_CODE,REQT_DESC,REQT_VALIDITY,REQT_LEVEL,REQT_FOLLOW_UP_NUM) VALUES ('C42T','AOA - SECTION 4.2 ITEM T', to_number('12'),'C', to_number('1'));
INSERT INTO REQUIREMENTS (REQT_CODE,REQT_DESC,REQT_VALIDITY,REQT_LEVEL,REQT_FOLLOW_UP_NUM) VALUES ('C42U','AOA - SECTION 4.2 ITEM U', to_number('12'),'C', to_number('1'));
INSERT INTO REQUIREMENTS (REQT_CODE,REQT_DESC,REQT_VALIDITY,REQT_LEVEL,REQT_FOLLOW_UP_NUM) VALUES ('C50','AOA - SECTION 5.0', to_number('12'),'C', to_number('1'));
INSERT INTO REQUIREMENTS (REQT_CODE,REQT_DESC,REQT_VALIDITY,REQT_LEVEL,REQT_FOLLOW_UP_NUM) VALUES ('C50A','AOA - SECTION 5.0 ITEM A', to_number('12'),'C', to_number('1'));
INSERT INTO REQUIREMENTS (REQT_CODE,REQT_DESC,REQT_VALIDITY,REQT_LEVEL,REQT_FOLLOW_UP_NUM) VALUES ('C50B','AOA - SECTION 5.0 ITEM B', to_number('12'),'C', to_number('1'));
INSERT INTO REQUIREMENTS (REQT_CODE,REQT_DESC,REQT_VALIDITY,REQT_LEVEL,REQT_FOLLOW_UP_NUM) VALUES ('C50C','AOA - SECTION 5.0 ITEM C', to_number('12'),'C', to_number('1'));
INSERT INTO REQUIREMENTS (REQT_CODE,REQT_DESC,REQT_VALIDITY,REQT_LEVEL,REQT_FOLLOW_UP_NUM) VALUES ('C50D','AOA - SECTION 5.2 ITEM D', to_number('12'),'C', to_number('1'));
INSERT INTO REQUIREMENTS (REQT_CODE,REQT_DESC,REQT_VALIDITY,REQT_LEVEL,REQT_FOLLOW_UP_NUM) VALUES ('C50E','AOA - SECTION 5.0 ITEM E', to_number('12'),'C', to_number('1'));
INSERT INTO REQUIREMENTS (REQT_CODE,REQT_DESC,REQT_VALIDITY,REQT_LEVEL,REQT_FOLLOW_UP_NUM) VALUES ('C50F','AOA - SECTION 5.0 ITEM F', to_number('12'),'C', to_number('1'));
INSERT INTO REQUIREMENTS (REQT_CODE,REQT_DESC,REQT_VALIDITY,REQT_LEVEL,REQT_FOLLOW_UP_NUM) VALUES ('C50G','AOA - SECTION 5.0 ITEM G', to_number('12'),'C', to_number('1'));
INSERT INTO REQUIREMENTS (REQT_CODE,REQT_DESC,REQT_VALIDITY,REQT_LEVEL,REQT_FOLLOW_UP_NUM) VALUES ('C50H','AOA - SECTION 4.2 ITEM H', to_number('12'),'C', to_number('1'));
INSERT INTO REQUIREMENTS (REQT_CODE,REQT_DESC,REQT_VALIDITY,REQT_LEVEL,REQT_FOLLOW_UP_NUM) VALUES ('C50I','AOA - SECTION 5.0 ITEM I', to_number('12'),'C', to_number('1'));
INSERT INTO REQUIREMENTS (REQT_CODE,REQT_DESC,REQT_VALIDITY,REQT_LEVEL,REQT_FOLLOW_UP_NUM) VALUES ('C50J','AOA - SECTION 5.0 ITEM J', to_number('12'),'C', to_number('1'));
INSERT INTO REQUIREMENTS (REQT_CODE,REQT_DESC,REQT_VALIDITY,REQT_LEVEL,REQT_FOLLOW_UP_NUM) VALUES ('C50K','AOA - SECTION 5.0 ITEM K', to_number('12'),'C', to_number('1'));
INSERT INTO REQUIREMENTS (REQT_CODE,REQT_DESC,REQT_VALIDITY,REQT_LEVEL,REQT_FOLLOW_UP_NUM) VALUES ('C50L','AOA - SECTION 5.0 ITEM L', to_number('12'),'C', to_number('1'));
INSERT INTO REQUIREMENTS (REQT_CODE,REQT_DESC,REQT_VALIDITY,REQT_LEVEL,REQT_FOLLOW_UP_NUM) VALUES ('C50M','AOA - SECTION 5.0 ITEM M', to_number('12'),'C', to_number('1'));
INSERT INTO REQUIREMENTS (REQT_CODE,REQT_DESC,REQT_VALIDITY,REQT_LEVEL,REQT_FOLLOW_UP_NUM) VALUES ('C50N','AOA - SECTION 5.0 ITEM N', to_number('12'),'C', to_number('1'));
INSERT INTO REQUIREMENTS (REQT_CODE,REQT_DESC,REQT_VALIDITY,REQT_LEVEL,REQT_FOLLOW_UP_NUM) VALUES ('C50O','AOA - SECTION 5.0 ITEM O', to_number('12'),'C', to_number('1'));
INSERT INTO REQUIREMENTS (REQT_CODE,REQT_DESC,REQT_VALIDITY,REQT_LEVEL,REQT_FOLLOW_UP_NUM) VALUES ('DBQ','DIABETES QUESTIONNAIRE', to_number('12'),'C', to_number('1'));
INSERT INTO REQUIREMENTS (REQT_CODE,REQT_DESC,REQT_VALIDITY,REQT_LEVEL,REQT_FOLLOW_UP_NUM) VALUES ('DDA1','DIRECT DEBIT AUTHORIZATION', to_number('1'),'P', to_number('1'));
INSERT INTO REQUIREMENTS (REQT_CODE,REQT_DESC,REQT_VALIDITY,REQT_LEVEL,REQT_FOLLOW_UP_NUM) VALUES ('DECL1','DECLARATION RE: SIGNATURE', to_number('12'),'P', to_number('1'));
INSERT INTO REQUIREMENTS (REQT_CODE,REQT_DESC,REQT_VALIDITY,REQT_LEVEL,REQT_FOLLOW_UP_NUM) VALUES ('DGQ','DIGESTIVE QUESTIONNAIRE', to_number('12'),'C', to_number('1'));
INSERT INTO REQUIREMENTS (REQT_CODE,REQT_DESC,REQT_VALIDITY,REQT_LEVEL,REQT_FOLLOW_UP_NUM) VALUES ('DRQ','DRUG USAGE QUESTIONNAIRE', to_number('12'),'C', to_number('1'));
INSERT INTO REQUIREMENTS (REQT_CODE,REQT_DESC,REQT_VALIDITY,REQT_LEVEL,REQT_FOLLOW_UP_NUM) VALUES ('DS1','DATE OF SIGNING', to_number('3'),'P', to_number('1'));
INSERT INTO REQUIREMENTS (REQT_CODE,REQT_DESC,REQT_VALIDITY,REQT_LEVEL,REQT_FOLLOW_UP_NUM) VALUES ('DUED1','SUBMIT AOA RE: DUE DATE', to_number('3'),'P', to_number('1'));
INSERT INTO REQUIREMENTS (REQT_CODE,REQT_DESC,REQT_VALIDITY,REQT_LEVEL,REQT_FOLLOW_UP_NUM) VALUES ('DVQ','DIVING QUESTIONNAIRE', to_number('12'),'C', to_number('1'));
INSERT INTO REQUIREMENTS (REQT_CODE,REQT_DESC,REQT_VALIDITY,REQT_LEVEL,REQT_FOLLOW_UP_NUM) VALUES ('ECG','12 LEAD RESTING EKG', to_number('12'),'C', to_number('1'));
INSERT INTO REQUIREMENTS (REQT_CODE,REQT_DESC,REQT_VALIDITY,REQT_LEVEL,REQT_FOLLOW_UP_NUM) VALUES ('ECGTR','SUBMIT ECG TRACINGS', to_number('12'),'C', to_number('1'));
INSERT INTO REQUIREMENTS (REQT_CODE,REQT_DESC,REQT_VALIDITY,REQT_LEVEL,REQT_FOLLOW_UP_NUM) VALUES ('ECHO','ECHOCARDIOGRAM', to_number('6'),'C', to_number('1'));
INSERT INTO REQUIREMENTS (REQT_CODE,REQT_DESC,REQT_VALIDITY,REQT_LEVEL,REQT_FOLLOW_UP_NUM) VALUES ('EOA','EVIDENCE OF AGE', to_number('12'),'C', to_number('1'));
INSERT INTO REQUIREMENTS (REQT_CODE,REQT_DESC,REQT_VALIDITY,REQT_LEVEL,REQT_FOLLOW_UP_NUM) VALUES ('EXCL','EXCLUSION CLAUSE', to_number('12'),'C', to_number('1'));
INSERT INTO REQUIREMENTS (REQT_CODE,REQT_DESC,REQT_VALIDITY,REQT_LEVEL,REQT_FOLLOW_UP_NUM) VALUES ('EXMA','EXAM ON ASSURED', to_number('3'),'C', to_number('1'));
INSERT INTO REQUIREMENTS (REQT_CODE,REQT_DESC,REQT_VALIDITY,REQT_LEVEL,REQT_FOLLOW_UP_NUM) VALUES ('EXMO','EXAM ON OWNER', to_number('3'),'C', to_number('1'));
INSERT INTO REQUIREMENTS (REQT_CODE,REQT_DESC,REQT_VALIDITY,REQT_LEVEL,REQT_FOLLOW_UP_NUM) VALUES ('EXRQ','MEDICAL EXAMINER''S REPORT QUES', to_number('3'),'C', to_number('1'));
INSERT INTO REQUIREMENTS (REQT_CODE,REQT_DESC,REQT_VALIDITY,REQT_LEVEL,REQT_FOLLOW_UP_NUM) VALUES ('EXT1','EXTENSION GRANTED', to_number('1'),'C', to_number('3'));
INSERT INTO REQUIREMENTS (REQT_CODE,REQT_DESC,REQT_VALIDITY,REQT_LEVEL,REQT_FOLLOW_UP_NUM) VALUES ('FMBQ','FEMALE/MATERNITY BENEFIT QUEST', to_number('12'),'C', to_number('1'));
INSERT INTO REQUIREMENTS (REQT_CODE,REQT_DESC,REQT_VALIDITY,REQT_LEVEL,REQT_FOLLOW_UP_NUM) VALUES ('FQ','FINANCIAL QUESTIONNAIRE', to_number('12'),'C', to_number('1'));
INSERT INTO REQUIREMENTS (REQT_CODE,REQT_DESC,REQT_VALIDITY,REQT_LEVEL,REQT_FOLLOW_UP_NUM) VALUES ('GYNQ','GYNECOLOGICAL COMPLAINTS QUEST', to_number('12'),'C', to_number('1'));
INSERT INTO REQUIREMENTS (REQT_CODE,REQT_DESC,REQT_VALIDITY,REQT_LEVEL,REQT_FOLLOW_UP_NUM) VALUES ('HBAIC','GLYCOSYLATED HEMOGLOBIN', to_number('6'),'C', to_number('1'));
INSERT INTO REQUIREMENTS (REQT_CODE,REQT_DESC,REQT_VALIDITY,REQT_LEVEL,REQT_FOLLOW_UP_NUM) VALUES ('HBSAG','BLOOD TESTS FOR HBSAG', to_number('12'),'C', to_number('1'));
INSERT INTO REQUIREMENTS (REQT_CODE,REQT_DESC,REQT_VALIDITY,REQT_LEVEL,REQT_FOLLOW_UP_NUM) VALUES ('HCH','HEART CHART BY MD', to_number('6'),'C', to_number('1'));
INSERT INTO REQUIREMENTS (REQT_CODE,REQT_DESC,REQT_VALIDITY,REQT_LEVEL,REQT_FOLLOW_UP_NUM) VALUES ('HEPA','BLOOD TEST FOR HBSAG AND HBEAG', to_number('6'),'C', to_number('1'));
INSERT INTO REQUIREMENTS (REQT_CODE,REQT_DESC,REQT_VALIDITY,REQT_LEVEL,REQT_FOLLOW_UP_NUM) VALUES ('HEPB','HBSAG,HBEAG,SGOT,SGPT,GGT,AFP', to_number('6'),'C', to_number('1'));
INSERT INTO REQUIREMENTS (REQT_CODE,REQT_DESC,REQT_VALIDITY,REQT_LEVEL,REQT_FOLLOW_UP_NUM) VALUES ('HIV','BLOOD TEST FOR HIV', to_number('6'),'C', to_number('1'));
INSERT INTO REQUIREMENTS (REQT_CODE,REQT_DESC,REQT_VALIDITY,REQT_LEVEL,REQT_FOLLOW_UP_NUM) VALUES ('ID','IDENTIFICATION (HK)', to_number('12'),'C', to_number('1'));
INSERT INTO REQUIREMENTS (REQT_CODE,REQT_DESC,REQT_VALIDITY,REQT_LEVEL,REQT_FOLLOW_UP_NUM) VALUES ('IDC','VALID ID/S', to_number('12'),'P', to_number('1'));
INSERT INTO REQUIREMENTS (REQT_CODE,REQT_DESC,REQT_VALIDITY,REQT_LEVEL,REQT_FOLLOW_UP_NUM) VALUES ('ID1','IDENTIFICATION (HK)', to_number('12'),'P', to_number('1'));
INSERT INTO REQUIREMENTS (REQT_CODE,REQT_DESC,REQT_VALIDITY,REQT_LEVEL,REQT_FOLLOW_UP_NUM) VALUES ('INC','AMOUNT OF INCOME', to_number('12'),'C', to_number('1'));
INSERT INTO REQUIREMENTS (REQT_CODE,REQT_DESC,REQT_VALIDITY,REQT_LEVEL,REQT_FOLLOW_UP_NUM) VALUES ('INSR','OKEY FOR INSERTION', to_number('12'),'C', to_number('1'));
INSERT INTO REQUIREMENTS (REQT_CODE,REQT_DESC,REQT_VALIDITY,REQT_LEVEL,REQT_FOLLOW_UP_NUM) VALUES ('ITR','INCOME TAX RETURN', to_number('12'),'C', to_number('1'));
INSERT INTO REQUIREMENTS (REQT_CODE,REQT_DESC,REQT_VALIDITY,REQT_LEVEL,REQT_FOLLOW_UP_NUM) VALUES ('LCQ','LOSS OF CONSCIOUSNESS QUES', to_number('12'),'C', to_number('1'));
INSERT INTO REQUIREMENTS (REQT_CODE,REQT_DESC,REQT_VALIDITY,REQT_LEVEL,REQT_FOLLOW_UP_NUM) VALUES ('LFTS','BLD TEST FOR SGOT, SGPT \& GGT', to_number('12'),'C', to_number('1'));
INSERT INTO REQUIREMENTS (REQT_CODE,REQT_DESC,REQT_VALIDITY,REQT_LEVEL,REQT_FOLLOW_UP_NUM) VALUES ('LOA','LETTER AGREEMENT(EMPLOYER/YEE)', to_number('12'),'C', to_number('1'));
INSERT INTO REQUIREMENTS (REQT_CODE,REQT_DESC,REQT_VALIDITY,REQT_LEVEL,REQT_FOLLOW_UP_NUM) VALUES ('LOAN','LOAN AGREEMENT FORM', to_number('12'),'C', to_number('1'));
INSERT INTO REQUIREMENTS (REQT_CODE,REQT_DESC,REQT_VALIDITY,REQT_LEVEL,REQT_FOLLOW_UP_NUM) VALUES ('LOCI','LOCATION - ISSUE', to_number('12'),'P', to_number('3'));
INSERT INTO REQUIREMENTS (REQT_CODE,REQT_DESC,REQT_VALIDITY,REQT_LEVEL,REQT_FOLLOW_UP_NUM) VALUES ('LOCU','LOCATION - UNDERWRITING', to_number('12'),'C', to_number('3'));
INSERT INTO REQUIREMENTS (REQT_CODE,REQT_DESC,REQT_VALIDITY,REQT_LEVEL,REQT_FOLLOW_UP_NUM) VALUES ('MCQ','MOUNTAIN CLIMBING QUES', to_number('12'),'C', to_number('1'));
INSERT INTO REQUIREMENTS (REQT_CODE,REQT_DESC,REQT_VALIDITY,REQT_LEVEL,REQT_FOLLOW_UP_NUM) VALUES ('MEDC','MEDICAL CERTIFICATE', to_number('12'),'C', to_number('1'));
INSERT INTO REQUIREMENTS (REQT_CODE,REQT_DESC,REQT_VALIDITY,REQT_LEVEL,REQT_FOLLOW_UP_NUM) VALUES ('MEDEX','EXAM NOT YET RECEIVED', to_number('3'),'C', to_number('7'));
INSERT INTO REQUIREMENTS (REQT_CODE,REQT_DESC,REQT_VALIDITY,REQT_LEVEL,REQT_FOLLOW_UP_NUM) VALUES ('MIB','MEDICAL INFORMATION BUREAU', to_number('12'),'C', to_number('1'));
INSERT INTO REQUIREMENTS (REQT_CODE,REQT_DESC,REQT_VALIDITY,REQT_LEVEL,REQT_FOLLOW_UP_NUM) VALUES ('MICR','MICRO-ALBUMIN', to_number('3'),'C', to_number('1'));
INSERT INTO REQUIREMENTS (REQT_CODE,REQT_DESC,REQT_VALIDITY,REQT_LEVEL,REQT_FOLLOW_UP_NUM) VALUES ('MO','FOR DISCUSSION W/ MED. OFFICER', to_number('1'),'C', to_number('1'));
INSERT INTO REQUIREMENTS (REQT_CODE,REQT_DESC,REQT_VALIDITY,REQT_LEVEL,REQT_FOLLOW_UP_NUM) VALUES ('NEWA','NEW APPLICATION', to_number('12'),'P', to_number('1'));
INSERT INTO REQUIREMENTS (REQT_CODE,REQT_DESC,REQT_VALIDITY,REQT_LEVEL,REQT_FOLLOW_UP_NUM) VALUES ('NEWAP','NEW APP WITNESSED BY UM/BM', to_number('3'),'P', to_number('1'));
INSERT INTO REQUIREMENTS (REQT_CODE,REQT_DESC,REQT_VALIDITY,REQT_LEVEL,REQT_FOLLOW_UP_NUM) VALUES ('NIC','NICOTINE TEST', to_number('3'),'C', to_number('1'));
INSERT INTO REQUIREMENTS (REQT_CODE,REQT_DESC,REQT_VALIDITY,REQT_LEVEL,REQT_FOLLOW_UP_NUM) VALUES ('NMA','NON MED ON ASSURED', to_number('3'),'C', to_number('1'));
INSERT INTO REQUIREMENTS (REQT_CODE,REQT_DESC,REQT_VALIDITY,REQT_LEVEL,REQT_FOLLOW_UP_NUM) VALUES ('NMOWN','NON MED ON OWNER', to_number('3'),'C', to_number('1'));
INSERT INTO REQUIREMENTS (REQT_CODE,REQT_DESC,REQT_VALIDITY,REQT_LEVEL,REQT_FOLLOW_UP_NUM) VALUES ('NPI','NEW PART I', to_number('3'),'P', to_number('1'));
INSERT INTO REQUIREMENTS (REQT_CODE,REQT_DESC,REQT_VALIDITY,REQT_LEVEL,REQT_FOLLOW_UP_NUM) VALUES ('OFF1','ADVISE OF OFFER', to_number('1'),'C', to_number('1'));
INSERT INTO REQUIREMENTS (REQT_CODE,REQT_DESC,REQT_VALIDITY,REQT_LEVEL,REQT_FOLLOW_UP_NUM) VALUES ('OOO1','OTHER REQUIREMENTS', to_number('12'),'C', to_number('1'));
INSERT INTO REQUIREMENTS (REQT_CODE,REQT_DESC,REQT_VALIDITY,REQT_LEVEL,REQT_FOLLOW_UP_NUM) VALUES ('PAYM','AWTNG. ADDITIONAL/INITIAL PREM', to_number('1'),'P', to_number('1'));
INSERT INTO REQUIREMENTS (REQT_CODE,REQT_DESC,REQT_VALIDITY,REQT_LEVEL,REQT_FOLLOW_UP_NUM) VALUES ('PAY1','AWAITING PAYMENT FOR WORKSITE', to_number('12'),'P', to_number('3'));
INSERT INTO REQUIREMENTS (REQT_CODE,REQT_DESC,REQT_VALIDITY,REQT_LEVEL,REQT_FOLLOW_UP_NUM) VALUES ('PBM','PREMIUM BELOW MINIMUM', to_number('1'),'P', to_number('1'));
INSERT INTO REQUIREMENTS (REQT_CODE,REQT_DESC,REQT_VALIDITY,REQT_LEVEL,REQT_FOLLOW_UP_NUM) VALUES ('PCI','PERSONAL CERT OF INSURABILITY', to_number('3'),'C', to_number('1'));
INSERT INTO REQUIREMENTS (REQT_CODE,REQT_DESC,REQT_VALIDITY,REQT_LEVEL,REQT_FOLLOW_UP_NUM) VALUES ('PFP','PERSONAL FINANCIAL PLANNING', to_number('12'),'C', to_number('1'));
INSERT INTO REQUIREMENTS (REQT_CODE,REQT_DESC,REQT_VALIDITY,REQT_LEVEL,REQT_FOLLOW_UP_NUM) VALUES ('PFT','PULMONARY FUNCTION TEST', to_number('6'),'C', to_number('1'));
INSERT INTO REQUIREMENTS (REQT_CODE,REQT_DESC,REQT_VALIDITY,REQT_LEVEL,REQT_FOLLOW_UP_NUM) VALUES ('PNE','POLICY NUMBER OF EXISTING', to_number('12'),'C', to_number('1'));
INSERT INTO REQUIREMENTS (REQT_CODE,REQT_DESC,REQT_VALIDITY,REQT_LEVEL,REQT_FOLLOW_UP_NUM) VALUES ('POLCH','POLICY CHANGE FILE', to_number('12'),'C', to_number('1'));
INSERT INTO REQUIREMENTS (REQT_CODE,REQT_DESC,REQT_VALIDITY,REQT_LEVEL,REQT_FOLLOW_UP_NUM) VALUES ('POO','PROOF OF OWNERSHIP (TCT ETC.)', to_number('12'),'C', to_number('1'));
INSERT INTO REQUIREMENTS (REQT_CODE,REQT_DESC,REQT_VALIDITY,REQT_LEVEL,REQT_FOLLOW_UP_NUM) VALUES ('POS','PROOF OF STATUS OF STAY', to_number('12'),'C', to_number('1'));
INSERT INTO REQUIREMENTS (REQT_CODE,REQT_DESC,REQT_VALIDITY,REQT_LEVEL,REQT_FOLLOW_UP_NUM) VALUES ('PREF','EXAM BY PREFERRED', to_number('3'),'C', to_number('1'));
INSERT INTO REQUIREMENTS (REQT_CODE,REQT_DESC,REQT_VALIDITY,REQT_LEVEL,REQT_FOLLOW_UP_NUM) VALUES ('PREL1','POLICY RELEASE', to_number('99'),'P', to_number('3'));
INSERT INTO REQUIREMENTS (REQT_CODE,REQT_DESC,REQT_VALIDITY,REQT_LEVEL,REQT_FOLLOW_UP_NUM) VALUES ('PREV1','REQUEST PREVIOUS FILE', to_number('1'),'C', to_number('1'));
INSERT INTO REQUIREMENTS (REQT_CODE,REQT_DESC,REQT_VALIDITY,REQT_LEVEL,REQT_FOLLOW_UP_NUM) VALUES ('PRM1','COLLECT PREMIUM', to_number('1'),'P', to_number('1'));
INSERT INTO REQUIREMENTS (REQT_CODE,REQT_DESC,REQT_VALIDITY,REQT_LEVEL,REQT_FOLLOW_UP_NUM) VALUES ('PSA','PROSTATIC SPECIFIC ANTIGEN', to_number('3'),'C', to_number('1'));
INSERT INTO REQUIREMENTS (REQT_CODE,REQT_DESC,REQT_VALIDITY,REQT_LEVEL,REQT_FOLLOW_UP_NUM) VALUES ('PSQ','PARACHUTING/SKYDIVING QUES', to_number('12'),'C', to_number('1'));
INSERT INTO REQUIREMENTS (REQT_CODE,REQT_DESC,REQT_VALIDITY,REQT_LEVEL,REQT_FOLLOW_UP_NUM) VALUES ('RAP','NAME \& ADD OF REG ATTDG DOCTOR', to_number('1'),'C', to_number('1'));
INSERT INTO REQUIREMENTS (REQT_CODE,REQT_DESC,REQT_VALIDITY,REQT_LEVEL,REQT_FOLLOW_UP_NUM) VALUES ('REBE1','RELATIONSHIP OF BENEFICIARIES', to_number('12'),'P', to_number('1'));
INSERT INTO REQUIREMENTS (REQT_CODE,REQT_DESC,REQT_VALIDITY,REQT_LEVEL,REQT_FOLLOW_UP_NUM) VALUES ('RECD','RECEIVED APPLICATION BY USD', to_number('12'),'C', to_number('1'));
INSERT INTO REQUIREMENTS (REQT_CODE,REQT_DESC,REQT_VALIDITY,REQT_LEVEL,REQT_FOLLOW_UP_NUM) VALUES ('RECD1','RECEIVED APPLICATION BY USD', to_number('12'),'P', to_number('1'));
INSERT INTO REQUIREMENTS (REQT_CODE,REQT_DESC,REQT_VALIDITY,REQT_LEVEL,REQT_FOLLOW_UP_NUM) VALUES ('RECON','RECONSIDERATION', to_number('1'),'C', to_number('1'));
INSERT INTO REQUIREMENTS (REQT_CODE,REQT_DESC,REQT_VALIDITY,REQT_LEVEL,REQT_FOLLOW_UP_NUM) VALUES ('REINS','REINSTATEMENT FILE', to_number('12'),'C', to_number('1'));
INSERT INTO REQUIREMENTS (REQT_CODE,REQT_DESC,REQT_VALIDITY,REQT_LEVEL,REQT_FOLLOW_UP_NUM) VALUES ('REIN1','REINSURANCE - LNL', to_number('1'),'P', to_number('1'));
INSERT INTO REQUIREMENTS (REQT_CODE,REQT_DESC,REQT_VALIDITY,REQT_LEVEL,REQT_FOLLOW_UP_NUM) VALUES ('REIN2','REINSURANCE - MANURE', to_number('1'),'P', to_number('1'));
INSERT INTO REQUIREMENTS (REQT_CODE,REQT_DESC,REQT_VALIDITY,REQT_LEVEL,REQT_FOLLOW_UP_NUM) VALUES ('REIN3','REINSURANCE - UNIRE', to_number('1'),'P', to_number('1'));
INSERT INTO REQUIREMENTS (REQT_CODE,REQT_DESC,REQT_VALIDITY,REQT_LEVEL,REQT_FOLLOW_UP_NUM) VALUES ('REIN4','REINSURANCE - SWISSRE', to_number('1'),'P', to_number('1'));
INSERT INTO REQUIREMENTS (REQT_CODE,REQT_DESC,REQT_VALIDITY,REQT_LEVEL,REQT_FOLLOW_UP_NUM) VALUES ('REIN5','REINSURANCE - RGA', to_number('1'),'P', to_number('1'));
INSERT INTO REQUIREMENTS (REQT_CODE,REQT_DESC,REQT_VALIDITY,REQT_LEVEL,REQT_FOLLOW_UP_NUM) VALUES ('RETU','RETURN PART I', to_number('3'),'P', to_number('1'));
INSERT INTO REQUIREMENTS (REQT_CODE,REQT_DESC,REQT_VALIDITY,REQT_LEVEL,REQT_FOLLOW_UP_NUM) VALUES ('RETUD','RETURN DOCUMENT/S', to_number('3'),'C', to_number('1'));
INSERT INTO REQUIREMENTS (REQT_CODE,REQT_DESC,REQT_VALIDITY,REQT_LEVEL,REQT_FOLLOW_UP_NUM) VALUES ('RETU2','RETURN PART II', to_number('3'),'P', to_number('1'));
INSERT INTO REQUIREMENTS (REQT_CODE,REQT_DESC,REQT_VALIDITY,REQT_LEVEL,REQT_FOLLOW_UP_NUM) VALUES ('REXM','REQUIRE EXAM ATTENTION TO:', to_number('3'),'C', to_number('1'));
INSERT INTO REQUIREMENTS (REQT_CODE,REQT_DESC,REQT_VALIDITY,REQT_LEVEL,REQT_FOLLOW_UP_NUM) VALUES ('RFT','BLD TEST FOR BUN \& CREATININE', to_number('6'),'C', to_number('1'));
INSERT INTO REQUIREMENTS (REQT_CODE,REQT_DESC,REQT_VALIDITY,REQT_LEVEL,REQT_FOLLOW_UP_NUM) VALUES ('RGA','REINSURANCE GROUP OF AMERICA', to_number('12'),'C', to_number('1'));
INSERT INTO REQUIREMENTS (REQT_CODE,REQT_DESC,REQT_VALIDITY,REQT_LEVEL,REQT_FOLLOW_UP_NUM) VALUES ('RIR','AWAITING INSPECTION REPORT', to_number('12'),'C', to_number('1'));
INSERT INTO REQUIREMENTS (REQT_CODE,REQT_DESC,REQT_VALIDITY,REQT_LEVEL,REQT_FOLLOW_UP_NUM) VALUES ('RMO1','REFERRED FOR MEDICAL OPINION', to_number('1'),'C', to_number('1'));
INSERT INTO REQUIREMENTS (REQT_CODE,REQT_DESC,REQT_VALIDITY,REQT_LEVEL,REQT_FOLLOW_UP_NUM) VALUES ('RTS','RETURN TO SENDER', to_number('12'),'C', to_number('1'));
INSERT INTO REQUIREMENTS (REQT_CODE,REQT_DESC,REQT_VALIDITY,REQT_LEVEL,REQT_FOLLOW_UP_NUM) VALUES ('RUR','REQUIRE MICROURINALYSIS', to_number('6'),'C', to_number('1'));
INSERT INTO REQUIREMENTS (REQT_CODE,REQT_DESC,REQT_VALIDITY,REQT_LEVEL,REQT_FOLLOW_UP_NUM) VALUES ('RUR2','2 MICROS ON 2 DIFFERENT DAYS', to_number('3'),'C', to_number('1'));
INSERT INTO REQUIREMENTS (REQT_CODE,REQT_DESC,REQT_VALIDITY,REQT_LEVEL,REQT_FOLLOW_UP_NUM) VALUES ('RXRY','REPEAT X-RAY', to_number('12'),'C', to_number('1'));
INSERT INTO REQUIREMENTS (REQT_CODE,REQT_DESC,REQT_VALIDITY,REQT_LEVEL,REQT_FOLLOW_UP_NUM) VALUES ('SCERT','SECRETARY''E CERTIFICATE', to_number('12'),'C', to_number('1'));
INSERT INTO REQUIREMENTS (REQT_CODE,REQT_DESC,REQT_VALIDITY,REQT_LEVEL,REQT_FOLLOW_UP_NUM) VALUES ('SIGN1','SIGNATURE MISSING', to_number('1'),'C', to_number('1'));
INSERT INTO REQUIREMENTS (REQT_CODE,REQT_DESC,REQT_VALIDITY,REQT_LEVEL,REQT_FOLLOW_UP_NUM) VALUES ('SLDE1','SALARY DEDUCTION FORM', to_number('12'),'P', to_number('1'));
INSERT INTO REQUIREMENTS (REQT_CODE,REQT_DESC,REQT_VALIDITY,REQT_LEVEL,REQT_FOLLOW_UP_NUM) VALUES ('SL12','SUNLIFE 12', to_number('12'),'C', to_number('1'));
INSERT INTO REQUIREMENTS (REQT_CODE,REQT_DESC,REQT_VALIDITY,REQT_LEVEL,REQT_FOLLOW_UP_NUM) VALUES ('SL13','SUNLIFE 13', to_number('12'),'C', to_number('1'));
INSERT INTO REQUIREMENTS (REQT_CODE,REQT_DESC,REQT_VALIDITY,REQT_LEVEL,REQT_FOLLOW_UP_NUM) VALUES ('SPA','SPECIAL POWER OF ATTORNEY', to_number('12'),'P', to_number('1'));
INSERT INTO REQUIREMENTS (REQT_CODE,REQT_DESC,REQT_VALIDITY,REQT_LEVEL,REQT_FOLLOW_UP_NUM) VALUES ('SPDYA','SPEEDY APPROVED', to_number('12'),'P', to_number('3'));
INSERT INTO REQUIREMENTS (REQT_CODE,REQT_DESC,REQT_VALIDITY,REQT_LEVEL,REQT_FOLLOW_UP_NUM) VALUES ('SPDYR','SPEEDY REJECT', to_number('12'),'C', to_number('3'));
INSERT INTO REQUIREMENTS (REQT_CODE,REQT_DESC,REQT_VALIDITY,REQT_LEVEL,REQT_FOLLOW_UP_NUM) VALUES ('SPLTD','EXM BY SPECIAL LIMITED', to_number('3'),'C', to_number('1'));
INSERT INTO REQUIREMENTS (REQT_CODE,REQT_DESC,REQT_VALIDITY,REQT_LEVEL,REQT_FOLLOW_UP_NUM) VALUES ('SPNO','EXAM BY SPECIAL NO LIMIT', to_number('3'),'C', to_number('1'));
INSERT INTO REQUIREMENTS (REQT_CODE,REQT_DESC,REQT_VALIDITY,REQT_LEVEL,REQT_FOLLOW_UP_NUM) VALUES ('SPO','STOP PAYMENT REQUEST', to_number('12'),'P', to_number('1'));
INSERT INTO REQUIREMENTS (REQT_CODE,REQT_DESC,REQT_VALIDITY,REQT_LEVEL,REQT_FOLLOW_UP_NUM) VALUES ('SPS','SIGNATURE ON PROPER SPACES', to_number('3'),'P', to_number('1'));
INSERT INTO REQUIREMENTS (REQT_CODE,REQT_DESC,REQT_VALIDITY,REQT_LEVEL,REQT_FOLLOW_UP_NUM) VALUES ('SREM','PAY SHORT REMITTANCE', to_number('1'),'P', to_number('1'));
INSERT INTO REQUIREMENTS (REQT_CODE,REQT_DESC,REQT_VALIDITY,REQT_LEVEL,REQT_FOLLOW_UP_NUM) VALUES ('SUBE','SURNAME OF BENEFICIARIES', to_number('12'),'P', to_number('1'));
INSERT INTO REQUIREMENTS (REQT_CODE,REQT_DESC,REQT_VALIDITY,REQT_LEVEL,REQT_FOLLOW_UP_NUM) VALUES ('SWISS','SWISS REINSURANCE', to_number('12'),'C', to_number('1'));
INSERT INTO REQUIREMENTS (REQT_CODE,REQT_DESC,REQT_VALIDITY,REQT_LEVEL,REQT_FOLLOW_UP_NUM) VALUES ('TC','TRANSLATION CLAUSE', to_number('12'),'P', to_number('1'));
INSERT INTO REQUIREMENTS (REQT_CODE,REQT_DESC,REQT_VALIDITY,REQT_LEVEL,REQT_FOLLOW_UP_NUM) VALUES ('TCHEC','TIME-BARRED CHEQUE', to_number('6'),'P', to_number('1'));
INSERT INTO REQUIREMENTS (REQT_CODE,REQT_DESC,REQT_VALIDITY,REQT_LEVEL,REQT_FOLLOW_UP_NUM) VALUES ('TCL','THUMB CLAUSE', to_number('12'),'P', to_number('1'));
INSERT INTO REQUIREMENTS (REQT_CODE,REQT_DESC,REQT_VALIDITY,REQT_LEVEL,REQT_FOLLOW_UP_NUM) VALUES ('THALL','TREADMILL WITH THALLIUM', to_number('6'),'C', to_number('1'));
INSERT INTO REQUIREMENTS (REQT_CODE,REQT_DESC,REQT_VALIDITY,REQT_LEVEL,REQT_FOLLOW_UP_NUM) VALUES ('TM','TREADMILL REPORT', to_number('12'),'C', to_number('1'));
INSERT INTO REQUIREMENTS (REQT_CODE,REQT_DESC,REQT_VALIDITY,REQT_LEVEL,REQT_FOLLOW_UP_NUM) VALUES ('TMTRA','SUBMIT TREADMILL TRACINGS', to_number('12'),'C', to_number('1'));
INSERT INTO REQUIREMENTS (REQT_CODE,REQT_DESC,REQT_VALIDITY,REQT_LEVEL,REQT_FOLLOW_UP_NUM) VALUES ('UD','UNDERWRITING DECISION', to_number('99'),'C', to_number('1'));
INSERT INTO REQUIREMENTS (REQT_CODE,REQT_DESC,REQT_VALIDITY,REQT_LEVEL,REQT_FOLLOW_UP_NUM) VALUES ('UWDE1','UNDERWRITING DECISION', to_number('1'),'P', to_number('1'));
INSERT INTO REQUIREMENTS (REQT_CODE,REQT_DESC,REQT_VALIDITY,REQT_LEVEL,REQT_FOLLOW_UP_NUM) VALUES ('WAOA','ALTERATION OF APP (WORKSITE)', to_number('12'),'P', to_number('1'));
INSERT INTO REQUIREMENTS (REQT_CODE,REQT_DESC,REQT_VALIDITY,REQT_LEVEL,REQT_FOLLOW_UP_NUM) VALUES ('WARN','GET PREV FILE-RECHECK DECISION', to_number('99'),'C', to_number('3'));
INSERT INTO REQUIREMENTS (REQT_CODE,REQT_DESC,REQT_VALIDITY,REQT_LEVEL,REQT_FOLLOW_UP_NUM) VALUES ('WPBA','WAIVER PREMIUM BENEFIT-APDB', to_number('12'),'P', to_number('1'));
INSERT INTO REQUIREMENTS (REQT_CODE,REQT_DESC,REQT_VALIDITY,REQT_LEVEL,REQT_FOLLOW_UP_NUM) VALUES ('WPBC','WAIVER PREMIUM BENEFIT -CCR', to_number('12'),'P', to_number('1'));
INSERT INTO REQUIREMENTS (REQT_CODE,REQT_DESC,REQT_VALIDITY,REQT_LEVEL,REQT_FOLLOW_UP_NUM) VALUES ('WPBF','WAIVER OF PREM BENEFIT-FEMALE', to_number('12'),'P', to_number('1'));
INSERT INTO REQUIREMENTS (REQT_CODE,REQT_DESC,REQT_VALIDITY,REQT_LEVEL,REQT_FOLLOW_UP_NUM) VALUES ('WPBH','WAIVER OF PREM BENEFIT - HIB', to_number('12'),'C', to_number('1'));
INSERT INTO REQUIREMENTS (REQT_CODE,REQT_DESC,REQT_VALIDITY,REQT_LEVEL,REQT_FOLLOW_UP_NUM) VALUES ('W11','AOA(WORKSITE) SEC 1.1', to_number('12'),'C', to_number('1'));
INSERT INTO REQUIREMENTS (REQT_CODE,REQT_DESC,REQT_VALIDITY,REQT_LEVEL,REQT_FOLLOW_UP_NUM) VALUES ('W12A','AOA(WORKSITE) SEC 1.2.A', to_number('12'),'C', to_number('1'));
INSERT INTO REQUIREMENTS (REQT_CODE,REQT_DESC,REQT_VALIDITY,REQT_LEVEL,REQT_FOLLOW_UP_NUM) VALUES ('W12B','AOA (WORKSITE) SEC 1.2.B', to_number('12'),'P', to_number('1'));
INSERT INTO REQUIREMENTS (REQT_CODE,REQT_DESC,REQT_VALIDITY,REQT_LEVEL,REQT_FOLLOW_UP_NUM) VALUES ('W22','AOA FOR ADD''L INFO (WKSITE)', to_number('12'),'C', to_number('1'));
INSERT INTO REQUIREMENTS (REQT_CODE,REQT_DESC,REQT_VALIDITY,REQT_LEVEL,REQT_FOLLOW_UP_NUM) VALUES ('W23','AOA 4 OTHER LIFE INSCE POLS WK', to_number('12'),'C', to_number('1'));
INSERT INTO REQUIREMENTS (REQT_CODE,REQT_DESC,REQT_VALIDITY,REQT_LEVEL,REQT_FOLLOW_UP_NUM) VALUES ('W31A','AOA (WKSITE) SEC 3.1.A', to_number('12'),'C', to_number('1'));
INSERT INTO REQUIREMENTS (REQT_CODE,REQT_DESC,REQT_VALIDITY,REQT_LEVEL,REQT_FOLLOW_UP_NUM) VALUES ('W31B','AOA (WKSITE) SEC 3.1.B', to_number('12'),'C', to_number('1'));
INSERT INTO REQUIREMENTS (REQT_CODE,REQT_DESC,REQT_VALIDITY,REQT_LEVEL,REQT_FOLLOW_UP_NUM) VALUES ('W31C','AOA (WKSITE) SEC 3.1.C', to_number('12'),'C', to_number('1'));
INSERT INTO REQUIREMENTS (REQT_CODE,REQT_DESC,REQT_VALIDITY,REQT_LEVEL,REQT_FOLLOW_UP_NUM) VALUES ('W31D','AOA (WKSITE) SEC 3.1.D', to_number('12'),'C', to_number('1'));
INSERT INTO REQUIREMENTS (REQT_CODE,REQT_DESC,REQT_VALIDITY,REQT_LEVEL,REQT_FOLLOW_UP_NUM) VALUES ('W31E','AOA (WKSITE) SEC 3.1.E', to_number('12'),'C', to_number('1'));
INSERT INTO REQUIREMENTS (REQT_CODE,REQT_DESC,REQT_VALIDITY,REQT_LEVEL,REQT_FOLLOW_UP_NUM) VALUES ('W32A','AOA (WKSITE) SEC 3.2.A', to_number('12'),'C', to_number('1'));
INSERT INTO REQUIREMENTS (REQT_CODE,REQT_DESC,REQT_VALIDITY,REQT_LEVEL,REQT_FOLLOW_UP_NUM) VALUES ('W32B','AOA (WKSITE) SEC 3.2.B', to_number('12'),'C', to_number('1'));
INSERT INTO REQUIREMENTS (REQT_CODE,REQT_DESC,REQT_VALIDITY,REQT_LEVEL,REQT_FOLLOW_UP_NUM) VALUES ('W32C','AOA (WKSITE) SEC 3.2.C', to_number('12'),'C', to_number('1'));
INSERT INTO REQUIREMENTS (REQT_CODE,REQT_DESC,REQT_VALIDITY,REQT_LEVEL,REQT_FOLLOW_UP_NUM) VALUES ('W32D','AOA (WKSITE) SEC 3.2.D', to_number('12'),'C', to_number('1'));
INSERT INTO REQUIREMENTS (REQT_CODE,REQT_DESC,REQT_VALIDITY,REQT_LEVEL,REQT_FOLLOW_UP_NUM) VALUES ('W32E','AOA (WKSITE) SEC 3.2.E', to_number('12'),'C', to_number('1'));
INSERT INTO REQUIREMENTS (REQT_CODE,REQT_DESC,REQT_VALIDITY,REQT_LEVEL,REQT_FOLLOW_UP_NUM) VALUES ('W32F','AOA (WKSITE) SEC 3.2.F', to_number('12'),'C', to_number('1'));
INSERT INTO REQUIREMENTS (REQT_CODE,REQT_DESC,REQT_VALIDITY,REQT_LEVEL,REQT_FOLLOW_UP_NUM) VALUES ('W32G','AOA (WORKSITE)-SEC.3.2 G', to_number('12'),'C', to_number('1'));
INSERT INTO REQUIREMENTS (REQT_CODE,REQT_DESC,REQT_VALIDITY,REQT_LEVEL,REQT_FOLLOW_UP_NUM) VALUES ('W32H','AOA (WORKSITE)-SEC.3.2H', to_number('12'),'C', to_number('1'));
INSERT INTO REQUIREMENTS (REQT_CODE,REQT_DESC,REQT_VALIDITY,REQT_LEVEL,REQT_FOLLOW_UP_NUM) VALUES ('XRY','CHEST X-RAY', to_number('12'),'C', to_number('1'));
INSERT INTO REQUIREMENTS (REQT_CODE,REQT_DESC,REQT_VALIDITY,REQT_LEVEL,REQT_FOLLOW_UP_NUM) VALUES ('XRYPL','SUBMIT CHEST X-RAY PLATE', to_number('6'),'C', to_number('1'));
INSERT INTO REQUIREMENTS (REQT_CODE,REQT_DESC,REQT_VALIDITY,REQT_LEVEL,REQT_FOLLOW_UP_NUM) VALUES ('YAAI1','ALTERATION OF APPLICATION - I', to_number('12'),'P', to_number('2'));
INSERT INTO REQUIREMENTS (REQT_CODE,REQT_DESC,REQT_VALIDITY,REQT_LEVEL,REQT_FOLLOW_UP_NUM) VALUES ('YAAI2','ALTERATION OF APPLICATION - I', to_number('12'),'P', to_number('2'));
INSERT INTO REQUIREMENTS (REQT_CODE,REQT_DESC,REQT_VALIDITY,REQT_LEVEL,REQT_FOLLOW_UP_NUM) VALUES ('YAAI3','ALTERATION OF APPLICATION - I', to_number('12'),'P', to_number('2'));
INSERT INTO REQUIREMENTS (REQT_CODE,REQT_DESC,REQT_VALIDITY,REQT_LEVEL,REQT_FOLLOW_UP_NUM) VALUES ('YAAU1','ALTERATION OF APPLICATION - U', to_number('12'),'C', to_number('2'));
INSERT INTO REQUIREMENTS (REQT_CODE,REQT_DESC,REQT_VALIDITY,REQT_LEVEL,REQT_FOLLOW_UP_NUM) VALUES ('YAAU2','ALTERATION OF APPLICATION - U', to_number('12'),'C', to_number('2'));
INSERT INTO REQUIREMENTS (REQT_CODE,REQT_DESC,REQT_VALIDITY,REQT_LEVEL,REQT_FOLLOW_UP_NUM) VALUES ('YAAU3','ALTERATION OF APPLICATION - U', to_number('12'),'C', to_number('2'));
INSERT INTO REQUIREMENTS (REQT_CODE,REQT_DESC,REQT_VALIDITY,REQT_LEVEL,REQT_FOLLOW_UP_NUM) VALUES ('YABQ','ASTHMA QUESTIONNAIRE', to_number('12'),'C', to_number('2'));
INSERT INTO REQUIREMENTS (REQT_CODE,REQT_DESC,REQT_VALIDITY,REQT_LEVEL,REQT_FOLLOW_UP_NUM) VALUES ('YABQ1','ASTHMA QUESTIONNAIRE', to_number('12'),'P', to_number('2'));
INSERT INTO REQUIREMENTS (REQT_CODE,REQT_DESC,REQT_VALIDITY,REQT_LEVEL,REQT_FOLLOW_UP_NUM) VALUES ('YABR','AWAITING BRANCH REQUIREMENT', to_number('3'),'C', to_number('2'));
INSERT INTO REQUIREMENTS (REQT_CODE,REQT_DESC,REQT_VALIDITY,REQT_LEVEL,REQT_FOLLOW_UP_NUM) VALUES ('YABR1','AWAITING BRANCH REQUIREMENT', to_number('3'),'P', to_number('2'));
INSERT INTO REQUIREMENTS (REQT_CODE,REQT_DESC,REQT_VALIDITY,REQT_LEVEL,REQT_FOLLOW_UP_NUM) VALUES ('YABR2','AWAITING BRANCH REQUIREMENT', to_number('3'),'C', to_number('2'));
INSERT INTO REQUIREMENTS (REQT_CODE,REQT_DESC,REQT_VALIDITY,REQT_LEVEL,REQT_FOLLOW_UP_NUM) VALUES ('YABR3','AWAITING BRANCH REQUIREMENT', to_number('3'),'C', to_number('2'));
INSERT INTO REQUIREMENTS (REQT_CODE,REQT_DESC,REQT_VALIDITY,REQT_LEVEL,REQT_FOLLOW_UP_NUM) VALUES ('YAB11','AWAITING BRANCH REQUIREMENT', to_number('3'),'C', to_number('2'));
INSERT INTO REQUIREMENTS (REQT_CODE,REQT_DESC,REQT_VALIDITY,REQT_LEVEL,REQT_FOLLOW_UP_NUM) VALUES ('YAB12','AWAITING BRANCH REQUIREMENT', to_number('3'),'P', to_number('2'));
INSERT INTO REQUIREMENTS (REQT_CODE,REQT_DESC,REQT_VALIDITY,REQT_LEVEL,REQT_FOLLOW_UP_NUM) VALUES ('YAB13','AWAITING BRANCH REQUIREMENT', to_number('3'),'P', to_number('2'));
INSERT INTO REQUIREMENTS (REQT_CODE,REQT_DESC,REQT_VALIDITY,REQT_LEVEL,REQT_FOLLOW_UP_NUM) VALUES ('YACR','AGENT''S CONFIDENTIAL REPORT', to_number('12'),'C', to_number('2'));
INSERT INTO REQUIREMENTS (REQT_CODE,REQT_DESC,REQT_VALIDITY,REQT_LEVEL,REQT_FOLLOW_UP_NUM) VALUES ('YACR1','AGENT''S CONFIDENTIAL REPORT', to_number('12'),'P', to_number('2'));
INSERT INTO REQUIREMENTS (REQT_CODE,REQT_DESC,REQT_VALIDITY,REQT_LEVEL,REQT_FOLLOW_UP_NUM) VALUES ('YAFP','ALPHA FETO PROTEIN', to_number('6'),'C', to_number('2'));
INSERT INTO REQUIREMENTS (REQT_CODE,REQT_DESC,REQT_VALIDITY,REQT_LEVEL,REQT_FOLLOW_UP_NUM) VALUES ('YAFP1','ALPHA FETO PROTEIN', to_number('6'),'P', to_number('2'));
INSERT INTO REQUIREMENTS (REQT_CODE,REQT_DESC,REQT_VALIDITY,REQT_LEVEL,REQT_FOLLOW_UP_NUM) VALUES ('YAFS','AUDITED FINANCIAL STATEMENT', to_number('12'),'C', to_number('2'));
INSERT INTO REQUIREMENTS (REQT_CODE,REQT_DESC,REQT_VALIDITY,REQT_LEVEL,REQT_FOLLOW_UP_NUM) VALUES ('YAFS1','AUDITED FINANCIAL STATEMENT', to_number('12'),'P', to_number('2'));
INSERT INTO REQUIREMENTS (REQT_CODE,REQT_DESC,REQT_VALIDITY,REQT_LEVEL,REQT_FOLLOW_UP_NUM) VALUES ('YAGR','AGENT''S REPORT', to_number('12'),'P', to_number('2'));
INSERT INTO REQUIREMENTS (REQT_CODE,REQT_DESC,REQT_VALIDITY,REQT_LEVEL,REQT_FOLLOW_UP_NUM) VALUES ('YAGRU','AGENT''S REPORT', to_number('12'),'C', to_number('2'));
INSERT INTO REQUIREMENTS (REQT_CODE,REQT_DESC,REQT_VALIDITY,REQT_LEVEL,REQT_FOLLOW_UP_NUM) VALUES ('YAGR1','AGENT''S REPORT', to_number('12'),'P', to_number('2'));
INSERT INTO REQUIREMENTS (REQT_CODE,REQT_DESC,REQT_VALIDITY,REQT_LEVEL,REQT_FOLLOW_UP_NUM) VALUES ('YAGR2','AGENT''S REPORT', to_number('12'),'P', to_number('2'));
INSERT INTO REQUIREMENTS (REQT_CODE,REQT_DESC,REQT_VALIDITY,REQT_LEVEL,REQT_FOLLOW_UP_NUM) VALUES ('YAGR3','AGENT''S REPORT', to_number('12'),'P', to_number('2'));
INSERT INTO REQUIREMENTS (REQT_CODE,REQT_DESC,REQT_VALIDITY,REQT_LEVEL,REQT_FOLLOW_UP_NUM) VALUES ('YAGU1','AGENT''S REPORT', to_number('12'),'C', to_number('2'));
INSERT INTO REQUIREMENTS (REQT_CODE,REQT_DESC,REQT_VALIDITY,REQT_LEVEL,REQT_FOLLOW_UP_NUM) VALUES ('YAGU2','AGENT''S REPORT', to_number('12'),'C', to_number('2'));
INSERT INTO REQUIREMENTS (REQT_CODE,REQT_DESC,REQT_VALIDITY,REQT_LEVEL,REQT_FOLLOW_UP_NUM) VALUES ('YAGU3','AGENT''S REPORT', to_number('12'),'C', to_number('2'));
INSERT INTO REQUIREMENTS (REQT_CODE,REQT_DESC,REQT_VALIDITY,REQT_LEVEL,REQT_FOLLOW_UP_NUM) VALUES ('YAHO','AWAIT HEAD OFFICE', to_number('1'),'C', to_number('2'));
INSERT INTO REQUIREMENTS (REQT_CODE,REQT_DESC,REQT_VALIDITY,REQT_LEVEL,REQT_FOLLOW_UP_NUM) VALUES ('YAHO1','AWAIT HEAD OFFICE', to_number('1'),'P', to_number('2'));
INSERT INTO REQUIREMENTS (REQT_CODE,REQT_DESC,REQT_VALIDITY,REQT_LEVEL,REQT_FOLLOW_UP_NUM) VALUES ('YAIR','AWAITING INSPECTION REPORT', to_number('12'),'C', to_number('2'));
INSERT INTO REQUIREMENTS (REQT_CODE,REQT_DESC,REQT_VALIDITY,REQT_LEVEL,REQT_FOLLOW_UP_NUM) VALUES ('YAIR1','AWAITING INSPECTION REPORT', to_number('12'),'P', to_number('2'));
INSERT INTO REQUIREMENTS (REQT_CODE,REQT_DESC,REQT_VALIDITY,REQT_LEVEL,REQT_FOLLOW_UP_NUM) VALUES ('YALQ','ALCOHOL QUESTIONNAIRE', to_number('12'),'C', to_number('2'));
INSERT INTO REQUIREMENTS (REQT_CODE,REQT_DESC,REQT_VALIDITY,REQT_LEVEL,REQT_FOLLOW_UP_NUM) VALUES ('YALQ1','ALCOHOL QUESTIONNAIRE', to_number('12'),'P', to_number('2'));
INSERT INTO REQUIREMENTS (REQT_CODE,REQT_DESC,REQT_VALIDITY,REQT_LEVEL,REQT_FOLLOW_UP_NUM) VALUES ('YALUS','AWAITING LUS REQUIREMENT', to_number('1'),'C', to_number('2'));
INSERT INTO REQUIREMENTS (REQT_CODE,REQT_DESC,REQT_VALIDITY,REQT_LEVEL,REQT_FOLLOW_UP_NUM) VALUES ('YALU1','AWAITING LUS REQUIREMENT', to_number('1'),'P', to_number('2'));
INSERT INTO REQUIREMENTS (REQT_CODE,REQT_DESC,REQT_VALIDITY,REQT_LEVEL,REQT_FOLLOW_UP_NUM) VALUES ('YAOAI','ALTERATION OF APPLICATION - I', to_number('12'),'P', to_number('2'));
INSERT INTO REQUIREMENTS (REQT_CODE,REQT_DESC,REQT_VALIDITY,REQT_LEVEL,REQT_FOLLOW_UP_NUM) VALUES ('YAOAU','ALTERATION OF APPLICATION - U', to_number('12'),'C', to_number('2'));
INSERT INTO REQUIREMENTS (REQT_CODE,REQT_DESC,REQT_VALIDITY,REQT_LEVEL,REQT_FOLLOW_UP_NUM) VALUES ('YAPR','AWAITING PAYOR''S REQUIREMNT', to_number('12'),'C', to_number('3'));
INSERT INTO REQUIREMENTS (REQT_CODE,REQT_DESC,REQT_VALIDITY,REQT_LEVEL,REQT_FOLLOW_UP_NUM) VALUES ('YAPR1','AWAITING PAYOR''S REQUIREMENT', to_number('12'),'P', to_number('3'));
INSERT INTO REQUIREMENTS (REQT_CODE,REQT_DESC,REQT_VALIDITY,REQT_LEVEL,REQT_FOLLOW_UP_NUM) VALUES ('YAPS','ATTDG PHYSICIAN''S STATEMENT', to_number('3'),'C', to_number('3'));
INSERT INTO REQUIREMENTS (REQT_CODE,REQT_DESC,REQT_VALIDITY,REQT_LEVEL,REQT_FOLLOW_UP_NUM) VALUES ('YAPS1','ATTDG PHYSICIAN''S STATEMENT', to_number('3'),'P', to_number('3'));
INSERT INTO REQUIREMENTS (REQT_CODE,REQT_DESC,REQT_VALIDITY,REQT_LEVEL,REQT_FOLLOW_UP_NUM) VALUES ('YAPS2','ATTDG PHYSICIAN''S STATEMENT', to_number('3'),'C', to_number('3'));
INSERT INTO REQUIREMENTS (REQT_CODE,REQT_DESC,REQT_VALIDITY,REQT_LEVEL,REQT_FOLLOW_UP_NUM) VALUES ('YAPS3','ATTDG PHYSICIAN''S STATEMENT', to_number('3'),'C', to_number('3'));
INSERT INTO REQUIREMENTS (REQT_CODE,REQT_DESC,REQT_VALIDITY,REQT_LEVEL,REQT_FOLLOW_UP_NUM) VALUES ('YAP11','ATTDG PHYSICIAN''S STATEMENT', to_number('3'),'C', to_number('3'));
INSERT INTO REQUIREMENTS (REQT_CODE,REQT_DESC,REQT_VALIDITY,REQT_LEVEL,REQT_FOLLOW_UP_NUM) VALUES ('YAP12','ATTDG PHYSICIAN''S STATEMENT', to_number('3'),'P', to_number('3'));
INSERT INTO REQUIREMENTS (REQT_CODE,REQT_DESC,REQT_VALIDITY,REQT_LEVEL,REQT_FOLLOW_UP_NUM) VALUES ('YAP13','ATTDG PHYSICIAN''S STATEMENT', to_number('3'),'P', to_number('3'));
INSERT INTO REQUIREMENTS (REQT_CODE,REQT_DESC,REQT_VALIDITY,REQT_LEVEL,REQT_FOLLOW_UP_NUM) VALUES ('YARQ','AUTO RACING QUESTIONNAIRE', to_number('12'),'C', to_number('2'));
INSERT INTO REQUIREMENTS (REQT_CODE,REQT_DESC,REQT_VALIDITY,REQT_LEVEL,REQT_FOLLOW_UP_NUM) VALUES ('YARQ1','AUTO RACING QUESTIONNAIRE', to_number('12'),'P', to_number('2'));
INSERT INTO REQUIREMENTS (REQT_CODE,REQT_DESC,REQT_VALIDITY,REQT_LEVEL,REQT_FOLLOW_UP_NUM) VALUES ('YAUH1','MEDICAL AUTHORIZATION', to_number('1'),'P', to_number('2'));
INSERT INTO REQUIREMENTS (REQT_CODE,REQT_DESC,REQT_VALIDITY,REQT_LEVEL,REQT_FOLLOW_UP_NUM) VALUES ('YAUR','AWAIT AGE/AMT URINE RESULTS', to_number('3'),'C', to_number('2'));
INSERT INTO REQUIREMENTS (REQT_CODE,REQT_DESC,REQT_VALIDITY,REQT_LEVEL,REQT_FOLLOW_UP_NUM) VALUES ('YAUR1','AWAIT AGE/AMT URINE RESULTS', to_number('3'),'P', to_number('2'));
INSERT INTO REQUIREMENTS (REQT_CODE,REQT_DESC,REQT_VALIDITY,REQT_LEVEL,REQT_FOLLOW_UP_NUM) VALUES ('YAUTH','MEDICAL AUTHORIZATION', to_number('1'),'C', to_number('2'));
INSERT INTO REQUIREMENTS (REQT_CODE,REQT_DESC,REQT_VALIDITY,REQT_LEVEL,REQT_FOLLOW_UP_NUM) VALUES ('YAVQ','AVIATION QUESTIONNAIRE', to_number('12'),'C', to_number('2'));
INSERT INTO REQUIREMENTS (REQT_CODE,REQT_DESC,REQT_VALIDITY,REQT_LEVEL,REQT_FOLLOW_UP_NUM) VALUES ('YAVQ1','AVIATION QUESTIONNAIRE', to_number('12'),'P', to_number('2'));
INSERT INTO REQUIREMENTS (REQT_CODE,REQT_DESC,REQT_VALIDITY,REQT_LEVEL,REQT_FOLLOW_UP_NUM) VALUES ('YBBDT','BALANCE OF BLOOD TEST', to_number('6'),'C', to_number('2'));
INSERT INTO REQUIREMENTS (REQT_CODE,REQT_DESC,REQT_VALIDITY,REQT_LEVEL,REQT_FOLLOW_UP_NUM) VALUES ('YBBT1','BALANCE OF BLOOD TEST', to_number('6'),'P', to_number('2'));
INSERT INTO REQUIREMENTS (REQT_CODE,REQT_DESC,REQT_VALIDITY,REQT_LEVEL,REQT_FOLLOW_UP_NUM) VALUES ('YBDR','BORROW FROM DOCTOR', to_number('6'),'C', to_number('2'));
INSERT INTO REQUIREMENTS (REQT_CODE,REQT_DESC,REQT_VALIDITY,REQT_LEVEL,REQT_FOLLOW_UP_NUM) VALUES ('YBDR1','BORROW FROM DOCTOR', to_number('6'),'P', to_number('2'));
INSERT INTO REQUIREMENTS (REQT_CODE,REQT_DESC,REQT_VALIDITY,REQT_LEVEL,REQT_FOLLOW_UP_NUM) VALUES ('YBIOP','REQUIRE BIOPSY REPORT', to_number('6'),'C', to_number('2'));
INSERT INTO REQUIREMENTS (REQT_CODE,REQT_DESC,REQT_VALIDITY,REQT_LEVEL,REQT_FOLLOW_UP_NUM) VALUES ('YBIP1','REQUIRE BIOPSY REPORT', to_number('6'),'P', to_number('2'));
INSERT INTO REQUIREMENTS (REQT_CODE,REQT_DESC,REQT_VALIDITY,REQT_LEVEL,REQT_FOLLOW_UP_NUM) VALUES ('YBOA1','BANKERS ORDER', to_number('12'),'P', to_number('2'));
INSERT INTO REQUIREMENTS (REQT_CODE,REQT_DESC,REQT_VALIDITY,REQT_LEVEL,REQT_FOLLOW_UP_NUM) VALUES ('YBOPA','BANKERS ORDER', to_number('12'),'C', to_number('2'));
INSERT INTO REQUIREMENTS (REQT_CODE,REQT_DESC,REQT_VALIDITY,REQT_LEVEL,REQT_FOLLOW_UP_NUM) VALUES ('YBORR','BORROW RECORD', to_number('1'),'C', to_number('1'));
INSERT INTO REQUIREMENTS (REQT_CODE,REQT_DESC,REQT_VALIDITY,REQT_LEVEL,REQT_FOLLOW_UP_NUM) VALUES ('YBP1','1 AFTERNOON BLOOD PRESSURE', to_number('3'),'C', to_number('2'));
INSERT INTO REQUIREMENTS (REQT_CODE,REQT_DESC,REQT_VALIDITY,REQT_LEVEL,REQT_FOLLOW_UP_NUM) VALUES ('YBP11','1 AFTERNOON BLOOD PRESSURE', to_number('3'),'P', to_number('2'));
INSERT INTO REQUIREMENTS (REQT_CODE,REQT_DESC,REQT_VALIDITY,REQT_LEVEL,REQT_FOLLOW_UP_NUM) VALUES ('YBP2','2 AFTERNOON BLOOD PRESSURE', to_number('3'),'C', to_number('2'));
INSERT INTO REQUIREMENTS (REQT_CODE,REQT_DESC,REQT_VALIDITY,REQT_LEVEL,REQT_FOLLOW_UP_NUM) VALUES ('YBP21','2 AFTERNOON BLOOD PRESSURE', to_number('3'),'P', to_number('2'));
INSERT INTO REQUIREMENTS (REQT_CODE,REQT_DESC,REQT_VALIDITY,REQT_LEVEL,REQT_FOLLOW_UP_NUM) VALUES ('YBR','BOARD RESOLUTION', to_number('12'),'C', to_number('2'));
INSERT INTO REQUIREMENTS (REQT_CODE,REQT_DESC,REQT_VALIDITY,REQT_LEVEL,REQT_FOLLOW_UP_NUM) VALUES ('YBR1','BOARD RESOLUTION', to_number('12'),'P', to_number('2'));
INSERT INTO REQUIREMENTS (REQT_CODE,REQT_DESC,REQT_VALIDITY,REQT_LEVEL,REQT_FOLLOW_UP_NUM) VALUES ('YCBC','COMPLETE BLOOD COUNT', to_number('6'),'C', to_number('2'));
INSERT INTO REQUIREMENTS (REQT_CODE,REQT_DESC,REQT_VALIDITY,REQT_LEVEL,REQT_FOLLOW_UP_NUM) VALUES ('YCBC1','COMPLETE BLOOD COUNT', to_number('6'),'P', to_number('2'));
INSERT INTO REQUIREMENTS (REQT_CODE,REQT_DESC,REQT_VALIDITY,REQT_LEVEL,REQT_FOLLOW_UP_NUM) VALUES ('YCOTN','COTININE TEST', to_number('3'),'C', to_number('1'));
INSERT INTO REQUIREMENTS (REQT_CODE,REQT_DESC,REQT_VALIDITY,REQT_LEVEL,REQT_FOLLOW_UP_NUM) VALUES ('YCOT1','COTININE TEST', to_number('3'),'P', to_number('1'));
INSERT INTO REQUIREMENTS (REQT_CODE,REQT_DESC,REQT_VALIDITY,REQT_LEVEL,REQT_FOLLOW_UP_NUM) VALUES ('YCOVE','EXPLAIN SALE IN LETTER', to_number('12'),'C', to_number('2'));
INSERT INTO REQUIREMENTS (REQT_CODE,REQT_DESC,REQT_VALIDITY,REQT_LEVEL,REQT_FOLLOW_UP_NUM) VALUES ('YCOV1','EXPLAIN SALE IN LETTER', to_number('12'),'P', to_number('2'));
INSERT INTO REQUIREMENTS (REQT_CODE,REQT_DESC,REQT_VALIDITY,REQT_LEVEL,REQT_FOLLOW_UP_NUM) VALUES ('YCPQ','CHEST PAIN QUESTIONNAIRE', to_number('12'),'C', to_number('2'));
INSERT INTO REQUIREMENTS (REQT_CODE,REQT_DESC,REQT_VALIDITY,REQT_LEVEL,REQT_FOLLOW_UP_NUM) VALUES ('YCPQ1','CHEST PAIN QUESTIONNAIRE', to_number('12'),'P', to_number('2'));
INSERT INTO REQUIREMENTS (REQT_CODE,REQT_DESC,REQT_VALIDITY,REQT_LEVEL,REQT_FOLLOW_UP_NUM) VALUES ('YCRD','MED. EXAMINER''S QUALIFICATION', to_number('12'),'C', to_number('2'));
INSERT INTO REQUIREMENTS (REQT_CODE,REQT_DESC,REQT_VALIDITY,REQT_LEVEL,REQT_FOLLOW_UP_NUM) VALUES ('YCRD1','MED. EXAMINER''S QUALIFICATION', to_number('12'),'P', to_number('2'));
INSERT INTO REQUIREMENTS (REQT_CODE,REQT_DESC,REQT_VALIDITY,REQT_LEVEL,REQT_FOLLOW_UP_NUM) VALUES ('YCTR','COPY OF TRUST AGREEMENT', to_number('12'),'C', to_number('2'));
INSERT INTO REQUIREMENTS (REQT_CODE,REQT_DESC,REQT_VALIDITY,REQT_LEVEL,REQT_FOLLOW_UP_NUM) VALUES ('YCTR1','COPY OF TRUST AGREEMENT', to_number('12'),'P', to_number('2'));
INSERT INTO REQUIREMENTS (REQT_CODE,REQT_DESC,REQT_VALIDITY,REQT_LEVEL,REQT_FOLLOW_UP_NUM) VALUES ('YDBQ','DIABETES QUESTIONNAIRE', to_number('12'),'C', to_number('2'));
INSERT INTO REQUIREMENTS (REQT_CODE,REQT_DESC,REQT_VALIDITY,REQT_LEVEL,REQT_FOLLOW_UP_NUM) VALUES ('YDBQ1','DIABETES QUESTIONNAIRE', to_number('12'),'P', to_number('2'));
INSERT INTO REQUIREMENTS (REQT_CODE,REQT_DESC,REQT_VALIDITY,REQT_LEVEL,REQT_FOLLOW_UP_NUM) VALUES ('YDDA','DIRECT DEBIT AUTHORIZATION', to_number('1'),'C', to_number('2'));
INSERT INTO REQUIREMENTS (REQT_CODE,REQT_DESC,REQT_VALIDITY,REQT_LEVEL,REQT_FOLLOW_UP_NUM) VALUES ('YDDA1','DIRECT DEBIT AUTHORIZATION', to_number('1'),'P', to_number('2'));
INSERT INTO REQUIREMENTS (REQT_CODE,REQT_DESC,REQT_VALIDITY,REQT_LEVEL,REQT_FOLLOW_UP_NUM) VALUES ('YDECL','DECLARATION RE: SIGNATURE', to_number('12'),'C', to_number('2'));
INSERT INTO REQUIREMENTS (REQT_CODE,REQT_DESC,REQT_VALIDITY,REQT_LEVEL,REQT_FOLLOW_UP_NUM) VALUES ('YDEC1','DECLARATION RE: SIGNATURE', to_number('12'),'P', to_number('2'));
INSERT INTO REQUIREMENTS (REQT_CODE,REQT_DESC,REQT_VALIDITY,REQT_LEVEL,REQT_FOLLOW_UP_NUM) VALUES ('YDGQ','DIGESTIVE QUESTIONNAIRE', to_number('12'),'C', to_number('2'));
INSERT INTO REQUIREMENTS (REQT_CODE,REQT_DESC,REQT_VALIDITY,REQT_LEVEL,REQT_FOLLOW_UP_NUM) VALUES ('YDGQ1','DIGESTIVE QUESTIONNAIRE', to_number('12'),'P', to_number('2'));
INSERT INTO REQUIREMENTS (REQT_CODE,REQT_DESC,REQT_VALIDITY,REQT_LEVEL,REQT_FOLLOW_UP_NUM) VALUES ('YDRQ','DRUG USAGE QUESTIONNAIRE', to_number('12'),'C', to_number('2'));
INSERT INTO REQUIREMENTS (REQT_CODE,REQT_DESC,REQT_VALIDITY,REQT_LEVEL,REQT_FOLLOW_UP_NUM) VALUES ('YDRQ1','DRUG USAGE QUESTIONNAIRE', to_number('12'),'P', to_number('2'));
INSERT INTO REQUIREMENTS (REQT_CODE,REQT_DESC,REQT_VALIDITY,REQT_LEVEL,REQT_FOLLOW_UP_NUM) VALUES ('YDS','DATE OF SIGNING', to_number('3'),'C', to_number('2'));
INSERT INTO REQUIREMENTS (REQT_CODE,REQT_DESC,REQT_VALIDITY,REQT_LEVEL,REQT_FOLLOW_UP_NUM) VALUES ('YDS1','DATE OF SIGNING', to_number('3'),'P', to_number('2'));
INSERT INTO REQUIREMENTS (REQT_CODE,REQT_DESC,REQT_VALIDITY,REQT_LEVEL,REQT_FOLLOW_UP_NUM) VALUES ('YDUED','SUBMIT AOA RE: DUE DATE', to_number('3'),'C', to_number('2'));
INSERT INTO REQUIREMENTS (REQT_CODE,REQT_DESC,REQT_VALIDITY,REQT_LEVEL,REQT_FOLLOW_UP_NUM) VALUES ('YDUE1','SUBMIT AOA RE: DUE DATE', to_number('3'),'P', to_number('2'));
INSERT INTO REQUIREMENTS (REQT_CODE,REQT_DESC,REQT_VALIDITY,REQT_LEVEL,REQT_FOLLOW_UP_NUM) VALUES ('YDVQ','DIVING QUESTIONNAIRE', to_number('12'),'C', to_number('2'));
INSERT INTO REQUIREMENTS (REQT_CODE,REQT_DESC,REQT_VALIDITY,REQT_LEVEL,REQT_FOLLOW_UP_NUM) VALUES ('YDVQ1','DIVING QUESTIONNAIRE', to_number('12'),'P', to_number('2'));
INSERT INTO REQUIREMENTS (REQT_CODE,REQT_DESC,REQT_VALIDITY,REQT_LEVEL,REQT_FOLLOW_UP_NUM) VALUES ('YECG','12 LEAD RESTING EKG', to_number('6'),'C', to_number('2'));
INSERT INTO REQUIREMENTS (REQT_CODE,REQT_DESC,REQT_VALIDITY,REQT_LEVEL,REQT_FOLLOW_UP_NUM) VALUES ('YECGT','SUBMIT ECG TRACINGS', to_number('6'),'C', to_number('2'));
INSERT INTO REQUIREMENTS (REQT_CODE,REQT_DESC,REQT_VALIDITY,REQT_LEVEL,REQT_FOLLOW_UP_NUM) VALUES ('YECG1','12 LEAD RESTING EKG', to_number('6'),'P', to_number('2'));
INSERT INTO REQUIREMENTS (REQT_CODE,REQT_DESC,REQT_VALIDITY,REQT_LEVEL,REQT_FOLLOW_UP_NUM) VALUES ('YECHO','ECHOCARDIOGRAM', to_number('6'),'C', to_number('2'));
INSERT INTO REQUIREMENTS (REQT_CODE,REQT_DESC,REQT_VALIDITY,REQT_LEVEL,REQT_FOLLOW_UP_NUM) VALUES ('YECH1','ECHOCARDIOGRAM', to_number('6'),'P', to_number('2'));
INSERT INTO REQUIREMENTS (REQT_CODE,REQT_DESC,REQT_VALIDITY,REQT_LEVEL,REQT_FOLLOW_UP_NUM) VALUES ('YECT1','SUBMIT ECG TRACINGS', to_number('6'),'P', to_number('2'));
INSERT INTO REQUIREMENTS (REQT_CODE,REQT_DESC,REQT_VALIDITY,REQT_LEVEL,REQT_FOLLOW_UP_NUM) VALUES ('YEOA','EVIDENCE OF AGE', to_number('12'),'C', to_number('2'));
INSERT INTO REQUIREMENTS (REQT_CODE,REQT_DESC,REQT_VALIDITY,REQT_LEVEL,REQT_FOLLOW_UP_NUM) VALUES ('YEOA1','EVIDENCE OF AGE', to_number('12'),'P', to_number('2'));
INSERT INTO REQUIREMENTS (REQT_CODE,REQT_DESC,REQT_VALIDITY,REQT_LEVEL,REQT_FOLLOW_UP_NUM) VALUES ('YERQ1','MEDICAL EXAMINER''S REPORT QUES', to_number('3'),'P', to_number('2'));
INSERT INTO REQUIREMENTS (REQT_CODE,REQT_DESC,REQT_VALIDITY,REQT_LEVEL,REQT_FOLLOW_UP_NUM) VALUES ('YEXA1','EXAM ON ASSURED', to_number('3'),'P', to_number('2'));
INSERT INTO REQUIREMENTS (REQT_CODE,REQT_DESC,REQT_VALIDITY,REQT_LEVEL,REQT_FOLLOW_UP_NUM) VALUES ('YEXCL','EXCLUSION CLAUSE', to_number('12'),'C', to_number('2'));
INSERT INTO REQUIREMENTS (REQT_CODE,REQT_DESC,REQT_VALIDITY,REQT_LEVEL,REQT_FOLLOW_UP_NUM) VALUES ('YEXC1','EXCLUSION CLAUSE', to_number('12'),'P', to_number('2'));
INSERT INTO REQUIREMENTS (REQT_CODE,REQT_DESC,REQT_VALIDITY,REQT_LEVEL,REQT_FOLLOW_UP_NUM) VALUES ('YEXMA','EXAM ON ASSURED', to_number('3'),'C', to_number('2'));
INSERT INTO REQUIREMENTS (REQT_CODE,REQT_DESC,REQT_VALIDITY,REQT_LEVEL,REQT_FOLLOW_UP_NUM) VALUES ('YEXMO','EXAM ON OWNER', to_number('3'),'C', to_number('2'));
INSERT INTO REQUIREMENTS (REQT_CODE,REQT_DESC,REQT_VALIDITY,REQT_LEVEL,REQT_FOLLOW_UP_NUM) VALUES ('YEXO1','EXAM ON OWNER', to_number('3'),'P', to_number('2'));
INSERT INTO REQUIREMENTS (REQT_CODE,REQT_DESC,REQT_VALIDITY,REQT_LEVEL,REQT_FOLLOW_UP_NUM) VALUES ('YEXRQ','MEDICAL EXAMINER''S REPORT QS', to_number('3'),'C', to_number('2'));
INSERT INTO REQUIREMENTS (REQT_CODE,REQT_DESC,REQT_VALIDITY,REQT_LEVEL,REQT_FOLLOW_UP_NUM) VALUES ('YEXT','EXTENSION GRANTED', to_number('1'),'C', to_number('2'));
INSERT INTO REQUIREMENTS (REQT_CODE,REQT_DESC,REQT_VALIDITY,REQT_LEVEL,REQT_FOLLOW_UP_NUM) VALUES ('YEXT1','EXTENSION GRANTED', to_number('1'),'P', to_number('2'));
INSERT INTO REQUIREMENTS (REQT_CODE,REQT_DESC,REQT_VALIDITY,REQT_LEVEL,REQT_FOLLOW_UP_NUM) VALUES ('YFQ','FINANCIAL QUESTIONNAIRE', to_number('12'),'C', to_number('2'));
INSERT INTO REQUIREMENTS (REQT_CODE,REQT_DESC,REQT_VALIDITY,REQT_LEVEL,REQT_FOLLOW_UP_NUM) VALUES ('YFQ1','FINANCIAL QUESTIONNAIRE', to_number('12'),'P', to_number('2'));
INSERT INTO REQUIREMENTS (REQT_CODE,REQT_DESC,REQT_VALIDITY,REQT_LEVEL,REQT_FOLLOW_UP_NUM) VALUES ('YHBAI','GLYCOSYLATED HEMOGLOBIN', to_number('6'),'C', to_number('2'));
INSERT INTO REQUIREMENTS (REQT_CODE,REQT_DESC,REQT_VALIDITY,REQT_LEVEL,REQT_FOLLOW_UP_NUM) VALUES ('YHBA1','GLYCOSYLATED HEMOGLOBIN', to_number('6'),'P', to_number('2'));
INSERT INTO REQUIREMENTS (REQT_CODE,REQT_DESC,REQT_VALIDITY,REQT_LEVEL,REQT_FOLLOW_UP_NUM) VALUES ('YHCH','HEART CHART BY MD', to_number('6'),'C', to_number('2'));
INSERT INTO REQUIREMENTS (REQT_CODE,REQT_DESC,REQT_VALIDITY,REQT_LEVEL,REQT_FOLLOW_UP_NUM) VALUES ('YHCH1','HEART CHART BY MD', to_number('6'),'P', to_number('2'));
INSERT INTO REQUIREMENTS (REQT_CODE,REQT_DESC,REQT_VALIDITY,REQT_LEVEL,REQT_FOLLOW_UP_NUM) VALUES ('YHEPA','BLOOD TEST FOR HBSAG AND HBEAG', to_number('6'),'C', to_number('2'));
INSERT INTO REQUIREMENTS (REQT_CODE,REQT_DESC,REQT_VALIDITY,REQT_LEVEL,REQT_FOLLOW_UP_NUM) VALUES ('YHEPB','HBSAG,HBEAG,SGOT,SGPT,GGT,AFP', to_number('6'),'C', to_number('2'));
INSERT INTO REQUIREMENTS (REQT_CODE,REQT_DESC,REQT_VALIDITY,REQT_LEVEL,REQT_FOLLOW_UP_NUM) VALUES ('YHEP1','BLOOD TEST FOR HBSAG AND HBEAG', to_number('6'),'P', to_number('2'));
INSERT INTO REQUIREMENTS (REQT_CODE,REQT_DESC,REQT_VALIDITY,REQT_LEVEL,REQT_FOLLOW_UP_NUM) VALUES ('YHIV','BLOOD TEST FOR HIV', to_number('6'),'C', to_number('2'));
INSERT INTO REQUIREMENTS (REQT_CODE,REQT_DESC,REQT_VALIDITY,REQT_LEVEL,REQT_FOLLOW_UP_NUM) VALUES ('YHIV1','BLOOD TEST FOR HIV', to_number('6'),'P', to_number('2'));
INSERT INTO REQUIREMENTS (REQT_CODE,REQT_DESC,REQT_VALIDITY,REQT_LEVEL,REQT_FOLLOW_UP_NUM) VALUES ('YHPB1','HBSAG,HBEAG,SGOT,SGPT,GGT,AFP', to_number('6'),'P', to_number('2'));
INSERT INTO REQUIREMENTS (REQT_CODE,REQT_DESC,REQT_VALIDITY,REQT_LEVEL,REQT_FOLLOW_UP_NUM) VALUES ('YID','IDENTIFICATION (HK)', to_number('12'),'C', to_number('2'));
INSERT INTO REQUIREMENTS (REQT_CODE,REQT_DESC,REQT_VALIDITY,REQT_LEVEL,REQT_FOLLOW_UP_NUM) VALUES ('YID1','IDENTIFICATION (HK)', to_number('12'),'P', to_number('2'));
INSERT INTO REQUIREMENTS (REQT_CODE,REQT_DESC,REQT_VALIDITY,REQT_LEVEL,REQT_FOLLOW_UP_NUM) VALUES ('YIES','INFORMATION EXCHANGE SYSTEM', to_number('6'),'C', to_number('2'));
INSERT INTO REQUIREMENTS (REQT_CODE,REQT_DESC,REQT_VALIDITY,REQT_LEVEL,REQT_FOLLOW_UP_NUM) VALUES ('YIES1','INFORMATION EXCHANGE SYSTEM', to_number('6'),'P', to_number('2'));
INSERT INTO REQUIREMENTS (REQT_CODE,REQT_DESC,REQT_VALIDITY,REQT_LEVEL,REQT_FOLLOW_UP_NUM) VALUES ('YINC','AMOUNT OF INCOME', to_number('12'),'C', to_number('2'));
INSERT INTO REQUIREMENTS (REQT_CODE,REQT_DESC,REQT_VALIDITY,REQT_LEVEL,REQT_FOLLOW_UP_NUM) VALUES ('YINC1','AMOUNT OF INCOME', to_number('12'),'P', to_number('2'));
INSERT INTO REQUIREMENTS (REQT_CODE,REQT_DESC,REQT_VALIDITY,REQT_LEVEL,REQT_FOLLOW_UP_NUM) VALUES ('YITR','INCOME TAX RETURN', to_number('12'),'C', to_number('2'));
INSERT INTO REQUIREMENTS (REQT_CODE,REQT_DESC,REQT_VALIDITY,REQT_LEVEL,REQT_FOLLOW_UP_NUM) VALUES ('YITR1','INCOME TAX RETURN', to_number('12'),'P', to_number('2'));
INSERT INTO REQUIREMENTS (REQT_CODE,REQT_DESC,REQT_VALIDITY,REQT_LEVEL,REQT_FOLLOW_UP_NUM) VALUES ('YLCQ','LOSS OF CONSCIOUSNESS QUES', to_number('12'),'C', to_number('2'));
INSERT INTO REQUIREMENTS (REQT_CODE,REQT_DESC,REQT_VALIDITY,REQT_LEVEL,REQT_FOLLOW_UP_NUM) VALUES ('YLCQ1','LOSS OF CONSCIOUSNESS QUES', to_number('12'),'P', to_number('2'));
INSERT INTO REQUIREMENTS (REQT_CODE,REQT_DESC,REQT_VALIDITY,REQT_LEVEL,REQT_FOLLOW_UP_NUM) VALUES ('YLFTS','BLD TEST FOR SGOT, SGPT \& GGT', to_number('6'),'C', to_number('2'));
INSERT INTO REQUIREMENTS (REQT_CODE,REQT_DESC,REQT_VALIDITY,REQT_LEVEL,REQT_FOLLOW_UP_NUM) VALUES ('YLFT1','BLD TEST FOR SGOT, SGPT \& GGT', to_number('6'),'P', to_number('2'));
INSERT INTO REQUIREMENTS (REQT_CODE,REQT_DESC,REQT_VALIDITY,REQT_LEVEL,REQT_FOLLOW_UP_NUM) VALUES ('YLOAN','LOAN AGREEMENT FORM', to_number('12'),'C', to_number('1'));
INSERT INTO REQUIREMENTS (REQT_CODE,REQT_DESC,REQT_VALIDITY,REQT_LEVEL,REQT_FOLLOW_UP_NUM) VALUES ('YLOCI','LOCATION - ISSUE', to_number('12'),'P', to_number('2'));
INSERT INTO REQUIREMENTS (REQT_CODE,REQT_DESC,REQT_VALIDITY,REQT_LEVEL,REQT_FOLLOW_UP_NUM) VALUES ('YLOCU','LOCATION - UNDERWRITING', to_number('12'),'C', to_number('2'));
INSERT INTO REQUIREMENTS (REQT_CODE,REQT_DESC,REQT_VALIDITY,REQT_LEVEL,REQT_FOLLOW_UP_NUM) VALUES ('YLUSR','LUS REJECT', to_number('12'),'C', to_number('2'));
INSERT INTO REQUIREMENTS (REQT_CODE,REQT_DESC,REQT_VALIDITY,REQT_LEVEL,REQT_FOLLOW_UP_NUM) VALUES ('YMCQ','MOUNTAIN CLIMBING QUES', to_number('12'),'C', to_number('2'));
INSERT INTO REQUIREMENTS (REQT_CODE,REQT_DESC,REQT_VALIDITY,REQT_LEVEL,REQT_FOLLOW_UP_NUM) VALUES ('YMCQ1','MOUNTAIN CLIMBING QUES', to_number('12'),'P', to_number('2'));
INSERT INTO REQUIREMENTS (REQT_CODE,REQT_DESC,REQT_VALIDITY,REQT_LEVEL,REQT_FOLLOW_UP_NUM) VALUES ('YMEDX','EXAM NOT YET RECEIVED', to_number('3'),'C', to_number('3'));
INSERT INTO REQUIREMENTS (REQT_CODE,REQT_DESC,REQT_VALIDITY,REQT_LEVEL,REQT_FOLLOW_UP_NUM) VALUES ('YMED1','EXAM NOT YET RECEIVED', to_number('3'),'P', to_number('3'));
INSERT INTO REQUIREMENTS (REQT_CODE,REQT_DESC,REQT_VALIDITY,REQT_LEVEL,REQT_FOLLOW_UP_NUM) VALUES ('YMIB','MEDICAL INFORMATION BUREAU', to_number('12'),'C', to_number('2'));
INSERT INTO REQUIREMENTS (REQT_CODE,REQT_DESC,REQT_VALIDITY,REQT_LEVEL,REQT_FOLLOW_UP_NUM) VALUES ('YMIB1','MEDICAL INFORMATION BUREAU', to_number('12'),'P', to_number('2'));
INSERT INTO REQUIREMENTS (REQT_CODE,REQT_DESC,REQT_VALIDITY,REQT_LEVEL,REQT_FOLLOW_UP_NUM) VALUES ('YMICR','MICRO-ALBUMIN', to_number('3'),'C', to_number('1'));
INSERT INTO REQUIREMENTS (REQT_CODE,REQT_DESC,REQT_VALIDITY,REQT_LEVEL,REQT_FOLLOW_UP_NUM) VALUES ('YMIC1','MICRO-ALBUMIN', to_number('3'),'P', to_number('1'));
INSERT INTO REQUIREMENTS (REQT_CODE,REQT_DESC,REQT_VALIDITY,REQT_LEVEL,REQT_FOLLOW_UP_NUM) VALUES ('YNIC','NICOTINE TEST', to_number('3'),'C', to_number('2'));
INSERT INTO REQUIREMENTS (REQT_CODE,REQT_DESC,REQT_VALIDITY,REQT_LEVEL,REQT_FOLLOW_UP_NUM) VALUES ('YNIC1','NICOTINE TEST', to_number('3'),'P', to_number('2'));
INSERT INTO REQUIREMENTS (REQT_CODE,REQT_DESC,REQT_VALIDITY,REQT_LEVEL,REQT_FOLLOW_UP_NUM) VALUES ('YNMA','NON MED ON ASSURED', to_number('3'),'P', to_number('2'));
INSERT INTO REQUIREMENTS (REQT_CODE,REQT_DESC,REQT_VALIDITY,REQT_LEVEL,REQT_FOLLOW_UP_NUM) VALUES ('YNMOW','NON MED ON OWNER', to_number('3'),'P', to_number('2'));
INSERT INTO REQUIREMENTS (REQT_CODE,REQT_DESC,REQT_VALIDITY,REQT_LEVEL,REQT_FOLLOW_UP_NUM) VALUES ('YNPI','NEW PART I', to_number('3'),'C', to_number('2'));
INSERT INTO REQUIREMENTS (REQT_CODE,REQT_DESC,REQT_VALIDITY,REQT_LEVEL,REQT_FOLLOW_UP_NUM) VALUES ('YNPI1','NEW PART I', to_number('3'),'P', to_number('2'));
INSERT INTO REQUIREMENTS (REQT_CODE,REQT_DESC,REQT_VALIDITY,REQT_LEVEL,REQT_FOLLOW_UP_NUM) VALUES ('YOFF','ADVICE OF OFFER', to_number('1'),'P', to_number('2'));
INSERT INTO REQUIREMENTS (REQT_CODE,REQT_DESC,REQT_VALIDITY,REQT_LEVEL,REQT_FOLLOW_UP_NUM) VALUES ('YOOO1','OTHER REQUIREMENTS', to_number('12'),'C', to_number('2'));
INSERT INTO REQUIREMENTS (REQT_CODE,REQT_DESC,REQT_VALIDITY,REQT_LEVEL,REQT_FOLLOW_UP_NUM) VALUES ('YOOO2','OTHER REQUIREMENTS', to_number('12'),'C', to_number('2'));
INSERT INTO REQUIREMENTS (REQT_CODE,REQT_DESC,REQT_VALIDITY,REQT_LEVEL,REQT_FOLLOW_UP_NUM) VALUES ('YOO11','OTHER REQUIREMENTS', to_number('12'),'P', to_number('2'));
INSERT INTO REQUIREMENTS (REQT_CODE,REQT_DESC,REQT_VALIDITY,REQT_LEVEL,REQT_FOLLOW_UP_NUM) VALUES ('YOO12','OTHER REQUIREMENT', to_number('12'),'P', to_number('2'));
INSERT INTO REQUIREMENTS (REQT_CODE,REQT_DESC,REQT_VALIDITY,REQT_LEVEL,REQT_FOLLOW_UP_NUM) VALUES ('YPARA','PARAMEDICAL', to_number('3'),'C', to_number('2'));
INSERT INTO REQUIREMENTS (REQT_CODE,REQT_DESC,REQT_VALIDITY,REQT_LEVEL,REQT_FOLLOW_UP_NUM) VALUES ('YPAR1','PARAMEDICAL', to_number('3'),'P', to_number('2'));
INSERT INTO REQUIREMENTS (REQT_CODE,REQT_DESC,REQT_VALIDITY,REQT_LEVEL,REQT_FOLLOW_UP_NUM) VALUES ('YPAY1','AWTG. ADDT''L./INITIAL PREMIUM', to_number('1'),'P', to_number('1'));
INSERT INTO REQUIREMENTS (REQT_CODE,REQT_DESC,REQT_VALIDITY,REQT_LEVEL,REQT_FOLLOW_UP_NUM) VALUES ('YPBM','PREMIUM BELOW MINIMUM', to_number('1'),'P', to_number('2'));
INSERT INTO REQUIREMENTS (REQT_CODE,REQT_DESC,REQT_VALIDITY,REQT_LEVEL,REQT_FOLLOW_UP_NUM) VALUES ('YPCI','PERSONAL CERT OF INSURABILITY', to_number('3'),'C', to_number('2'));
INSERT INTO REQUIREMENTS (REQT_CODE,REQT_DESC,REQT_VALIDITY,REQT_LEVEL,REQT_FOLLOW_UP_NUM) VALUES ('YPCI1','PERSONAL CERT OF INSURABILITY', to_number('3'),'P', to_number('2'));
INSERT INTO REQUIREMENTS (REQT_CODE,REQT_DESC,REQT_VALIDITY,REQT_LEVEL,REQT_FOLLOW_UP_NUM) VALUES ('YPFP','PERSONAL FINANCIAL PLANNING', to_number('12'),'C', to_number('2'));
INSERT INTO REQUIREMENTS (REQT_CODE,REQT_DESC,REQT_VALIDITY,REQT_LEVEL,REQT_FOLLOW_UP_NUM) VALUES ('YPFP1','PERSONAL FINANCIAL PLANNING', to_number('12'),'P', to_number('2'));
INSERT INTO REQUIREMENTS (REQT_CODE,REQT_DESC,REQT_VALIDITY,REQT_LEVEL,REQT_FOLLOW_UP_NUM) VALUES ('YPFT','PULMONARY FUNCTION TEST', to_number('6'),'C', to_number('2'));
INSERT INTO REQUIREMENTS (REQT_CODE,REQT_DESC,REQT_VALIDITY,REQT_LEVEL,REQT_FOLLOW_UP_NUM) VALUES ('YPFT1','PULMONARY FUNCTION TEST', to_number('6'),'P', to_number('2'));
INSERT INTO REQUIREMENTS (REQT_CODE,REQT_DESC,REQT_VALIDITY,REQT_LEVEL,REQT_FOLLOW_UP_NUM) VALUES ('YPNE','POLICY NUMBER OF EXISTING', to_number('12'),'C', to_number('2'));
INSERT INTO REQUIREMENTS (REQT_CODE,REQT_DESC,REQT_VALIDITY,REQT_LEVEL,REQT_FOLLOW_UP_NUM) VALUES ('YPNE1','POLICY NUMBER OF EXISTING', to_number('12'),'P', to_number('2'));
INSERT INTO REQUIREMENTS (REQT_CODE,REQT_DESC,REQT_VALIDITY,REQT_LEVEL,REQT_FOLLOW_UP_NUM) VALUES ('YPOO','PROOF OF OWNERSHIP (TCT ETC.)', to_number('12'),'C', to_number('2'));
INSERT INTO REQUIREMENTS (REQT_CODE,REQT_DESC,REQT_VALIDITY,REQT_LEVEL,REQT_FOLLOW_UP_NUM) VALUES ('YPOO1','PROOF OF OWNERSHIP (TCT ETC.)', to_number('12'),'P', to_number('2'));
INSERT INTO REQUIREMENTS (REQT_CODE,REQT_DESC,REQT_VALIDITY,REQT_LEVEL,REQT_FOLLOW_UP_NUM) VALUES ('YPOS','PROOF OF STATUS OF STAY', to_number('12'),'C', to_number('2'));
INSERT INTO REQUIREMENTS (REQT_CODE,REQT_DESC,REQT_VALIDITY,REQT_LEVEL,REQT_FOLLOW_UP_NUM) VALUES ('YPOS1','PROOF OF STATUS OF STAY', to_number('12'),'P', to_number('2'));
INSERT INTO REQUIREMENTS (REQT_CODE,REQT_DESC,REQT_VALIDITY,REQT_LEVEL,REQT_FOLLOW_UP_NUM) VALUES ('YPREF','REQUEST PREVIOUS FILE', to_number('1'),'C', to_number('2'));
INSERT INTO REQUIREMENTS (REQT_CODE,REQT_DESC,REQT_VALIDITY,REQT_LEVEL,REQT_FOLLOW_UP_NUM) VALUES ('YPRE1','EXAM BY PREFERRED', to_number('3'),'P', to_number('2'));
INSERT INTO REQUIREMENTS (REQT_CODE,REQT_DESC,REQT_VALIDITY,REQT_LEVEL,REQT_FOLLOW_UP_NUM) VALUES ('YPRM','COLLECT PREMIUM', to_number('1'),'C', to_number('2'));
INSERT INTO REQUIREMENTS (REQT_CODE,REQT_DESC,REQT_VALIDITY,REQT_LEVEL,REQT_FOLLOW_UP_NUM) VALUES ('YPRM1','COLLECT PREMIUM', to_number('1'),'P', to_number('2'));
INSERT INTO REQUIREMENTS (REQT_CODE,REQT_DESC,REQT_VALIDITY,REQT_LEVEL,REQT_FOLLOW_UP_NUM) VALUES ('YPRV1','REQUEST PREVIOUS FILE', to_number('1'),'P', to_number('2'));
INSERT INTO REQUIREMENTS (REQT_CODE,REQT_DESC,REQT_VALIDITY,REQT_LEVEL,REQT_FOLLOW_UP_NUM) VALUES ('YPSA','PROSTATIC SPECIFIC ANTIGEN', to_number('3'),'C', to_number('2'));
INSERT INTO REQUIREMENTS (REQT_CODE,REQT_DESC,REQT_VALIDITY,REQT_LEVEL,REQT_FOLLOW_UP_NUM) VALUES ('YPSA1','PROSTATIC SPECIFIC ANTIGEN', to_number('3'),'P', to_number('2'));
INSERT INTO REQUIREMENTS (REQT_CODE,REQT_DESC,REQT_VALIDITY,REQT_LEVEL,REQT_FOLLOW_UP_NUM) VALUES ('YPSQ','PARACHUTING/SKYDIVING QUES', to_number('12'),'C', to_number('2'));
INSERT INTO REQUIREMENTS (REQT_CODE,REQT_DESC,REQT_VALIDITY,REQT_LEVEL,REQT_FOLLOW_UP_NUM) VALUES ('YPSQ1','PARACHUTING/SKYDIVING QUES', to_number('12'),'P', to_number('2'));
INSERT INTO REQUIREMENTS (REQT_CODE,REQT_DESC,REQT_VALIDITY,REQT_LEVEL,REQT_FOLLOW_UP_NUM) VALUES ('YRAP','NAME \& ADD OF REG ATTDG DOCTOR', to_number('1'),'C', to_number('2'));
INSERT INTO REQUIREMENTS (REQT_CODE,REQT_DESC,REQT_VALIDITY,REQT_LEVEL,REQT_FOLLOW_UP_NUM) VALUES ('YRAP1','NAME \& ADD OF REG ATTDG DOCTOR', to_number('1'),'P', to_number('2'));
INSERT INTO REQUIREMENTS (REQT_CODE,REQT_DESC,REQT_VALIDITY,REQT_LEVEL,REQT_FOLLOW_UP_NUM) VALUES ('YREBE','RELATIONSHIP OF BENEFICIARIES', to_number('12'),'C', to_number('2'));
INSERT INTO REQUIREMENTS (REQT_CODE,REQT_DESC,REQT_VALIDITY,REQT_LEVEL,REQT_FOLLOW_UP_NUM) VALUES ('YREB1','RELATIONSHIP OF BENEFICIARIES', to_number('12'),'P', to_number('2'));
INSERT INTO REQUIREMENTS (REQT_CODE,REQT_DESC,REQT_VALIDITY,REQT_LEVEL,REQT_FOLLOW_UP_NUM) VALUES ('YRECD','RECEIVED APPLICATION BY USD', to_number('12'),'C', to_number('2'));
INSERT INTO REQUIREMENTS (REQT_CODE,REQT_DESC,REQT_VALIDITY,REQT_LEVEL,REQT_FOLLOW_UP_NUM) VALUES ('YRECO','RECONSIDERATION', to_number('1'),'C', to_number('2'));
INSERT INTO REQUIREMENTS (REQT_CODE,REQT_DESC,REQT_VALIDITY,REQT_LEVEL,REQT_FOLLOW_UP_NUM) VALUES ('YREC1','RECONSIDERATION', to_number('1'),'P', to_number('2'));
INSERT INTO REQUIREMENTS (REQT_CODE,REQT_DESC,REQT_VALIDITY,REQT_LEVEL,REQT_FOLLOW_UP_NUM) VALUES ('YRED1','RECEIVED APPLICATION BY USD', to_number('12'),'P', to_number('2'));
INSERT INTO REQUIREMENTS (REQT_CODE,REQT_DESC,REQT_VALIDITY,REQT_LEVEL,REQT_FOLLOW_UP_NUM) VALUES ('YREI1','REINSURANCE - LNL', to_number('1'),'P', to_number('2'));
INSERT INTO REQUIREMENTS (REQT_CODE,REQT_DESC,REQT_VALIDITY,REQT_LEVEL,REQT_FOLLOW_UP_NUM) VALUES ('YREI2','REINSURANCE - MANURE', to_number('1'),'P', to_number('2'));
INSERT INTO REQUIREMENTS (REQT_CODE,REQT_DESC,REQT_VALIDITY,REQT_LEVEL,REQT_FOLLOW_UP_NUM) VALUES ('YREI3','REINSURANCE - UNIRE', to_number('1'),'P', to_number('2'));
INSERT INTO REQUIREMENTS (REQT_CODE,REQT_DESC,REQT_VALIDITY,REQT_LEVEL,REQT_FOLLOW_UP_NUM) VALUES ('YRET1','RETURN PART I', to_number('3'),'C', to_number('1'));
INSERT INTO REQUIREMENTS (REQT_CODE,REQT_DESC,REQT_VALIDITY,REQT_LEVEL,REQT_FOLLOW_UP_NUM) VALUES ('YRET2','RETURN PART II', to_number('3'),'C', to_number('1'));
INSERT INTO REQUIREMENTS (REQT_CODE,REQT_DESC,REQT_VALIDITY,REQT_LEVEL,REQT_FOLLOW_UP_NUM) VALUES ('YREXM','REQUIRE EXAM ATTENTION TO:', to_number('3'),'C', to_number('3'));
INSERT INTO REQUIREMENTS (REQT_CODE,REQT_DESC,REQT_VALIDITY,REQT_LEVEL,REQT_FOLLOW_UP_NUM) VALUES ('YREX1','REQUIRE EXAM ATTENTION TO:', to_number('3'),'P', to_number('2'));
INSERT INTO REQUIREMENTS (REQT_CODE,REQT_DESC,REQT_VALIDITY,REQT_LEVEL,REQT_FOLLOW_UP_NUM) VALUES ('YRFT','BLD TEST FOR BUN \& CREATININE', to_number('6'),'C', to_number('2'));
INSERT INTO REQUIREMENTS (REQT_CODE,REQT_DESC,REQT_VALIDITY,REQT_LEVEL,REQT_FOLLOW_UP_NUM) VALUES ('YRFT1','BLD TEST FOR BUN \& CREATININE', to_number('6'),'P', to_number('2'));
INSERT INTO REQUIREMENTS (REQT_CODE,REQT_DESC,REQT_VALIDITY,REQT_LEVEL,REQT_FOLLOW_UP_NUM) VALUES ('YRIR','AWAITING INSPECTION REPORT', to_number('12'),'C', to_number('2'));
INSERT INTO REQUIREMENTS (REQT_CODE,REQT_DESC,REQT_VALIDITY,REQT_LEVEL,REQT_FOLLOW_UP_NUM) VALUES ('YRIR1','AWAITING INSPECTION REPORT', to_number('12'),'P', to_number('2'));
INSERT INTO REQUIREMENTS (REQT_CODE,REQT_DESC,REQT_VALIDITY,REQT_LEVEL,REQT_FOLLOW_UP_NUM) VALUES ('YRMO','REFERRED FOR MEDICAL OPINION', to_number('1'),'C', to_number('2'));
INSERT INTO REQUIREMENTS (REQT_CODE,REQT_DESC,REQT_VALIDITY,REQT_LEVEL,REQT_FOLLOW_UP_NUM) VALUES ('YRMO1','REFERRED FOR MEDICAL OPINION', to_number('1'),'P', to_number('2'));
INSERT INTO REQUIREMENTS (REQT_CODE,REQT_DESC,REQT_VALIDITY,REQT_LEVEL,REQT_FOLLOW_UP_NUM) VALUES ('YRUR','REQUIRE MICROURINALYSIS', to_number('6'),'C', to_number('2'));
INSERT INTO REQUIREMENTS (REQT_CODE,REQT_DESC,REQT_VALIDITY,REQT_LEVEL,REQT_FOLLOW_UP_NUM) VALUES ('YRUR1','REQUIRE MICROURINALYSIS', to_number('6'),'P', to_number('2'));
INSERT INTO REQUIREMENTS (REQT_CODE,REQT_DESC,REQT_VALIDITY,REQT_LEVEL,REQT_FOLLOW_UP_NUM) VALUES ('YRUR2','2 MICROS ON 2 DIFFERENT DAYS', to_number('3'),'C', to_number('2'));
INSERT INTO REQUIREMENTS (REQT_CODE,REQT_DESC,REQT_VALIDITY,REQT_LEVEL,REQT_FOLLOW_UP_NUM) VALUES ('YRU21','2 MICROS ON 2 DIFFERENT DAYS', to_number('3'),'P', to_number('2'));
INSERT INTO REQUIREMENTS (REQT_CODE,REQT_DESC,REQT_VALIDITY,REQT_LEVEL,REQT_FOLLOW_UP_NUM) VALUES ('YSIGN','SIGNATURE MISSING', to_number('1'),'C', to_number('2'));
INSERT INTO REQUIREMENTS (REQT_CODE,REQT_DESC,REQT_VALIDITY,REQT_LEVEL,REQT_FOLLOW_UP_NUM) VALUES ('YSIG1','SIGNATURE MISSING', to_number('1'),'P', to_number('2'));
INSERT INTO REQUIREMENTS (REQT_CODE,REQT_DESC,REQT_VALIDITY,REQT_LEVEL,REQT_FOLLOW_UP_NUM) VALUES ('YSLIM','SEE SLIMS:', to_number('1'),'C', to_number('2'));
INSERT INTO REQUIREMENTS (REQT_CODE,REQT_DESC,REQT_VALIDITY,REQT_LEVEL,REQT_FOLLOW_UP_NUM) VALUES ('YSLI1','SEE SLIMS:', to_number('1'),'P', to_number('2'));
INSERT INTO REQUIREMENTS (REQT_CODE,REQT_DESC,REQT_VALIDITY,REQT_LEVEL,REQT_FOLLOW_UP_NUM) VALUES ('YSM13','SUNLIFE 13', to_number('6'),'C', to_number('2'));
INSERT INTO REQUIREMENTS (REQT_CODE,REQT_DESC,REQT_VALIDITY,REQT_LEVEL,REQT_FOLLOW_UP_NUM) VALUES ('YSM31','SUNLIFE 13', to_number('6'),'P', to_number('2'));
INSERT INTO REQUIREMENTS (REQT_CODE,REQT_DESC,REQT_VALIDITY,REQT_LEVEL,REQT_FOLLOW_UP_NUM) VALUES ('YSPDR','SPEEDY REJECT', to_number('12'),'C', to_number('2'));
INSERT INTO REQUIREMENTS (REQT_CODE,REQT_DESC,REQT_VALIDITY,REQT_LEVEL,REQT_FOLLOW_UP_NUM) VALUES ('YSPLT','EXAM BY SPECIAL LIMITED', to_number('3'),'C', to_number('2'));
INSERT INTO REQUIREMENTS (REQT_CODE,REQT_DESC,REQT_VALIDITY,REQT_LEVEL,REQT_FOLLOW_UP_NUM) VALUES ('YSPL1','EXAM BY SPECIAL LIMITED', to_number('3'),'P', to_number('2'));
INSERT INTO REQUIREMENTS (REQT_CODE,REQT_DESC,REQT_VALIDITY,REQT_LEVEL,REQT_FOLLOW_UP_NUM) VALUES ('YSPNO','EXAM BY SPECIAL NO LIMIT', to_number('3'),'C', to_number('2'));
INSERT INTO REQUIREMENTS (REQT_CODE,REQT_DESC,REQT_VALIDITY,REQT_LEVEL,REQT_FOLLOW_UP_NUM) VALUES ('YSPN1','EXAM BY SPECIAL NO LIMIT', to_number('3'),'P', to_number('2'));
INSERT INTO REQUIREMENTS (REQT_CODE,REQT_DESC,REQT_VALIDITY,REQT_LEVEL,REQT_FOLLOW_UP_NUM) VALUES ('YSPS','SIGNATURE ON PROPER SPACES', to_number('3'),'C', to_number('2'));
INSERT INTO REQUIREMENTS (REQT_CODE,REQT_DESC,REQT_VALIDITY,REQT_LEVEL,REQT_FOLLOW_UP_NUM) VALUES ('YSPS1','SIGNATURE ON PROPER SPACES', to_number('3'),'P', to_number('2'));
INSERT INTO REQUIREMENTS (REQT_CODE,REQT_DESC,REQT_VALIDITY,REQT_LEVEL,REQT_FOLLOW_UP_NUM) VALUES ('YSREM','PAY SHORT REMITTANCE', to_number('1'),'P', to_number('2'));
INSERT INTO REQUIREMENTS (REQT_CODE,REQT_DESC,REQT_VALIDITY,REQT_LEVEL,REQT_FOLLOW_UP_NUM) VALUES ('YSUBE','SURNAME OF BENEFICIARIES', to_number('12'),'C', to_number('2'));
INSERT INTO REQUIREMENTS (REQT_CODE,REQT_DESC,REQT_VALIDITY,REQT_LEVEL,REQT_FOLLOW_UP_NUM) VALUES ('YSUB1','SURNAME OF BENEFICIARIES', to_number('12'),'P', to_number('2'));
INSERT INTO REQUIREMENTS (REQT_CODE,REQT_DESC,REQT_VALIDITY,REQT_LEVEL,REQT_FOLLOW_UP_NUM) VALUES ('YTC','TRANSLATION CLAUSE', to_number('12'),'C', to_number('2'));
INSERT INTO REQUIREMENTS (REQT_CODE,REQT_DESC,REQT_VALIDITY,REQT_LEVEL,REQT_FOLLOW_UP_NUM) VALUES ('YTC1','TRANSLATION CLAUSE', to_number('12'),'P', to_number('2'));
INSERT INTO REQUIREMENTS (REQT_CODE,REQT_DESC,REQT_VALIDITY,REQT_LEVEL,REQT_FOLLOW_UP_NUM) VALUES ('YTHAL','TREADMILL WITH THALLIUM', to_number('6'),'C', to_number('2'));
INSERT INTO REQUIREMENTS (REQT_CODE,REQT_DESC,REQT_VALIDITY,REQT_LEVEL,REQT_FOLLOW_UP_NUM) VALUES ('YTHA1','TREADMILL WITH THALLIUM', to_number('6'),'P', to_number('2'));
INSERT INTO REQUIREMENTS (REQT_CODE,REQT_DESC,REQT_VALIDITY,REQT_LEVEL,REQT_FOLLOW_UP_NUM) VALUES ('YTM','TREADMILL', to_number('6'),'C', to_number('2'));
INSERT INTO REQUIREMENTS (REQT_CODE,REQT_DESC,REQT_VALIDITY,REQT_LEVEL,REQT_FOLLOW_UP_NUM) VALUES ('YTMTR','SUBMIT TREADMILL TRACINGS', to_number('6'),'C', to_number('2'));
INSERT INTO REQUIREMENTS (REQT_CODE,REQT_DESC,REQT_VALIDITY,REQT_LEVEL,REQT_FOLLOW_UP_NUM) VALUES ('YTMT1','SUBMIT TREADMILL TRACINGS', to_number('6'),'P', to_number('2'));
INSERT INTO REQUIREMENTS (REQT_CODE,REQT_DESC,REQT_VALIDITY,REQT_LEVEL,REQT_FOLLOW_UP_NUM) VALUES ('YTM1','TREADMILL', to_number('6'),'P', to_number('2'));
INSERT INTO REQUIREMENTS (REQT_CODE,REQT_DESC,REQT_VALIDITY,REQT_LEVEL,REQT_FOLLOW_UP_NUM) VALUES ('YTRD','TRUST DECLARATION', to_number('3'),'C', to_number('2'));
INSERT INTO REQUIREMENTS (REQT_CODE,REQT_DESC,REQT_VALIDITY,REQT_LEVEL,REQT_FOLLOW_UP_NUM) VALUES ('YTRD1','TRUST DECLARATION', to_number('3'),'P', to_number('2'));
INSERT INTO REQUIREMENTS (REQT_CODE,REQT_DESC,REQT_VALIDITY,REQT_LEVEL,REQT_FOLLOW_UP_NUM) VALUES ('YUWD1','UNDERWRITING DECISION', to_number('1'),'P', to_number('1'));
INSERT INTO REQUIREMENTS (REQT_CODE,REQT_DESC,REQT_VALIDITY,REQT_LEVEL,REQT_FOLLOW_UP_NUM) VALUES ('YWARN','GET PREV FILE-RECHECK DECISION', to_number('99'),'C', to_number('3'));
INSERT INTO REQUIREMENTS (REQT_CODE,REQT_DESC,REQT_VALIDITY,REQT_LEVEL,REQT_FOLLOW_UP_NUM) VALUES ('YXRP1','SUBMIT CHEST X-RAY PLATE', to_number('6'),'P', to_number('2'));
INSERT INTO REQUIREMENTS (REQT_CODE,REQT_DESC,REQT_VALIDITY,REQT_LEVEL,REQT_FOLLOW_UP_NUM) VALUES ('YXRY','CHEST X-RAY', to_number('6'),'C', to_number('2'));
INSERT INTO REQUIREMENTS (REQT_CODE,REQT_DESC,REQT_VALIDITY,REQT_LEVEL,REQT_FOLLOW_UP_NUM) VALUES ('YXRYP','SUBMIT CHEST X-RAY PLATE', to_number('6'),'C', to_number('2'));
INSERT INTO REQUIREMENTS (REQT_CODE,REQT_DESC,REQT_VALIDITY,REQT_LEVEL,REQT_FOLLOW_UP_NUM) VALUES ('YXRY1','CHEST X-RAY', to_number('6'),'P', to_number('2'));
--no description
INSERT INTO REQUIREMENTS (REQT_CODE,REQT_VALIDITY,REQT_LEVEL,REQT_FOLLOW_UP_NUM) VALUES ('MEDEQ', to_number('1'),'C', to_number('0'));
INSERT INTO REQUIREMENTS (REQT_CODE,REQT_VALIDITY,REQT_LEVEL,REQT_FOLLOW_UP_NUM) VALUES ('PULMO', to_number('1'),'C', to_number('3'));
INSERT INTO REQUIREMENTS (REQT_CODE,REQT_VALIDITY,REQT_LEVEL,REQT_FOLLOW_UP_NUM) VALUES ('R', to_number('1'),'C', to_number('3'));

/* old values
INSERT INTO REQUIREMENTS (REQT_CODE, REQT_DESC, REQT_LEVEL, REQT_VALIDITY, REQT_FORM_IND, REQT_FORM_ID, REQT_FOLLOW_UP_NUM)
VALUES('AOO', 'Acceptance of Offer', 'C', 6, '1', 1, 9);
INSERT INTO REQUIREMENTS (REQT_CODE, REQT_DESC, REQT_LEVEL, REQT_VALIDITY, REQT_FORM_IND, REQT_FORM_ID, REQT_FOLLOW_UP_NUM)
VALUES('OFF', 'ACCEPTANCE OF OFFER W/ EXCLUSION PROVISION', 'C', 3, '1', 2, 9);
INSERT INTO REQUIREMENTS (REQT_CODE, REQT_DESC, REQT_LEVEL, REQT_VALIDITY, REQT_FORM_IND, REQT_FORM_ID, REQT_FOLLOW_UP_NUM)
VALUES('AMLA', 'ADDTL REQTS FOR THE APPLICANT UNDER THE ANTI-MONEY LAUNDERING ACT', 'C', 6, '1', 3, 9);
INSERT INTO REQUIREMENTS (REQT_CODE, REQT_DESC, REQT_LEVEL, REQT_VALIDITY, REQT_FORM_IND, REQT_FORM_ID, REQT_FOLLOW_UP_NUM)
VALUES('ACR', 'Agent''s Confidential Report', 'C', 6, '1', 4, 9);
INSERT INTO REQUIREMENTS (REQT_CODE, REQT_DESC, REQT_LEVEL, REQT_VALIDITY, REQT_FORM_IND, REQT_FORM_ID, REQT_FOLLOW_UP_NUM)
VALUES('AOAU', 'Alteration of Application', 'P', 6, '1', 5, 9);
INSERT INTO REQUIREMENTS (REQT_CODE, REQT_DESC, REQT_LEVEL, REQT_VALIDITY, REQT_FORM_IND, REQT_FORM_ID, REQT_FOLLOW_UP_NUM)
VALUES('ARTQ', 'Arthritis Questionnaire', 'C', 6, '1', 6, 9);
INSERT INTO REQUIREMENTS (REQT_CODE, REQT_DESC, REQT_LEVEL, REQT_VALIDITY, REQT_FORM_IND, REQT_FORM_ID, REQT_FOLLOW_UP_NUM)
VALUES('APS', 'Attending Physician''s Statement', 'C', 6, '1', 7, 9);
INSERT INTO REQUIREMENTS (REQT_CODE, REQT_DESC, REQT_LEVEL, REQT_VALIDITY, REQT_FORM_IND, REQT_FORM_ID, REQT_FOLLOW_UP_NUM)
VALUES('ARQ', 'Attending Physician''s Statement', 'C', 6, '1', 8, 9);
INSERT INTO REQUIREMENTS (REQT_CODE, REQT_DESC, REQT_LEVEL, REQT_VALIDITY, REQT_FORM_IND, REQT_FORM_ID, REQT_FOLLOW_UP_NUM)
VALUES('AVQ', 'Aviation Questionnaire', 'C', 6, '1', 9, 9);
INSERT INTO REQUIREMENTS (REQT_CODE, REQT_DESC, REQT_LEVEL, REQT_VALIDITY, REQT_FORM_IND, REQT_FORM_ID, REQT_FOLLOW_UP_NUM)
VALUES('FQ', 'Business Financial Questionnaire', 'C', 6, '1', 10, 9);
INSERT INTO REQUIREMENTS (REQT_CODE, REQT_DESC, REQT_LEVEL, REQT_VALIDITY, REQT_FORM_IND, REQT_FORM_ID, REQT_FOLLOW_UP_NUM)
VALUES('PCI', 'Certificate of Insurability (age 16 and over)', 'C', 6, '1', 11, 9);
INSERT INTO REQUIREMENTS (REQT_CODE, REQT_DESC, REQT_LEVEL, REQT_VALIDITY, REQT_FORM_IND, REQT_FORM_ID, REQT_FOLLOW_UP_NUM)
VALUES('PCI1', 'Certificate of Insurability (child under age 16)', 'C', 6, '1', 12, 9);
INSERT INTO REQUIREMENTS (REQT_CODE, REQT_DESC, REQT_LEVEL, REQT_VALIDITY, REQT_FORM_IND, REQT_FORM_ID, REQT_FOLLOW_UP_NUM)
VALUES('DECL1', 'Certification re: New Signature', 'C', 6, '1', 13, 9);
INSERT INTO REQUIREMENTS (REQT_CODE, REQT_DESC, REQT_LEVEL, REQT_VALIDITY, REQT_FORM_IND, REQT_FORM_ID, REQT_FOLLOW_UP_NUM)
VALUES('DVQ', 'Diving Questionnaire', 'C', 6, '1', 15, 9);
INSERT INTO REQUIREMENTS (REQT_CODE, REQT_DESC, REQT_LEVEL, REQT_VALIDITY, REQT_FORM_IND, REQT_FORM_ID, REQT_FOLLOW_UP_NUM)
VALUES('DRQ', 'Drug Usage Questionnaire', 'C', 6, '1', 16, 9);
INSERT INTO REQUIREMENTS (REQT_CODE, REQT_DESC, REQT_LEVEL, REQT_VALIDITY, REQT_FORM_IND, REQT_FORM_ID, REQT_FOLLOW_UP_NUM)
VALUES('MCQ', 'Mountain Climbing Questionnaire', 'C', 6, '1', 20, 9);
INSERT INTO REQUIREMENTS (REQT_CODE, REQT_DESC, REQT_LEVEL, REQT_VALIDITY, REQT_FORM_IND, REQT_FORM_ID, REQT_FOLLOW_UP_NUM)
VALUES('PSQ', 'Parachuting/Sky Diving Questionnaire', 'C', 6, '1', 21, 9);
INSERT INTO REQUIREMENTS (REQT_CODE, REQT_DESC, REQT_LEVEL, REQT_VALIDITY, REQT_FORM_IND, REQT_FORM_ID, REQT_FOLLOW_UP_NUM)
VALUES('EXMA1', 'Part II of Application for Insurance on Chile age 15 and  under', 'C', 6, '1', 22, 9);
INSERT INTO REQUIREMENTS (REQT_CODE, REQT_DESC, REQT_LEVEL, REQT_VALIDITY, REQT_FORM_IND, REQT_FORM_ID, REQT_FOLLOW_UP_NUM)
VALUES('EXMA', 'Part II for Insurance on Adult', 'C', 6, '1', 23, 9);
INSERT INTO REQUIREMENTS (REQT_CODE, REQT_DESC, REQT_LEVEL, REQT_VALIDITY, REQT_FORM_IND, REQT_FORM_ID, REQT_FOLLOW_UP_NUM)
VALUES('PFQ', 'Personal Financial Questionnaire', 'C', 6, '1', 24, 9);
INSERT INTO REQUIREMENTS (REQT_CODE, REQT_DESC, REQT_LEVEL, REQT_VALIDITY, REQT_FORM_IND, REQT_FORM_ID, REQT_FOLLOW_UP_NUM)
VALUES('RESQ', 'Residential Background Questionnaire', 'C', 6, '1', 26, 9);
INSERT INTO REQUIREMENTS (REQT_CODE, REQT_DESC, REQT_LEVEL, REQT_VALIDITY, REQT_FORM_IND, REQT_FORM_ID, REQT_FOLLOW_UP_NUM)
VALUES('SCERT', 'Secretary''s Certificate', 'C', 6, '0', 27, 9);
INSERT INTO REQUIREMENTS (REQT_CODE, REQT_DESC, REQT_LEVEL, REQT_VALIDITY, REQT_FORM_IND, REQT_FORM_ID, REQT_FOLLOW_UP_NUM)
VALUES('SPA', 'Special Power of Attorney', 'P', 6, '0', 28, 9);
INSERT INTO REQUIREMENTS (REQT_CODE, REQT_DESC, REQT_LEVEL, REQT_VALIDITY, REQT_FORM_IND, REQT_FORM_ID, REQT_FOLLOW_UP_NUM)
VALUES('ABQ', 'Supp Questns Asthma, Bronchitis or other Pul', 'C', 6, '1', 29, 9);
INSERT INTO REQUIREMENTS (REQT_CODE, REQT_DESC, REQT_LEVEL, REQT_VALIDITY, REQT_FORM_IND, REQT_FORM_ID, REQT_FOLLOW_UP_NUM)
VALUES('CPQ', 'Supplementary Questions concerning Chest Pain or Discomfort', 'C', 6, '1', 30, 9);
INSERT INTO REQUIREMENTS (REQT_CODE, REQT_DESC, REQT_LEVEL, REQT_VALIDITY, REQT_FORM_IND, REQT_FORM_ID, REQT_FOLLOW_UP_NUM)
VALUES('DBQ', 'Suppl Questns Diabetes(or suspctd Diabts', 'C', 6, '1', 31, 9);
INSERT INTO REQUIREMENTS (REQT_CODE, REQT_DESC, REQT_LEVEL, REQT_VALIDITY, REQT_FORM_IND, REQT_FORM_ID, REQT_FOLLOW_UP_NUM)
VALUES('DGQ', 'Suppl Questnr Digestive or BowelDisorder', 'C', 6, '1', 32, 9);
INSERT INTO REQUIREMENTS (REQT_CODE, REQT_DESC, REQT_LEVEL, REQT_VALIDITY, REQT_FORM_IND, REQT_FORM_ID, REQT_FOLLOW_UP_NUM)
VALUES('LCQ', 'Suppl Questns Fainting or Episodes of', 'C', 6, '1', 33, 9);
INSERT INTO REQUIREMENTS (REQT_CODE, REQT_DESC, REQT_LEVEL, REQT_VALIDITY, REQT_FORM_IND, REQT_FORM_ID, REQT_FOLLOW_UP_NUM)
VALUES('ALQ', 'Suppl Questns Concerning use of Alcohol', 'C', 6, '1', 34, 9);
INSERT INTO REQUIREMENTS (REQT_CODE, REQT_DESC, REQT_LEVEL, REQT_VALIDITY, REQT_FORM_IND, REQT_FORM_ID, REQT_FOLLOW_UP_NUM)
VALUES('FMBQ', 'Suppl Questns for Female/Maternity Benft', 'C', 6, '1', 35, 9);
INSERT INTO REQUIREMENTS (REQT_CODE, REQT_DESC, REQT_LEVEL, REQT_VALIDITY, REQT_FORM_IND, REQT_FORM_ID, REQT_FOLLOW_UP_NUM)
VALUES('CYSQ', 'Suppl Questns re Growth, Cysts, Lumps and', 'C', 6, '1', 36, 9);
INSERT INTO REQUIREMENTS (REQT_CODE, REQT_DESC, REQT_LEVEL, REQT_VALIDITY, REQT_FORM_IND, REQT_FORM_ID, REQT_FOLLOW_UP_NUM)
VALUES('GYNQ', 'Suppl Questns re Gynecological Complaints', 'C', 6, '1', 37, 9);
INSERT INTO REQUIREMENTS (REQT_CODE, REQT_DESC, REQT_LEVEL, REQT_VALIDITY, REQT_FORM_IND, REQT_FORM_ID, REQT_FOLLOW_UP_NUM)
VALUES('WPBA', 'Waiver of Benefit APDB (form for advance payment disability benefit', 'P', 6, '1', 38, 9);
INSERT INTO REQUIREMENTS (REQT_CODE, REQT_DESC, REQT_LEVEL, REQT_VALIDITY, REQT_FORM_IND, REQT_FORM_ID, REQT_FOLLOW_UP_NUM)
VALUES('WPBC', 'Waiver of Benefit CCR (form for critical condition rider)', 'P', 6, '1', 39, 9);
INSERT INTO REQUIREMENTS (REQT_CODE, REQT_DESC, REQT_LEVEL, REQT_VALIDITY, REQT_FORM_IND, REQT_FORM_ID, REQT_FOLLOW_UP_NUM)
VALUES('WPBF', 'Waiver of Benefit F and MB (form for female and maternity benefit)', 'P', 6, '1', 40, 9);
INSERT INTO REQUIREMENTS (REQT_CODE, REQT_DESC, REQT_LEVEL, REQT_VALIDITY, REQT_FORM_IND, REQT_FORM_ID, REQT_FOLLOW_UP_NUM)
VALUES('WPBH', 'Waiver of Benefit HIB (form for hospital)', 'C', 6, '1', 41, 9);
*/


-- KICKOUT_CODES
PROMPT Inserting to KICKOUT_CODES
INSERT INTO KICKOUT_CODES  (KO_SEQ, KO_MESSAGE) VALUES (1,'Planholder''s Age Out of Range');
INSERT INTO KICKOUT_CODES  (KO_SEQ, KO_MESSAGE) VALUES (2,'Non-medical Limit (Short Form) Required');
INSERT INTO KICKOUT_CODES  (KO_SEQ, KO_MESSAGE) VALUES (3,'Non-medical Limit (Long Form) Required');
INSERT INTO KICKOUT_CODES  (KO_SEQ, KO_MESSAGE) VALUES (4,'Full Medical Examination/Blood Test/Microurinalysis Required');
INSERT INTO KICKOUT_CODES  (KO_SEQ, KO_MESSAGE) VALUES (5,'Retention Limit Exceeded');
INSERT INTO KICKOUT_CODES  (KO_SEQ, KO_MESSAGE) VALUES (6,'ECG Required');
INSERT INTO KICKOUT_CODES  (KO_SEQ, KO_MESSAGE) VALUES (7,'Chest X-Ray Required');
INSERT INTO KICKOUT_CODES  (KO_SEQ, KO_MESSAGE) VALUES (8,'Treadmill Required');
INSERT INTO KICKOUT_CODES  (KO_SEQ, KO_MESSAGE) VALUES (9,'MIB Search is Exact Match');
INSERT INTO KICKOUT_CODES  (KO_SEQ, KO_MESSAGE) VALUES (10,'MIB Search is Partial Match');
INSERT INTO KICKOUT_CODES  (KO_SEQ, KO_MESSAGE) VALUES (11,'Question Omitted - D\&R 1 is yes or omitted');
INSERT INTO KICKOUT_CODES  (KO_SEQ, KO_MESSAGE) VALUES (12,'Question Omitted - D\&R 2 is yes or omitted');
INSERT INTO KICKOUT_CODES  (KO_SEQ, KO_MESSAGE) VALUES (13,'Question Omitted - D\&R 3 is yes or omitted');
INSERT INTO KICKOUT_CODES  (KO_SEQ, KO_MESSAGE) VALUES (14,'Question Omitted - D\&R 1 and 2 are yes or omitted');
INSERT INTO KICKOUT_CODES  (KO_SEQ, KO_MESSAGE) VALUES (15,'Question Omitted - D\&R 1 and 3 are yes or omitted');
INSERT INTO KICKOUT_CODES  (KO_SEQ, KO_MESSAGE) VALUES (16,'Question Omitted - D\&R 2 and 3 are yes or omitted');
INSERT INTO KICKOUT_CODES  (KO_SEQ, KO_MESSAGE) VALUES (17,'Question Omitted - D\&R 1, 2 and 3 are yes or omitted');
INSERT INTO KICKOUT_CODES  (KO_SEQ, KO_MESSAGE) VALUES (18,'Agent''s Report Required - Birthplace is missing');
INSERT INTO KICKOUT_CODES  (KO_SEQ, KO_MESSAGE) VALUES (19,'Agent''s Report Required - Occupation is missing');
INSERT INTO KICKOUT_CODES  (KO_SEQ, KO_MESSAGE) VALUES (20,'Agent''s Report Required - Religion is missing');
INSERT INTO KICKOUT_CODES  (KO_SEQ, KO_MESSAGE) VALUES (21,'Agent''s Report Required - Citizenship is missing');
INSERT INTO KICKOUT_CODES  (KO_SEQ, KO_MESSAGE) VALUES (22,'Agent''s Report Required - Birthplace and Occupation is missing');
INSERT INTO KICKOUT_CODES  (KO_SEQ, KO_MESSAGE) VALUES (23,'Agent''s Report Required - Birthplace and Religion are missing');
INSERT INTO KICKOUT_CODES  (KO_SEQ, KO_MESSAGE) VALUES (24,'Agent''s Report Required - Birthplace and Citizenship are missing');
INSERT INTO KICKOUT_CODES  (KO_SEQ, KO_MESSAGE) VALUES (25,'Agent''s Report Required - Occupation and Religion are missing');
INSERT INTO KICKOUT_CODES  (KO_SEQ, KO_MESSAGE) VALUES (26,'Agent''s Report Required - Occupation and Citizenship are missing');
INSERT INTO KICKOUT_CODES  (KO_SEQ, KO_MESSAGE) VALUES (27,'Agent''s Report Required - Religion and Citizenship are missing');
INSERT INTO KICKOUT_CODES  (KO_SEQ, KO_MESSAGE) VALUES (28,'Agent''s Report Required - Birthplace, Occupation and Religion are missing');
INSERT INTO KICKOUT_CODES  (KO_SEQ, KO_MESSAGE) VALUES (29,'Agent''s Report Required - Birthplace, Occupation and Citizenship are missing');
INSERT INTO KICKOUT_CODES  (KO_SEQ, KO_MESSAGE) VALUES (30,'Agent''s Report Required - Birthplace, Religion and Citizenship are missing');
INSERT INTO KICKOUT_CODES  (KO_SEQ, KO_MESSAGE) VALUES (31,'Agent''s Report Required - Occupation, Religion and Citizenship are missing');
INSERT INTO KICKOUT_CODES  (KO_SEQ, KO_MESSAGE) VALUES (32,'Agent''s Report Required - Birthplace, Occupation, Religion and Citizenship are missing');
INSERT INTO KICKOUT_CODES  (KO_SEQ, KO_MESSAGE) VALUES (33,'AMLA Form Required');
INSERT INTO KICKOUT_CODES  (KO_SEQ, KO_MESSAGE) VALUES (34,'Insurance Riders Forms Required');
INSERT INTO KICKOUT_CODES  (KO_SEQ, KO_MESSAGE) VALUES (35,'Enrolment Form for Monthly Mode and 11 PDCs Required');
INSERT INTO KICKOUT_CODES  (KO_SEQ, KO_MESSAGE) VALUES (36,'Agent Sharing of Commission Agreement Required');
INSERT INTO KICKOUT_CODES  (KO_SEQ, KO_MESSAGE) VALUES (37,'Deed of Agreement and Secretary''s Certificate Required');
INSERT INTO KICKOUT_CODES  (KO_SEQ, KO_MESSAGE) VALUES (38,'Failed Test - Citizenship is Not Filipino');
INSERT INTO KICKOUT_CODES  (KO_SEQ, KO_MESSAGE) VALUES (39,'Failed Test - Religion is Muslim');
INSERT INTO KICKOUT_CODES  (KO_SEQ, KO_MESSAGE) VALUES (40,'Failed Test - Application Sign Date > 90 days');
INSERT INTO KICKOUT_CODES  (KO_SEQ, KO_MESSAGE) VALUES (41,'Failed Test - Planholder Permanent Address is Outside of the Philippines');
INSERT INTO KICKOUT_CODES  (KO_SEQ, KO_MESSAGE) VALUES (42,'Failed Test - No Beneficiary Relationship Defined');
INSERT INTO KICKOUT_CODES  (KO_SEQ, KO_MESSAGE) VALUES (43,'Failed Test - Beneficiary Relationship is Employer or Others');
INSERT INTO KICKOUT_CODES  (KO_SEQ, KO_MESSAGE) VALUES (44,'Failed Test -  Payment > Speedy Approval Payment Tolerance');
INSERT INTO KICKOUT_CODES  (KO_SEQ, KO_MESSAGE) VALUES (45,'Failed Test -  Payment > No Payment');
INSERT INTO KICKOUT_CODES  (KO_SEQ, KO_MESSAGE) VALUES (46,'Failed Test -  Insufficient Deposit');
INSERT INTO KICKOUT_CODES  (KO_SEQ, KO_MESSAGE) VALUES (47,'Failed Test -  One or More Existing Rider is Not Standard');
INSERT INTO KICKOUT_CODES  (KO_SEQ, KO_MESSAGE) VALUES (48,'Writing Agent is Not Active');
INSERT INTO KICKOUT_CODES  (KO_SEQ, KO_MESSAGE) VALUES (49,'Failed Test -  Occupation is Not Standard');
INSERT INTO KICKOUT_CODES  (KO_SEQ, KO_MESSAGE) VALUES (50,'Failed Test -  Planholder Business Address is Foreign');



-- PRISM CODEC
PROMPT Inserting to PRISM_CODEC
INSERT INTO PRISM_CODEC (PC_SEQ, PC_POSITION, PC_CODE, PC_DESC) VALUES (1,1,'O','Out of the set speedy approval age limit.');
INSERT INTO PRISM_CODEC (PC_SEQ, PC_POSITION, PC_CODE, PC_DESC) VALUES (2,2,'S','Non-Medical Limit Short Form');
INSERT INTO PRISM_CODEC (PC_SEQ, PC_POSITION, PC_CODE, PC_DESC) VALUES (3,2,'L','Non-Medical Limit Long Form - Non-medical questionnaire for Group Insurance');
INSERT INTO PRISM_CODEC (PC_SEQ, PC_POSITION, PC_CODE, PC_DESC) VALUES (4,2,'1','Routine requirement - full exam only.');
INSERT INTO PRISM_CODEC (PC_SEQ, PC_POSITION, PC_CODE, PC_DESC) VALUES (5,2,'2','Routine requirement - full exam and ECG.');
INSERT INTO PRISM_CODEC (PC_SEQ, PC_POSITION, PC_CODE, PC_DESC) VALUES (6,2,'3','Routine requirement - full exam, ECG and chest x-ray.');
INSERT INTO PRISM_CODEC (PC_SEQ, PC_POSITION, PC_CODE, PC_DESC) VALUES (7,2,'4','Routine requirement - full exam, ECG and treadmill.');
INSERT INTO PRISM_CODEC (PC_SEQ, PC_POSITION, PC_CODE, PC_DESC) VALUES (8,2,'5','Routine requirement - full exam, ECG chest x-ray and treadmill.');
INSERT INTO PRISM_CODEC (PC_SEQ, PC_POSITION, PC_CODE, PC_DESC) VALUES (9,3,'E','MIB search result (with exact match)');
INSERT INTO PRISM_CODEC (PC_SEQ, PC_POSITION, PC_CODE, PC_DESC) VALUES (10,3,'M','MIB search result (with partial matches)');
INSERT INTO PRISM_CODEC (PC_SEQ, PC_POSITION, PC_CODE, PC_DESC) VALUES (11,4,'1','D\&R 1 is yes, 2 and 3 are no');
INSERT INTO PRISM_CODEC (PC_SEQ, PC_POSITION, PC_CODE, PC_DESC) VALUES (12,4,'2','D\&R 2 is yes, 1 and 3 are no');
INSERT INTO PRISM_CODEC (PC_SEQ, PC_POSITION, PC_CODE, PC_DESC) VALUES (13,4,'3','D\&R 3 is yes, 1 and 2 are no');
INSERT INTO PRISM_CODEC (PC_SEQ, PC_POSITION, PC_CODE, PC_DESC) VALUES (14,4,'4','D\&R 1 and 2 are yes, 3 is no');
INSERT INTO PRISM_CODEC (PC_SEQ, PC_POSITION, PC_CODE, PC_DESC) VALUES (15,4,'5','D\&R 1 and 3 are yes, 2 is no');
INSERT INTO PRISM_CODEC (PC_SEQ, PC_POSITION, PC_CODE, PC_DESC) VALUES (16,4,'6','D\&R 2 and 3 are yes, 1 is no');
INSERT INTO PRISM_CODEC (PC_SEQ, PC_POSITION, PC_CODE, PC_DESC) VALUES (17,4,'7','All D\&R are yes');
INSERT INTO PRISM_CODEC (PC_SEQ, PC_POSITION, PC_CODE, PC_DESC) VALUES (18,5,'A','Agent report checking - undefined birthplace');
INSERT INTO PRISM_CODEC (PC_SEQ, PC_POSITION, PC_CODE, PC_DESC) VALUES (19,5,'B','Agent report checking - undefined occupation');
INSERT INTO PRISM_CODEC (PC_SEQ, PC_POSITION, PC_CODE, PC_DESC) VALUES (20,5,'C','Agent report checking - undefined religion');
INSERT INTO PRISM_CODEC (PC_SEQ, PC_POSITION, PC_CODE, PC_DESC) VALUES (21,5,'D','Agent report checking - undefined citizenship');
INSERT INTO PRISM_CODEC (PC_SEQ, PC_POSITION, PC_CODE, PC_DESC) VALUES (22,5,'E','Agent report checking - undefined birthplace and occupation');
INSERT INTO PRISM_CODEC (PC_SEQ, PC_POSITION, PC_CODE, PC_DESC) VALUES (23,5,'F','Agent report checking - undefined birthplace and religion');
INSERT INTO PRISM_CODEC (PC_SEQ, PC_POSITION, PC_CODE, PC_DESC) VALUES (24,5,'G','Agent report checking - undefined birthplace and citizenship');
INSERT INTO PRISM_CODEC (PC_SEQ, PC_POSITION, PC_CODE, PC_DESC) VALUES (25,5,'H','agent report checking - undefined occupation and religion');
INSERT INTO PRISM_CODEC (PC_SEQ, PC_POSITION, PC_CODE, PC_DESC) VALUES (26,5,'I','Agent report checking - undefined occupation and citizenship');
INSERT INTO PRISM_CODEC (PC_SEQ, PC_POSITION, PC_CODE, PC_DESC) VALUES (27,5,'J','Agent report checking - undefined religion and citizenship');
INSERT INTO PRISM_CODEC (PC_SEQ, PC_POSITION, PC_CODE, PC_DESC) VALUES (28,5,'K','Agent report checking - undefined birthplace, occupation and religion');
INSERT INTO PRISM_CODEC (PC_SEQ, PC_POSITION, PC_CODE, PC_DESC) VALUES (29,5,'L','Agent report checking - undefined birthplace, occupation and citizenship');
INSERT INTO PRISM_CODEC (PC_SEQ, PC_POSITION, PC_CODE, PC_DESC) VALUES (30,5,'M','agent report checking - undefined birthplace, religion and citizenship');
INSERT INTO PRISM_CODEC (PC_SEQ, PC_POSITION, PC_CODE, PC_DESC) VALUES (31,5,'N','Agent report checking - undefined occupation, religion and citizenship');
INSERT INTO PRISM_CODEC (PC_SEQ, PC_POSITION, PC_CODE, PC_DESC) VALUES (32,5,'O','Agent report checking - undefined birthplace, occupation, religion and citizenship');
INSERT INTO PRISM_CODEC (PC_SEQ, PC_POSITION, PC_CODE, PC_DESC) VALUES (33,6,'F','AMLA Form checking');
INSERT INTO PRISM_CODEC (PC_SEQ, PC_POSITION, PC_CODE, PC_DESC) VALUES (34,7,'F','Insurance rider forms checking');
INSERT INTO PRISM_CODEC (PC_SEQ, PC_POSITION, PC_CODE, PC_DESC) VALUES (35,8,'F','Monthly mode requirement checking');
INSERT INTO PRISM_CODEC (PC_SEQ, PC_POSITION, PC_CODE, PC_DESC) VALUES (36,9,'F','Agent sharing requirement checking');
INSERT INTO PRISM_CODEC (PC_SEQ, PC_POSITION, PC_CODE, PC_DESC) VALUES (37,10,'F','Pseudo group requirement checking');
INSERT INTO PRISM_CODEC (PC_SEQ, PC_POSITION, PC_CODE, PC_DESC) VALUES (38,11,'F','Citizenship checking');
INSERT INTO PRISM_CODEC (PC_SEQ, PC_POSITION, PC_CODE, PC_DESC) VALUES (39,12,'F','Religion checking');
INSERT INTO PRISM_CODEC (PC_SEQ, PC_POSITION, PC_CODE, PC_DESC) VALUES (40,13,'F','Signing date checking');
INSERT INTO PRISM_CODEC (PC_SEQ, PC_POSITION, PC_CODE, PC_DESC) VALUES (41,14,'F','Permanent address checking');
INSERT INTO PRISM_CODEC (PC_SEQ, PC_POSITION, PC_CODE, PC_DESC) VALUES (42,15,'M','Beneficiary relationship checking');
INSERT INTO PRISM_CODEC (PC_SEQ, PC_POSITION, PC_CODE, PC_DESC) VALUES (43,15,'F','Beneficiary relationship checking');
INSERT INTO PRISM_CODEC (PC_SEQ, PC_POSITION, PC_CODE, PC_DESC) VALUES (44,16,'O','Payment is posted and over the set speedy approval payment tolerance');
INSERT INTO PRISM_CODEC (PC_SEQ, PC_POSITION, PC_CODE, PC_DESC) VALUES (45,16,'U','Payment is posted and over the set speedy approval payment tolerance');
INSERT INTO PRISM_CODEC (PC_SEQ, PC_POSITION, PC_CODE, PC_DESC) VALUES (46,16,'N','Payment is not yet loaded to PRISM');
INSERT INTO PRISM_CODEC (PC_SEQ, PC_POSITION, PC_CODE, PC_DESC) VALUES (47,16,'I','Application is with insufficient deposit');
INSERT INTO PRISM_CODEC (PC_SEQ, PC_POSITION, PC_CODE, PC_DESC) VALUES (48,17,'N','One of the existing plans is not standard');
INSERT INTO PRISM_CODEC (PC_SEQ, PC_POSITION, PC_CODE, PC_DESC) VALUES (49,18,'N','Agent status is not active');
INSERT INTO PRISM_CODEC (PC_SEQ, PC_POSITION, PC_CODE, PC_DESC) VALUES (50,19,'N','Failed occupation checking');
INSERT INTO PRISM_CODEC (PC_SEQ, PC_POSITION, PC_CODE, PC_DESC) VALUES (51,20,'N','Failed place of work checking');

-- SQL for the Pass Codes
INSERT INTO PRISM_CODEC (PC_SEQ, PC_POSITION, PC_CODE, PC_DESC) VALUES (52,1,'P','Pass');
INSERT INTO PRISM_CODEC (PC_SEQ, PC_POSITION, PC_CODE, PC_DESC) VALUES (53,2,'P','Pass');
INSERT INTO PRISM_CODEC (PC_SEQ, PC_POSITION, PC_CODE, PC_DESC) VALUES (54,3,'P','Pass');
INSERT INTO PRISM_CODEC (PC_SEQ, PC_POSITION, PC_CODE, PC_DESC) VALUES (55,4,'P','Pass');
INSERT INTO PRISM_CODEC (PC_SEQ, PC_POSITION, PC_CODE, PC_DESC) VALUES (56,5,'P','Pass');
INSERT INTO PRISM_CODEC (PC_SEQ, PC_POSITION, PC_CODE, PC_DESC) VALUES (57,6,'P','Pass');
INSERT INTO PRISM_CODEC (PC_SEQ, PC_POSITION, PC_CODE, PC_DESC) VALUES (58,7,'P','Pass');
INSERT INTO PRISM_CODEC (PC_SEQ, PC_POSITION, PC_CODE, PC_DESC) VALUES (59,8,'P','Pass');
INSERT INTO PRISM_CODEC (PC_SEQ, PC_POSITION, PC_CODE, PC_DESC) VALUES (60,9,'P','Pass');
INSERT INTO PRISM_CODEC (PC_SEQ, PC_POSITION, PC_CODE, PC_DESC) VALUES (61,10,'P','Pass');
INSERT INTO PRISM_CODEC (PC_SEQ, PC_POSITION, PC_CODE, PC_DESC) VALUES (62,11,'P','Pass');
INSERT INTO PRISM_CODEC (PC_SEQ, PC_POSITION, PC_CODE, PC_DESC) VALUES (63,12,'P','Pass');
INSERT INTO PRISM_CODEC (PC_SEQ, PC_POSITION, PC_CODE, PC_DESC) VALUES (64,13,'P','Pass');
INSERT INTO PRISM_CODEC (PC_SEQ, PC_POSITION, PC_CODE, PC_DESC) VALUES (65,14,'P','Pass');
INSERT INTO PRISM_CODEC (PC_SEQ, PC_POSITION, PC_CODE, PC_DESC) VALUES (66,15,'P','Pass');
INSERT INTO PRISM_CODEC (PC_SEQ, PC_POSITION, PC_CODE, PC_DESC) VALUES (67,16,'P','Pass');
INSERT INTO PRISM_CODEC (PC_SEQ, PC_POSITION, PC_CODE, PC_DESC) VALUES (68,17,'P','Pass');
INSERT INTO PRISM_CODEC (PC_SEQ, PC_POSITION, PC_CODE, PC_DESC) VALUES (69,18,'P','Pass');
INSERT INTO PRISM_CODEC (PC_SEQ, PC_POSITION, PC_CODE, PC_DESC) VALUES (70,19,'P','Pass');
INSERT INTO PRISM_CODEC (PC_SEQ, PC_POSITION, PC_CODE, PC_DESC) VALUES (71,20,'P','Pass');

-- CODEC_KO_CODEC
PROMPT Inserting to CODEC_KO_CODEC
INSERT INTO CODEC_KO_CODEC (PC_SEQ,KO_SEQ) VALUES (1,1);
INSERT INTO CODEC_KO_CODEC (PC_SEQ,KO_SEQ) VALUES (2,2);
INSERT INTO CODEC_KO_CODEC (PC_SEQ,KO_SEQ) VALUES (3,3);
INSERT INTO CODEC_KO_CODEC (PC_SEQ,KO_SEQ) VALUES (4,3);
INSERT INTO CODEC_KO_CODEC (PC_SEQ,KO_SEQ) VALUES (4,4);
INSERT INTO CODEC_KO_CODEC (PC_SEQ,KO_SEQ) VALUES (4,5);
INSERT INTO CODEC_KO_CODEC (PC_SEQ,KO_SEQ) VALUES (5,3);
INSERT INTO CODEC_KO_CODEC (PC_SEQ,KO_SEQ) VALUES (5,4);
INSERT INTO CODEC_KO_CODEC (PC_SEQ,KO_SEQ) VALUES (5,6);
INSERT INTO CODEC_KO_CODEC (PC_SEQ,KO_SEQ) VALUES (5,5);
INSERT INTO CODEC_KO_CODEC (PC_SEQ,KO_SEQ) VALUES (6,3);
INSERT INTO CODEC_KO_CODEC (PC_SEQ,KO_SEQ) VALUES (6,4);
INSERT INTO CODEC_KO_CODEC (PC_SEQ,KO_SEQ) VALUES (6,6);
INSERT INTO CODEC_KO_CODEC (PC_SEQ,KO_SEQ) VALUES (6,7);
INSERT INTO CODEC_KO_CODEC (PC_SEQ,KO_SEQ) VALUES (6,5);
INSERT INTO CODEC_KO_CODEC (PC_SEQ,KO_SEQ) VALUES (7,3);
INSERT INTO CODEC_KO_CODEC (PC_SEQ,KO_SEQ) VALUES (7,4);
INSERT INTO CODEC_KO_CODEC (PC_SEQ,KO_SEQ) VALUES (7,6);
INSERT INTO CODEC_KO_CODEC (PC_SEQ,KO_SEQ) VALUES (7,8);
INSERT INTO CODEC_KO_CODEC (PC_SEQ,KO_SEQ) VALUES (7,5);
INSERT INTO CODEC_KO_CODEC (PC_SEQ,KO_SEQ) VALUES (8,3);
INSERT INTO CODEC_KO_CODEC (PC_SEQ,KO_SEQ) VALUES (8,4);
INSERT INTO CODEC_KO_CODEC (PC_SEQ,KO_SEQ) VALUES (8,6);
INSERT INTO CODEC_KO_CODEC (PC_SEQ,KO_SEQ) VALUES (8,7);
INSERT INTO CODEC_KO_CODEC (PC_SEQ,KO_SEQ) VALUES (8,8);
INSERT INTO CODEC_KO_CODEC (PC_SEQ,KO_SEQ) VALUES (8,5);
INSERT INTO CODEC_KO_CODEC (PC_SEQ,KO_SEQ) VALUES (9,9);
INSERT INTO CODEC_KO_CODEC (PC_SEQ,KO_SEQ) VALUES (10,10);
INSERT INTO CODEC_KO_CODEC (PC_SEQ,KO_SEQ) VALUES (11,11);
INSERT INTO CODEC_KO_CODEC (PC_SEQ,KO_SEQ) VALUES (12,12);
INSERT INTO CODEC_KO_CODEC (PC_SEQ,KO_SEQ) VALUES (13,13);
INSERT INTO CODEC_KO_CODEC (PC_SEQ,KO_SEQ) VALUES (14,14);
INSERT INTO CODEC_KO_CODEC (PC_SEQ,KO_SEQ) VALUES (15,15);
INSERT INTO CODEC_KO_CODEC (PC_SEQ,KO_SEQ) VALUES (16,16);
INSERT INTO CODEC_KO_CODEC (PC_SEQ,KO_SEQ) VALUES (17,17);
INSERT INTO CODEC_KO_CODEC (PC_SEQ,KO_SEQ) VALUES (18,18);
INSERT INTO CODEC_KO_CODEC (PC_SEQ,KO_SEQ) VALUES (19,19);
INSERT INTO CODEC_KO_CODEC (PC_SEQ,KO_SEQ) VALUES (20,20);
INSERT INTO CODEC_KO_CODEC (PC_SEQ,KO_SEQ) VALUES (21,21);
INSERT INTO CODEC_KO_CODEC (PC_SEQ,KO_SEQ) VALUES (22,22);
INSERT INTO CODEC_KO_CODEC (PC_SEQ,KO_SEQ) VALUES (23,23);
INSERT INTO CODEC_KO_CODEC (PC_SEQ,KO_SEQ) VALUES (24,24);
INSERT INTO CODEC_KO_CODEC (PC_SEQ,KO_SEQ) VALUES (25,25);
INSERT INTO CODEC_KO_CODEC (PC_SEQ,KO_SEQ) VALUES (26,26);
INSERT INTO CODEC_KO_CODEC (PC_SEQ,KO_SEQ) VALUES (27,27);
INSERT INTO CODEC_KO_CODEC (PC_SEQ,KO_SEQ) VALUES (28,28);
INSERT INTO CODEC_KO_CODEC (PC_SEQ,KO_SEQ) VALUES (29,29);
INSERT INTO CODEC_KO_CODEC (PC_SEQ,KO_SEQ) VALUES (30,30);
INSERT INTO CODEC_KO_CODEC (PC_SEQ,KO_SEQ) VALUES (31,31);
INSERT INTO CODEC_KO_CODEC (PC_SEQ,KO_SEQ) VALUES (32,32);
INSERT INTO CODEC_KO_CODEC (PC_SEQ,KO_SEQ) VALUES (33,33);
INSERT INTO CODEC_KO_CODEC (PC_SEQ,KO_SEQ) VALUES (34,34);
INSERT INTO CODEC_KO_CODEC (PC_SEQ,KO_SEQ) VALUES (35,35);
INSERT INTO CODEC_KO_CODEC (PC_SEQ,KO_SEQ) VALUES (36,36);
INSERT INTO CODEC_KO_CODEC (PC_SEQ,KO_SEQ) VALUES (37,37);
INSERT INTO CODEC_KO_CODEC (PC_SEQ,KO_SEQ) VALUES (38,38);
INSERT INTO CODEC_KO_CODEC (PC_SEQ,KO_SEQ) VALUES (39,39);
INSERT INTO CODEC_KO_CODEC (PC_SEQ,KO_SEQ) VALUES (40,40);
INSERT INTO CODEC_KO_CODEC (PC_SEQ,KO_SEQ) VALUES (41,41);
INSERT INTO CODEC_KO_CODEC (PC_SEQ,KO_SEQ) VALUES (42,42);
INSERT INTO CODEC_KO_CODEC (PC_SEQ,KO_SEQ) VALUES (43,43);
INSERT INTO CODEC_KO_CODEC (PC_SEQ,KO_SEQ) VALUES (44,44);
INSERT INTO CODEC_KO_CODEC (PC_SEQ,KO_SEQ) VALUES (45,44);
INSERT INTO CODEC_KO_CODEC (PC_SEQ,KO_SEQ) VALUES (46,45);
INSERT INTO CODEC_KO_CODEC (PC_SEQ,KO_SEQ) VALUES (47,46);
INSERT INTO CODEC_KO_CODEC (PC_SEQ,KO_SEQ) VALUES (48,47);
INSERT INTO CODEC_KO_CODEC (PC_SEQ,KO_SEQ) VALUES (49,48);
INSERT INTO CODEC_KO_CODEC (PC_SEQ,KO_SEQ) VALUES (50,49);
INSERT INTO CODEC_KO_CODEC (PC_SEQ,KO_SEQ) VALUES (51,50);

set escape off

--PAGES
PROMPT INSERT PAGES ................
INSERT INTO pages
VALUES
(1,'Homepage',NULL,NULL,NULL,NULL)
/
INSERT INTO pages
VALUES
(2,'Assessment Requests',NULL,NULL,NULL,NULL)
/
INSERT INTO pages
VALUES
(3,'Assessment Request Detail',NULL,NULL,NULL,NULL)
/
INSERT INTO pages
VALUES
(4,'Requests Details',NULL,NULL,NULL,NULL)
/
INSERT INTO pages
VALUES
(5,'CDS',NULL,NULL,NULL,NULL)
/
INSERT INTO pages
VALUES
(6,'Requirements, KO, Med Rec',NULL,NULL,NULL,NULL)
/
INSERT INTO pages
VALUES
(7,'Underwriter Assessment',NULL,NULL,NULL,NULL)
/
INSERT INTO pages
VALUES
(8,'Doctor''s Notes',NULL,NULL,NULL,NULL)
/
INSERT INTO pages
VALUES
(9,'Medical Records List',NULL,NULL,NULL,NULL)
/
INSERT INTO pages
VALUES
(10,'Medical Record Details',NULL,NULL,NULL,NULL)
/
INSERT INTO pages
VALUES
(11,'Admin Homepage',NULL,NULL,NULL,NULL)
/
INSERT INTO pages
VALUES
(12,'Reference Codes',NULL,NULL,NULL,NULL)
/
INSERT INTO pages
VALUES
(13,'Process Configuration',NULL,NULL,NULL,NULL)
/
INSERT INTO pages
VALUES
(14,'User Profile',NULL,NULL,'IUMADMIN','31-MAR-04 06.26.45.000000 PM')
/
INSERT INTO pages
VALUES
(15,'Exeption Reports',NULL,NULL,NULL,NULL)
/
INSERT INTO pages
VALUES
(16,'Audit Trail Reports',NULL,NULL,NULL,NULL)
/
INSERT INTO pages
VALUES
(17,'Reports',NULL,NULL,NULL,NULL)
/
INSERT INTO pages
VALUES
(18,'Change Password',NULL,NULL,NULL,NULL)
/
INSERT INTO pages
VALUES
(19,'Sunlife Offices',NULL,NULL,NULL,NULL)
/
INSERT INTO pages
VALUES
(20,'Examiners',NULL,NULL,NULL,NULL)
/
INSERT INTO pages
VALUES
(21,'Laboratories',NULL,NULL,NULL,NULL)
/
INSERT INTO pages
VALUES
(22,'Requirements',NULL,NULL,NULL,NULL)
/
INSERT INTO pages
VALUES
(23,'Notification Template',NULL,NULL,NULL,NULL)
/
INSERT INTO pages
VALUES
(24,'Work Function',NULL,NULL,NULL,NULL)
/
INSERT INTO pages
VALUES
(25,'MIB Export',NULL,NULL,NULL,NULL)
/
INSERT INTO pages
VALUES
(26,'Medical Record Expiration',NULL,NULL,NULL,NULL)
/
INSERT INTO pages
VALUES
(27,'Access Template',NULL,NULL,NULL,NULL)
/

/*
INSERT INTO PAGES (PAGE_ID, PAGE_DESC) VALUES (1, 'Homepage');
INSERT INTO PAGES (PAGE_ID, PAGE_DESC) VALUES (2, 'Assessment Requests');
INSERT INTO PAGES (PAGE_ID, PAGE_DESC) VALUES (3, 'Assessment Request Detail');
INSERT INTO PAGES (PAGE_ID, PAGE_DESC) VALUES (4, 'Requests Details');
INSERT INTO PAGES (PAGE_ID, PAGE_DESC) VALUES (5, 'CDS');
INSERT INTO PAGES (PAGE_ID, PAGE_DESC) VALUES (6, 'Requirements, KO, Med Rec');
INSERT INTO PAGES (PAGE_ID, PAGE_DESC) VALUES (7, 'Underwriter Assessment');
INSERT INTO PAGES (PAGE_ID, PAGE_DESC) VALUES (8, 'Doctor''s Notes');
INSERT INTO PAGES (PAGE_ID, PAGE_DESC) VALUES (9, 'Medical Records List');
INSERT INTO PAGES (PAGE_ID, PAGE_DESC) VALUES (10,'Medical Record Details');
INSERT INTO PAGES (PAGE_ID, PAGE_DESC) VALUES (11, 'Admin Homepage');
INSERT INTO PAGES (PAGE_ID, PAGE_DESC) VALUES (12, 'Reference Codes');
INSERT INTO PAGES (PAGE_ID, PAGE_DESC) VALUES (13, 'Process Configuration');
INSERT INTO PAGES (PAGE_ID, PAGE_DESC) VALUES (14, 'User Access');
INSERT INTO PAGES (PAGE_ID, PAGE_DESC) VALUES (15, 'Exception Reports');
INSERT INTO PAGES (PAGE_ID, PAGE_DESC) VALUES (16, 'Audit Trail Reports');
INSERT INTO PAGES (PAGE_ID, PAGE_DESC) VALUES (17, 'Reports');
INSERT INTO PAGES (PAGE_ID, PAGE_DESC) VALUES (18, 'Change Password');
INSERT INTO PAGES (PAGE_ID, PAGE_DESC) VALUES (19, 'Sunlife Offices');
INSERT INTO PAGES (PAGE_ID, PAGE_DESC) VALUES (20, 'Examiners');
INSERT INTO PAGES (PAGE_ID, PAGE_DESC) VALUES (21, 'Laboratories');
INSERT INTO PAGES (PAGE_ID, PAGE_DESC) VALUES (22, 'Requirements');
INSERT INTO PAGES (PAGE_ID, PAGE_DESC) VALUES (23, 'Notification Template');
INSERT INTO PAGES (PAGE_ID, PAGE_DESC) VALUES (24, 'Work Function');
INSERT INTO PAGES (PAGE_ID, PAGE_DESC) VALUES (25, 'MIB Export');
INSERT INTO PAGES (PAGE_ID, PAGE_DESC) VALUES (26, 'Medical Record Expiration');
INSERT INTO PAGES (PAGE_ID, PAGE_DESC) VALUES (27, 'Access Template');
*/

--ACCESSES
PROMPT INSERT ACCESSES ................
INSERT INTO ACCESSES (acc_id, acc_desc) values (1, 'Inquire Only');
INSERT INTO ACCESSES (acc_id, acc_desc) values (2, 'Create Records');
INSERT INTO ACCESSES (acc_id, acc_desc) values (3, 'Maintain Records');
INSERT INTO ACCESSES (acc_id, acc_desc) values (4, 'Delete Records');
INSERT INTO ACCESSES (acc_id, acc_desc) values (5, 'Execute Functions');

-- ACCESS TEMPLATE
PROMPT INSERT ACCESS TEMPLATE ................
		--for Group New Business Admn 
INSERT INTO access_templates (templt_id, role_id,templt_desc) VALUES (seq_access_template.NEXTVAL,'GRPNBADMIN','Template for GRPNBADMIN');
		--for New Bus Staff 
INSERT INTO access_templates (templt_id, role_id,templt_desc) VALUES (seq_access_template.NEXTVAL,'NBSTAFF','Template for NBSTAFF');
		--for Nb Rev 
INSERT INTO access_templates (templt_id, role_id,templt_desc) VALUES (seq_access_template.NEXTVAL,'NBREVIEWER','Template for NBREVIEWER');
		-- for NBSUPMGR 
INSERT INTO access_templates (templt_id, role_id,templt_desc) VALUES (seq_access_template.NEXTVAL,'NBSUPMGR','Templ for NBSUPMGR');
		-- for FACILITSUPMGR 
INSERT INTO access_templates (templt_id, role_id,templt_desc) VALUES (seq_access_template.NEXTVAL,'FACILITSUPMGR','Templ for FACILITSUPMGR');
		-- for FACILITATOR 
INSERT INTO access_templates (templt_id, role_id,templt_desc) VALUES (seq_access_template.NEXTVAL,'FACILITATOR','Templ for FACILITATOR');
		-- for UNDERWRITER 
INSERT INTO access_templates (templt_id, role_id,templt_desc) VALUES (seq_access_template.NEXTVAL,'UNDERWRITER','Templ for UNDERWRITER');
		-- for UWTNGSUPMGR 
INSERT INTO access_templates (templt_id, role_id,templt_desc) VALUES (seq_access_template.NEXTVAL,'UWTNGSUPMGR','Templ for UWTNGSUPMGR');
		-- for MEDICALADMIN 
INSERT INTO access_templates (templt_id, role_id,templt_desc) VALUES (seq_access_template.NEXTVAL,'MEDICALADMIN','Templ for MEDICALADMIN');
		-- for MEDSUPMGR 
INSERT INTO access_templates (templt_id, role_id,templt_desc) VALUES (seq_access_template.NEXTVAL,'MEDSUPMGR','Templ for MEDSUPMGR');
		-- for MEDCONSLT 
INSERT INTO access_templates (templt_id, role_id,templt_desc) VALUES (seq_access_template.NEXTVAL,'MEDCONSLT','Templ for MEDCONSLT');
		-- for MKTGSTAFF 
INSERT INTO access_templates (templt_id, role_id,templt_desc) VALUES (seq_access_template.NEXTVAL,'MKTGSTAFF','Templ for MKTGSTAFF');
		-- for AGENT 
INSERT INTO access_templates (templt_id, role_id,templt_desc) VALUES (seq_access_template.NEXTVAL,'AGENT','Templ for AGENT');
		-- for EXAMINER 
INSERT INTO access_templates (templt_id, role_id,templt_desc) VALUES (seq_access_template.NEXTVAL,'EXAMINER','Templ for EXAMINER');
		-- for LABSTAFF 
INSERT INTO access_templates (templt_id, role_id,templt_desc) VALUES (seq_access_template.NEXTVAL,'LABSTAFF','Templ for LABSTAFF');
		-- for OTHERUSER 
INSERT INTO access_templates (templt_id, role_id,templt_desc) VALUES (seq_access_template.NEXTVAL,'OTHERUSER','Templ for OTHERUSER');
		-- for LOVADMIN 
INSERT INTO access_templates (templt_id, role_id,templt_desc) VALUES (seq_access_template.NEXTVAL,'LOVADMIN','Templ for LOVADMIN');
		-- for SCTYADMIN 
INSERT INTO access_templates (templt_id, role_id,templt_desc) VALUES (seq_access_template.NEXTVAL,'SCTYADMIN','Templ for SCTYADMIN');
		-- for SYSOPER 
INSERT INTO access_templates (templt_id, role_id,templt_desc) VALUES (seq_access_template.NEXTVAL,'SYSOPER','Templ for SYSOPER');

-- STATUS
PROMPT INSERT STATUS ................
INSERT INTO status (stat_id, stat_desc,stat_type) VALUES(1, 'NB Review Action', 'AR');
INSERT INTO status (stat_id, stat_desc,stat_type) VALUES(2, 'For Transmittal USD','AR');
INSERT INTO status (stat_id, stat_desc,stat_type) VALUES(3, 'For Facilitator''s Action','AR');
INSERT INTO status (stat_id, stat_desc,stat_type) VALUES(4, 'For Assessment','AR');
INSERT INTO status (stat_id, stat_desc,stat_type) VALUES(5, 'Undergoing Assessment','AR');
INSERT INTO status (stat_id, stat_desc,stat_type) VALUES(6, 'For Approval','AR');
INSERT INTO status (stat_id, stat_desc,stat_type) VALUES(7, 'Approved','AR');
INSERT INTO status (stat_id, stat_desc,stat_type) VALUES(8, 'Declined','AR');
INSERT INTO status (stat_id, stat_desc,stat_type) VALUES(9, 'For Offer','AR');
INSERT INTO status (stat_id, stat_desc,stat_type) VALUES(10, 'Awaiting Requirements','AR');
INSERT INTO status (stat_id, stat_desc,stat_type) VALUES(11, 'Awaiting Medical','AR');
INSERT INTO status (stat_id, stat_desc,stat_type) VALUES(12, 'Not Proceeded With','AR');
INSERT INTO status (stat_id, stat_desc,stat_type) VALUES(13, 'Ordered','NM');
INSERT INTO status (stat_id, stat_desc,stat_type) VALUES(14, 'Received in site','NM');
INSERT INTO status (stat_id, stat_desc,stat_type) VALUES(15, 'Waived','NM');
INSERT INTO status (stat_id, stat_desc,stat_type) VALUES(16, 'Reviewed And Rejected','NM');
INSERT INTO status (stat_id, stat_desc,stat_type) VALUES(17, 'Reviewed And Accepted','NM');
INSERT INTO status (stat_id, stat_desc,stat_type) VALUES(18, 'Requested','M');
INSERT INTO status (stat_id, stat_desc,stat_type) VALUES(19, 'Confirmed','M');
INSERT INTO status (stat_id, stat_desc,stat_type) VALUES(20, 'Valid','M');
INSERT INTO status (stat_id, stat_desc,stat_type) VALUES(21, 'Expired','M');
INSERT INTO status (stat_id, stat_desc,stat_type) VALUES(22, 'Not Submitted','M');
INSERT INTO status (stat_id, stat_desc,stat_type) VALUES(23, 'Cancelled','M');
INSERT INTO status (stat_id, stat_desc,stat_type) VALUES(24, 'NTO','NM');
INSERT INTO status (stat_id, stat_desc,stat_type) VALUES(25, 'SAA','NM');
INSERT INTO status (stat_id, stat_desc,stat_type) VALUES(26, 'SCC','NM');
INSERT INTO status (stat_id, stat_desc,stat_type) VALUES(27, 'SIR','NM');
INSERT INTO status (stat_id, stat_desc,stat_type) VALUES(121, 'Cancelled','NM');
INSERT INTO status (stat_id, stat_desc,stat_type) VALUES(141, 'Cancelled','AR');
INSERT INTO status (stat_id, stat_desc,stat_type) VALUES(181, 'For Referral','AR');

-- PAGES ACCESS
PROMPT INSERT PAGE ACCESS ................
INSERT INTO pages_access
VALUES
(376,26,1,'1')
/
INSERT INTO pages_access
VALUES
(377,26,2,'0')
/
INSERT INTO pages_access
VALUES
(378,26,3,'1')
/
INSERT INTO pages_access
VALUES
(379,26,4,'0')
/
INSERT INTO pages_access
VALUES
(380,26,5,'1')
/
INSERT INTO pages_access
VALUES
(382,27,1,'1')
/
INSERT INTO pages_access
VALUES
(383,27,2,'0')
/
INSERT INTO pages_access
VALUES
(384,27,3,'1')
/
INSERT INTO pages_access
VALUES
(385,27,4,'0')
/
INSERT INTO pages_access
VALUES
(386,27,5,'0')
/
INSERT INTO pages_access
VALUES
(140,19,1,'1')
/
INSERT INTO pages_access
VALUES
(141,19,2,'1')
/
INSERT INTO pages_access
VALUES
(142,19,3,'1')
/
INSERT INTO pages_access
VALUES
(143,19,4,'1')
/
INSERT INTO pages_access
VALUES
(144,19,5,'0')
/
INSERT INTO pages_access
VALUES
(146,20,1,'1')
/
INSERT INTO pages_access
VALUES
(147,20,2,'1')
/
INSERT INTO pages_access
VALUES
(148,20,3,'1')
/
INSERT INTO pages_access
VALUES
(149,20,4,'1')
/
INSERT INTO pages_access
VALUES
(150,20,5,'0')
/
INSERT INTO pages_access
VALUES
(152,21,1,'1')
/
INSERT INTO pages_access
VALUES
(153,21,2,'1')
/
INSERT INTO pages_access
VALUES
(154,21,3,'1')
/
INSERT INTO pages_access
VALUES
(155,21,4,'1')
/
INSERT INTO pages_access
VALUES
(156,21,5,'0')
/
INSERT INTO pages_access
VALUES
(158,22,1,'1')
/
INSERT INTO pages_access
VALUES
(159,22,2,'1')
/
INSERT INTO pages_access
VALUES
(160,22,3,'1')
/
INSERT INTO pages_access
VALUES
(161,22,4,'1')
/
INSERT INTO pages_access
VALUES
(162,22,5,'0')
/
INSERT INTO pages_access
VALUES
(164,23,1,'1')
/
INSERT INTO pages_access
VALUES
(165,23,2,'1')
/
INSERT INTO pages_access
VALUES
(166,23,3,'1')
/
INSERT INTO pages_access
VALUES
(167,23,4,'1')
/
INSERT INTO pages_access
VALUES
(168,23,5,'0')
/
INSERT INTO pages_access
VALUES
(170,24,1,'1')
/
INSERT INTO pages_access
VALUES
(171,24,2,'0')
/
INSERT INTO pages_access
VALUES
(172,24,3,'1')
/
INSERT INTO pages_access
VALUES
(173,24,4,'0')
/
INSERT INTO pages_access
VALUES
(174,24,5,'0')
/
INSERT INTO pages_access
VALUES
(176,25,1,'1')
/
INSERT INTO pages_access
VALUES
(177,25,2,'0')
/
INSERT INTO pages_access
VALUES
(178,25,3,'1')
/
INSERT INTO pages_access
VALUES
(179,25,4,'0')
/
INSERT INTO pages_access
VALUES
(180,25,5,'1')
/

INSERT INTO pages_access
VALUES
(1,1,1,'1')
/
INSERT INTO pages_access
VALUES
(2,1,2,'0')
/
INSERT INTO pages_access
VALUES
(3,1,3,'0')
/
INSERT INTO pages_access
VALUES
(4,1,4,'0')
/
INSERT INTO pages_access
VALUES
(5,1,5,'0')
/
INSERT INTO pages_access
VALUES
(7,2,1,'1')
/
INSERT INTO pages_access
VALUES
(8,2,2,'0')
/
INSERT INTO pages_access
VALUES
(9,2,3,'0')
/
INSERT INTO pages_access
VALUES
(10,2,4,'1')
/
INSERT INTO pages_access
VALUES
(11,2,5,'1')
/
INSERT INTO pages_access
VALUES
(13,3,1,'1')
/
INSERT INTO pages_access
VALUES
(14,3,2,'1')
/
INSERT INTO pages_access
VALUES
(15,3,3,'1')
/
INSERT INTO pages_access
VALUES
(16,3,4,'1')
/
INSERT INTO pages_access
VALUES
(17,3,5,'1')
/
INSERT INTO pages_access
VALUES
(19,4,1,'1')
/
INSERT INTO pages_access
VALUES
(20,4,2,'1')
/
INSERT INTO pages_access
VALUES
(21,4,3,'1')
/
INSERT INTO pages_access
VALUES
(22,4,4,'0')
/
INSERT INTO pages_access
VALUES
(23,4,5,'0')
/
INSERT INTO pages_access
VALUES
(25,5,1,'1')
/
INSERT INTO pages_access
VALUES
(26,5,2,'0')
/
INSERT INTO pages_access
VALUES
(27,5,3,'0')
/
INSERT INTO pages_access
VALUES
(28,5,4,'0')
/
INSERT INTO pages_access
VALUES
(29,5,5,'0')
/
INSERT INTO pages_access
VALUES
(31,6,1,'1')
/
INSERT INTO pages_access
VALUES
(32,6,2,'1')
/
INSERT INTO pages_access
VALUES
(33,6,3,'1')
/
INSERT INTO pages_access
VALUES
(34,6,4,'1')
/
INSERT INTO pages_access
VALUES
(35,6,5,'1')
/
INSERT INTO pages_access
VALUES
(37,7,1,'1')
/
INSERT INTO pages_access
VALUES
(38,7,2,'1')
/
INSERT INTO pages_access
VALUES
(39,7,3,'1')
/
INSERT INTO pages_access
VALUES
(40,7,4,'0')
/
INSERT INTO pages_access
VALUES
(41,7,5,'1')
/
INSERT INTO pages_access
VALUES
(43,8,1,'1')
/
INSERT INTO pages_access
VALUES
(44,8,2,'1')
/
INSERT INTO pages_access
VALUES
(45,8,3,'0')
/
INSERT INTO pages_access
VALUES
(46,8,4,'0')
/
INSERT INTO pages_access
VALUES
(47,8,5,'0')
/
INSERT INTO pages_access
VALUES
(49,9,1,'1')
/
INSERT INTO pages_access
VALUES
(50,9,2,'0')
/
INSERT INTO pages_access
VALUES
(51,9,3,'0')
/
INSERT INTO pages_access
VALUES
(52,9,4,'0')
/
INSERT INTO pages_access
VALUES
(53,9,5,'1')
/
INSERT INTO pages_access
VALUES
(55,10,1,'1')
/
INSERT INTO pages_access
VALUES
(56,10,2,'1')
/
INSERT INTO pages_access
VALUES
(57,10,3,'1')
/
INSERT INTO pages_access
VALUES
(58,10,4,'0')
/
INSERT INTO pages_access
VALUES
(59,10,5,'1')
/
INSERT INTO pages_access
VALUES
(61,11,1,'1')
/
INSERT INTO pages_access
VALUES
(62,11,2,'0')
/
INSERT INTO pages_access
VALUES
(63,11,3,'0')
/
INSERT INTO pages_access
VALUES
(64,11,4,'0')
/
INSERT INTO pages_access
VALUES
(65,11,5,'0')
/
INSERT INTO pages_access
VALUES
(67,12,1,'1')
/
INSERT INTO pages_access
VALUES
(68,12,2,'1')
/
INSERT INTO pages_access
VALUES
(69,12,3,'1')
/
INSERT INTO pages_access
VALUES
(70,12,4,'0')
/
INSERT INTO pages_access
VALUES
(71,12,5,'1')
/
INSERT INTO pages_access
VALUES
(73,13,1,'1')
/
INSERT INTO pages_access
VALUES
(74,13,2,'1')
/
INSERT INTO pages_access
VALUES
(75,13,3,'1')
/
INSERT INTO pages_access
VALUES
(76,13,4,'0')
/
INSERT INTO pages_access
VALUES
(77,13,5,'1')
/
INSERT INTO pages_access
VALUES
(79,14,1,'1')
/
INSERT INTO pages_access
VALUES
(80,14,2,'1')
/
INSERT INTO pages_access
VALUES
(81,14,3,'1')
/
INSERT INTO pages_access
VALUES
(82,14,4,'0')
/
INSERT INTO pages_access
VALUES
(83,14,5,'1')
/
INSERT INTO pages_access
VALUES
(85,15,1,'1')
/
INSERT INTO pages_access
VALUES
(86,15,2,'0')
/
INSERT INTO pages_access
VALUES
(87,15,3,'0')
/
INSERT INTO pages_access
VALUES
(88,15,4,'0')
/
INSERT INTO pages_access
VALUES
(89,15,5,'0')
/
INSERT INTO pages_access
VALUES
(91,16,1,'1')
/
INSERT INTO pages_access
VALUES
(92,16,2,'0')
/
INSERT INTO pages_access
VALUES
(93,16,3,'0')
/
INSERT INTO pages_access
VALUES
(94,16,4,'0')
/
INSERT INTO pages_access
VALUES
(95,16,5,'0')
/
INSERT INTO pages_access
VALUES
(97,17,1,'1')
/
INSERT INTO pages_access
VALUES
(98,17,2,'0')
/
INSERT INTO pages_access
VALUES
(99,17,3,'0')
/
INSERT INTO pages_access
VALUES
(100,17,4,'0')
/
INSERT INTO pages_access
VALUES
(101,17,5,'0')
/
INSERT INTO pages_access
VALUES
(103,18,1,'1')
/
INSERT INTO pages_access
VALUES
(104,18,2,'0')
/
INSERT INTO pages_access
VALUES
(105,18,3,'1')
/
INSERT INTO pages_access
VALUES
(106,18,4,'0')
/
INSERT INTO pages_access
VALUES
(107,18,5,'0')
/

-- IUMADMIN USER PAGE ACCESS
PROMPT INSERT IUMADMIN PAGE ACCESS ................
INSERT INTO user_page_access (user_id,page_id,acc_id,upa_access_ind,created_by)
VALUES
('IUMADMIN',20,4,'0','IUMADMIN')
/
INSERT INTO user_page_access (user_id,page_id,acc_id,upa_access_ind,created_by)
VALUES
('IUMADMIN',25,1,'1','IUMADMIN')
/
INSERT INTO user_page_access (user_id,page_id,acc_id,upa_access_ind,created_by)
VALUES
('IUMADMIN',24,3,'1','IUMADMIN')
/
INSERT INTO user_page_access (user_id,page_id,acc_id,upa_access_ind,created_by)
VALUES
('IUMADMIN',21,3,'0','IUMADMIN')
/
INSERT INTO user_page_access (user_id,page_id,acc_id,upa_access_ind,created_by)
VALUES
('IUMADMIN',22,1,'1','IUMADMIN')
/
INSERT INTO user_page_access (user_id,page_id,acc_id,upa_access_ind,created_by)
VALUES
('IUMADMIN',21,4,'0','IUMADMIN')
/
INSERT INTO user_page_access (user_id,page_id,acc_id,upa_access_ind,created_by)
VALUES
('IUMADMIN',22,2,'1','IUMADMIN')
/
INSERT INTO user_page_access (user_id,page_id,acc_id,upa_access_ind,created_by)
VALUES
('IUMADMIN',22,4,'0','IUMADMIN')
/
INSERT INTO user_page_access (user_id,page_id,acc_id,upa_access_ind,created_by)
VALUES
('IUMADMIN',23,2,'1','IUMADMIN')
/
INSERT INTO user_page_access (user_id,page_id,acc_id,upa_access_ind,created_by)
VALUES
('IUMADMIN',23,4,'0','IUMADMIN')
/
INSERT INTO user_page_access (user_id,page_id,acc_id,upa_access_ind,created_by)
VALUES
('IUMADMIN',19,1,'1','IUMADMIN')
/
INSERT INTO user_page_access (user_id,page_id,acc_id,upa_access_ind,created_by)
VALUES
('IUMADMIN',19,2,'1','IUMADMIN')
/
INSERT INTO user_page_access (user_id,page_id,acc_id,upa_access_ind,created_by)
VALUES
('IUMADMIN',19,3,'1','IUMADMIN')
/
INSERT INTO user_page_access (user_id,page_id,acc_id,upa_access_ind,created_by)
VALUES
('IUMADMIN',26,1,'1','IUMADMIN')
/
INSERT INTO user_page_access (user_id,page_id,acc_id,upa_access_ind,created_by)
VALUES
('IUMADMIN',22,3,'1','IUMADMIN')
/
INSERT INTO user_page_access (user_id,page_id,acc_id,upa_access_ind,created_by)
VALUES
('IUMADMIN',23,3,'1','IUMADMIN')
/
INSERT INTO user_page_access (user_id,page_id,acc_id,upa_access_ind,created_by)
VALUES
('IUMADMIN',20,1,'1','IUMADMIN')
/
INSERT INTO user_page_access (user_id,page_id,acc_id,upa_access_ind,created_by)
VALUES
('IUMADMIN',20,2,'1','IUMADMIN')
/
INSERT INTO user_page_access (user_id,page_id,acc_id,upa_access_ind,created_by)
VALUES
('IUMADMIN',26,3,'1','IUMADMIN')
/
INSERT INTO user_page_access (user_id,page_id,acc_id,upa_access_ind,created_by)
VALUES
('IUMADMIN',27,3,'1','IUMADMIN')
/
INSERT INTO user_page_access (user_id,page_id,acc_id,upa_access_ind,created_by)
VALUES
('IUMADMIN',4,2,'1','IUMADMIN')
/
INSERT INTO user_page_access (user_id,page_id,acc_id,upa_access_ind,created_by)
VALUES
('IUMADMIN',21,1,'1','IUMADMIN')
/
INSERT INTO user_page_access (user_id,page_id,acc_id,upa_access_ind,created_by)
VALUES
('IUMADMIN',21,2,'1','IUMADMIN')
/
INSERT INTO user_page_access (user_id,page_id,acc_id,upa_access_ind,created_by)
VALUES
('IUMADMIN',25,3,'0','IUMADMIN')
/
INSERT INTO user_page_access (user_id,page_id,acc_id,upa_access_ind,created_by)
VALUES
('IUMADMIN',25,5,'0','IUMADMIN')
/
INSERT INTO user_page_access (user_id,page_id,acc_id,upa_access_ind,created_by)
VALUES
('IUMADMIN',1,1,'1','IUMADMIN')
/
INSERT INTO user_page_access (user_id,page_id,acc_id,upa_access_ind,created_by)
VALUES
('IUMADMIN',2,1,'1','IUMADMIN')
/
INSERT INTO user_page_access (user_id,page_id,acc_id,upa_access_ind,created_by)
VALUES
('IUMADMIN',2,4,'0','IUMADMIN')
/
INSERT INTO user_page_access (user_id,page_id,acc_id,upa_access_ind,created_by)
VALUES
('IUMADMIN',2,5,'1','IUMADMIN')
/
INSERT INTO user_page_access (user_id,page_id,acc_id,upa_access_ind,created_by)
VALUES
('IUMADMIN',3,3,'1','IUMADMIN')
/
INSERT INTO user_page_access (user_id,page_id,acc_id,upa_access_ind,created_by)
VALUES
('IUMADMIN',3,4,'1','IUMADMIN')
/
INSERT INTO user_page_access (user_id,page_id,acc_id,upa_access_ind,created_by)
VALUES
('IUMADMIN',3,5,'1','IUMADMIN')
/
INSERT INTO user_page_access (user_id,page_id,acc_id,upa_access_ind,created_by)
VALUES
('IUMADMIN',4,1,'1','IUMADMIN')
/
INSERT INTO user_page_access (user_id,page_id,acc_id,upa_access_ind,created_by)
VALUES
('IUMADMIN',4,3,'1','IUMADMIN')
/
INSERT INTO user_page_access (user_id,page_id,acc_id,upa_access_ind,created_by)
VALUES
('IUMADMIN',5,1,'1','IUMADMIN')
/
INSERT INTO user_page_access (user_id,page_id,acc_id,upa_access_ind,created_by)
VALUES
('IUMADMIN',6,1,'1','IUMADMIN')
/
INSERT INTO user_page_access (user_id,page_id,acc_id,upa_access_ind,created_by)
VALUES
('IUMADMIN',6,3,'1','IUMADMIN')
/
INSERT INTO user_page_access (user_id,page_id,acc_id,upa_access_ind,created_by)
VALUES
('IUMADMIN',6,4,'1','IUMADMIN')
/
INSERT INTO user_page_access (user_id,page_id,acc_id,upa_access_ind,created_by)
VALUES
('IUMADMIN',6,5,'1','IUMADMIN')
/
INSERT INTO user_page_access (user_id,page_id,acc_id,upa_access_ind,created_by)
VALUES
('IUMADMIN',7,1,'1','IUMADMIN')
/
INSERT INTO user_page_access (user_id,page_id,acc_id,upa_access_ind,created_by)
VALUES
('IUMADMIN',7,2,'1','IUMADMIN')
/
INSERT INTO user_page_access (user_id,page_id,acc_id,upa_access_ind,created_by)
VALUES
('IUMADMIN',7,3,'1','IUMADMIN')
/
INSERT INTO user_page_access (user_id,page_id,acc_id,upa_access_ind,created_by)
VALUES
('IUMADMIN',7,5,'1','IUMADMIN')
/
INSERT INTO user_page_access (user_id,page_id,acc_id,upa_access_ind,created_by)
VALUES
('IUMADMIN',8,1,'1','IUMADMIN')
/
INSERT INTO user_page_access (user_id,page_id,acc_id,upa_access_ind,created_by)
VALUES
('IUMADMIN',8,2,'1','IUMADMIN')
/
INSERT INTO user_page_access (user_id,page_id,acc_id,upa_access_ind,created_by)
VALUES
('IUMADMIN',9,1,'1','IUMADMIN')
/
INSERT INTO user_page_access (user_id,page_id,acc_id,upa_access_ind,created_by)
VALUES
('IUMADMIN',9,5,'1','IUMADMIN')
/
INSERT INTO user_page_access (user_id,page_id,acc_id,upa_access_ind,created_by)
VALUES
('IUMADMIN',10,1,'1','IUMADMIN')
/
INSERT INTO user_page_access (user_id,page_id,acc_id,upa_access_ind,created_by)
VALUES
('IUMADMIN',10,2,'1','IUMADMIN')
/
INSERT INTO user_page_access (user_id,page_id,acc_id,upa_access_ind,created_by)
VALUES
('IUMADMIN',10,3,'1','IUMADMIN')
/
INSERT INTO user_page_access (user_id,page_id,acc_id,upa_access_ind,created_by)
VALUES
('IUMADMIN',10,5,'1','IUMADMIN')
/
INSERT INTO user_page_access (user_id,page_id,acc_id,upa_access_ind,created_by)
VALUES
('IUMADMIN',11,1,'1','IUMADMIN')
/
INSERT INTO user_page_access (user_id,page_id,acc_id,upa_access_ind,created_by)
VALUES
('IUMADMIN',12,1,'1','IUMADMIN')
/
INSERT INTO user_page_access (user_id,page_id,acc_id,upa_access_ind,created_by)
VALUES
('IUMADMIN',12,2,'1','IUMADMIN')
/
INSERT INTO user_page_access (user_id,page_id,acc_id,upa_access_ind,created_by)
VALUES
('IUMADMIN',12,3,'1','IUMADMIN')
/
INSERT INTO user_page_access (user_id,page_id,acc_id,upa_access_ind,created_by)
VALUES
('IUMADMIN',12,5,'1','IUMADMIN')
/
INSERT INTO user_page_access (user_id,page_id,acc_id,upa_access_ind,created_by)
VALUES
('IUMADMIN',13,1,'1','IUMADMIN')
/
INSERT INTO user_page_access (user_id,page_id,acc_id,upa_access_ind,created_by)
VALUES
('IUMADMIN',13,2,'1','IUMADMIN')
/
INSERT INTO user_page_access (user_id,page_id,acc_id,upa_access_ind,created_by)
VALUES
('IUMADMIN',13,3,'1','IUMADMIN')
/
INSERT INTO user_page_access (user_id,page_id,acc_id,upa_access_ind,created_by)
VALUES
('IUMADMIN',13,5,'1','IUMADMIN')
/
INSERT INTO user_page_access (user_id,page_id,acc_id,upa_access_ind,created_by)
VALUES
('IUMADMIN',14,1,'1','IUMADMIN')
/
INSERT INTO user_page_access (user_id,page_id,acc_id,upa_access_ind,created_by)
VALUES
('IUMADMIN',14,3,'1','IUMADMIN')
/
INSERT INTO user_page_access (user_id,page_id,acc_id,upa_access_ind,created_by)
VALUES
('IUMADMIN',14,5,'1','IUMADMIN')
/
INSERT INTO user_page_access (user_id,page_id,acc_id,upa_access_ind,created_by)
VALUES
('IUMADMIN',15,1,'1','IUMADMIN')
/
INSERT INTO user_page_access (user_id,page_id,acc_id,upa_access_ind,created_by)
VALUES
('IUMADMIN',16,1,'1','IUMADMIN')
/
INSERT INTO user_page_access (user_id,page_id,acc_id,upa_access_ind,created_by)
VALUES
('IUMADMIN',17,1,'1','IUMADMIN')
/
INSERT INTO user_page_access (user_id,page_id,acc_id,upa_access_ind,created_by)
VALUES
('IUMADMIN',3,1,'1',NULL)
/
INSERT INTO user_page_access (user_id,page_id,acc_id,upa_access_ind,created_by)
VALUES
('IUMADMIN',6,2,'1','IUMADMIN')
/
INSERT INTO user_page_access (user_id,page_id,acc_id,upa_access_ind,created_by)
VALUES
('IUMADMIN',3,2,'1','IUMADMIN')
/
INSERT INTO user_page_access (user_id,page_id,acc_id,upa_access_ind,created_by)
VALUES
('IUMADMIN',18,1,'1','IUMADMIN')
/
INSERT INTO user_page_access (user_id,page_id,acc_id,upa_access_ind,created_by)
VALUES
('IUMADMIN',18,3,'1','IUMADMIN')
/
INSERT INTO user_page_access (user_id,page_id,acc_id,upa_access_ind,created_by)
VALUES
('IUMADMIN',14,2,'0','IUMADMIN')
/
INSERT INTO user_page_access (user_id,page_id,acc_id,upa_access_ind,created_by)
VALUES
('IUMADMIN',19,4,'0','IUMADMIN')
/
INSERT INTO user_page_access (user_id,page_id,acc_id,upa_access_ind,created_by)
VALUES
('IUMADMIN',20,3,'0','IUMADMIN')
/
INSERT INTO user_page_access (user_id,page_id,acc_id,upa_access_ind,created_by)
VALUES
('IUMADMIN',23,1,'1','IUMADMIN')
/
INSERT INTO user_page_access (user_id,page_id,acc_id,upa_access_ind,created_by)
VALUES
('IUMADMIN',24,1,'1','IUMADMIN')
/
INSERT INTO user_page_access (user_id,page_id,acc_id,upa_access_ind,created_by)
VALUES
('IUMADMIN',27,1,'1','IUMADMIN')
/
INSERT INTO user_page_access (user_id,page_id,acc_id,upa_access_ind,created_by)
VALUES
('IUMADMIN',26,5,'0','IUMADMIN')
/

-- CLIENT TYPES
PROMPT INSERT CLIENT TYPES ................
INSERT INTO client_types (clt_code, clt_desc) VALUES ('O', 'Owner');
INSERT INTO client_types (clt_code, clt_desc) VALUES ('I', 'Insured');
INSERT INTO client_types (clt_code, clt_desc) VALUES ('P', 'Planholder');
INSERT INTO client_types (clt_code, clt_desc) VALUES ('M', 'Member');

-- LINES OF BUSINESS
PROMPT INSERT LINES OF BUSINESS ................
INSERT INTO lines_of_business (lob_code, lob_desc) VALUES ('IL', 'Individual Life');
INSERT INTO lines_of_business (lob_code, lob_desc) VALUES ('PN', 'Pre-need');
INSERT INTO lines_of_business (lob_code, lob_desc) VALUES ('MF', 'Mutual Funds');
INSERT INTO lines_of_business (lob_code, lob_desc) VALUES ('GL', 'Group Life');

-- PROCESS CONFIGURATION
PROMPT INSERT PROCESS CONFIGURATION ..................
INSERT INTO process_configurations
VALUES
(57,'AR','App Forwarded to UW',3,4,'GL',3,'1','IUMADMIN',NULL,NULL,NULL)
/
INSERT INTO process_configurations
VALUES
(59,'AR','Approved',5,7,'GL',13,'1','IUMADMIN',NULL,NULL,NULL)
/
INSERT INTO process_configurations
VALUES
(58,'AR','Approved',5,7,'PN',13,'1','IUMADMIN',NULL,NULL,NULL)
/
INSERT INTO process_configurations
VALUES
(60,'AR','App forwarded to USD',1,2,'PN',2,'1','IUMADMIN',NULL,NULL,NULL)
/
INSERT INTO process_configurations
VALUES
(61,'AR','App forwarded to USD',1,2,'GL',2,'1','IUMADMIN',NULL,NULL,NULL)
/
INSERT INTO process_configurations
VALUES
(62,'AR','App forwarded to USD',6,2,'IL',2,'1','IUMADMIN',NULL,NULL,NULL)
/
INSERT INTO process_configurations
VALUES
(63,'AR','App forwarded to USD',6,2,'PN',2,'1','IUMADMIN',NULL,NULL,NULL)
/
INSERT INTO process_configurations
VALUES
(64,'AR','App forwarded to USD',6,2,'GL',2,'1','IUMADMIN',NULL,NULL,NULL)
/
INSERT INTO process_configurations
VALUES
(65,'AR','Declined',5,8,'PN',13,'1','IUMADMIN',NULL,NULL,NULL)
/
INSERT INTO process_configurations
VALUES
(66,'AR','Declined',5,8,'GL',13,'1','IUMADMIN',NULL,NULL,NULL)
/
INSERT INTO process_configurations
VALUES
(35,'M','Medical Exam Request',NULL,18,'IL',9,'1','IUMADMIN',NULL,NULL,NULL)
/
INSERT INTO process_configurations
VALUES
(36,'M','Confirm Medical Exam',18,19,'IL',10,'1','IUMADMIN',NULL,NULL,NULL)
/
INSERT INTO process_configurations
VALUES
(37,'M','Receive Medical Results',NULL,20,'IL',12,'1','IUMADMIN',NULL,NULL,NULL)
/
INSERT INTO process_configurations
VALUES
(38,'M','Receive Medical Results',19,20,'IL',12,'1','IUMADMIN',NULL,NULL,NULL)
/
INSERT INTO process_configurations
VALUES
(39,'AR','Not Proceeded With',NULL,12,'IL',13,'1','IUMADMIN',NULL,NULL,NULL)
/
INSERT INTO process_configurations
VALUES
(40,'NM','Ordered Requirements',24,13,'IL',5,'1','IUMADMIN',NULL,NULL,NULL)
/
INSERT INTO process_configurations
VALUES
(41,'NM','Ordered Requirements',25,13,'IL',5,'1','IUMADMIN',NULL,NULL,NULL)
/
INSERT INTO process_configurations
VALUES
(42,'NM','Ordered Requirements',26,13,'IL',5,'1','IUMADMIN',NULL,NULL,NULL)
/
INSERT INTO process_configurations
VALUES
(43,'NM','Ordered Requirements',27,13,'IL',5,'1','IUMADMIN',NULL,NULL,NULL)
/
INSERT INTO process_configurations
VALUES
(44,'NM','Accept Requirement',13,17,'IL',NULL,'1','IUMADMIN',NULL,NULL,NULL)
/
INSERT INTO process_configurations
VALUES
(45,'NM','Accept Requirement',14,17,'IL',NULL,'1','IUMADMIN',NULL,NULL,NULL)
/
INSERT INTO process_configurations
VALUES
(46,'NM','Cancelled Requirements',13,121,'IL',6,'1','IUMADMIN',NULL,NULL,NULL)
/
INSERT INTO process_configurations
VALUES
(47,'NM','Cancelled Requirements',24,121,'IL',NULL,'1','IUMADMIN',NULL,'IUMADMIN','19-MAR-04 11.51.25.000000 PM')
/
INSERT INTO process_configurations
VALUES
(48,'NM','Cancelled Requirements',25,121,'IL',NULL,'1','IUMADMIN',NULL,'IUMADMIN','19-MAR-04 11.51.04.000000 PM')
/
INSERT INTO process_configurations
VALUES
(49,'NM','Cancelled Requirements',26,121,'IL',NULL,'1','IUMADMIN',NULL,'IUMADMIN','19-MAR-04 11.51.43.000000 PM')
/
INSERT INTO process_configurations
VALUES
(50,'NM','Cancelled Requirements',27,121,'IL',NULL,'1','IUMADMIN',NULL,'IUMADMIN','19-MAR-04 11.51.59.000000 PM')
/
INSERT INTO process_configurations
VALUES
(51,'NM','Waived Requirements',13,15,'IL',8,'1','IUMADMIN',NULL,'IUMADMIN','19-MAR-04 11.20.39.000000 PM')
/
INSERT INTO process_configurations
VALUES
(52,'NM','Waived Requirements',24,15,'IL',NULL,'1','IUMADMIN',NULL,'IUMADMIN','19-MAR-04 11.49.29.000000 PM')
/
INSERT INTO process_configurations
VALUES
(53,'NM','Waived Requirements',25,15,'IL',NULL,'1','IUMADMIN',NULL,'IUMADMIN','19-MAR-04 11.49.54.000000 PM')
/
INSERT INTO process_configurations
VALUES
(54,'NM','Waived Requirements',26,15,'IL',NULL,'1','IUMADMIN',NULL,'IUMADMIN','19-MAR-04 11.50.07.000000 PM')
/
INSERT INTO process_configurations
VALUES
(55,'NM','Waived Requirements',27,15,'IL',NULL,'1','IUMADMIN',NULL,'IUMADMIN','19-MAR-04 11.50.35.000000 PM')
/
INSERT INTO process_configurations
VALUES
(56,'AR','App Forwarded to UW',3,4,'PN',3,'1','IUMADMIN',NULL,NULL,NULL)
/
INSERT INTO process_configurations
VALUES
(67,'AR','Cancel Assessment Request',1,141,'IL',NULL,'1','IUMADMIN',NULL,NULL,NULL)
/
INSERT INTO process_configurations
VALUES
(68,'M','No Submission of Med Exam',18,22,'IL',NULL,'1','IUMADMIN',NULL,NULL,NULL)
/
INSERT INTO process_configurations
VALUES
(76,'M','No Submission of Med Exam',19,22,'IL',NULL,NULL,NULL,NULL,NULL,NULL)
/
INSERT INTO process_configurations
VALUES
(77,'M','No Submission of Med Exam',18,22,'GL',NULL,NULL,NULL,NULL,NULL,NULL)
/
INSERT INTO process_configurations
VALUES
(78,'M','No Submission of Med Exam',19,22,'GL',NULL,NULL,NULL,NULL,NULL,NULL)
/
INSERT INTO process_configurations
VALUES
(79,'M','No Submission of Med Exam',18,22,'PN',NULL,NULL,NULL,NULL,NULL,NULL)
/
INSERT INTO process_configurations
VALUES
(80,'M','No Submission of Med Exam',19,22,'PN',NULL,NULL,NULL,NULL,NULL,NULL)
/
INSERT INTO process_configurations
VALUES
(84,'NM','Reqt Received in Site',13,14,'IL',11,'1','IUMADMIN',NULL,NULL,NULL)
/
INSERT INTO process_configurations
VALUES
(85,'NM','Reqt Received in Site',13,14,'PN',11,'1','IUMADMIN',NULL,NULL,NULL)
/
INSERT INTO process_configurations
VALUES
(86,'NM','Reqt Received in Site',13,14,'GL',11,'1','IUMADMIN',NULL,NULL,NULL)
/
INSERT INTO process_configurations
VALUES
(87,'NM','Ordered Requirement',24,13,'PN',5,'1','IUMADMIN',NULL,NULL,NULL)
/
INSERT INTO process_configurations
VALUES
(88,'NM','Ordered Requirement',24,13,'GL',5,'1','IUMADMIN',NULL,NULL,NULL)
/
INSERT INTO process_configurations
VALUES
(89,'NM','Rejected Requirement',13,16,'IL',NULL,'0','IUMADMIN',NULL,NULL,NULL)
/
INSERT INTO process_configurations
VALUES
(90,'NM','Rejected Requirement',14,16,'IL',NULL,'0','IUMADMIN',NULL,NULL,NULL)
/
INSERT INTO process_configurations
VALUES
(91,'NM','Rejected Requirement',17,16,'IL',NULL,'0','IUMADMIN',NULL,NULL,NULL)
/
INSERT INTO process_configurations
VALUES
(92,'NM','Rejected Requirement',13,16,'PN',NULL,'0','IUMADMIN',NULL,NULL,NULL)
/
INSERT INTO process_configurations
VALUES
(93,'NM','Rejected Requirement',14,16,'PN',NULL,'0','IUMADMIN',NULL,NULL,NULL)
/
INSERT INTO process_configurations
VALUES
(94,'NM','Rejected Requirement',17,16,'PN',NULL,'0','IUMADMIN',NULL,NULL,NULL)
/
INSERT INTO process_configurations
VALUES
(95,'NM','Rejected Requirement',13,16,'GL',NULL,'0','IUMADMIN',NULL,NULL,NULL)
/
INSERT INTO process_configurations
VALUES
(96,'NM','Rejected Requirement',14,16,'GL',NULL,'0','IUMADMIN',NULL,NULL,NULL)
/
INSERT INTO process_configurations
VALUES
(97,'NM','Rejected Requirement',17,16,'GL',NULL,'0','IUMADMIN',NULL,NULL,NULL)
/
INSERT INTO process_configurations
VALUES
(121,'AR','Speedy Approval',6,7,'PN',14,'1','IUMADMIN',NULL,NULL,NULL)
/
INSERT INTO process_configurations
VALUES
(122,'AR','Speedy Approval',6,7,'GL',14,'1','IUMADMIN',NULL,NULL,NULL)
/
INSERT INTO process_configurations
VALUES
(123,'AR','Not Proceeded With',10,12,'GL',13,'1','IUMADMIN',NULL,NULL,NULL)
/
INSERT INTO process_configurations
VALUES
(124,'AR','Not Proceeded With',10,12,'PN',13,'1','IUMADMIN',NULL,NULL,NULL)
/
INSERT INTO process_configurations
VALUES
(125,'AR','Not Proceeded With',11,12,'GL',13,'1','IUMADMIN',NULL,NULL,NULL)
/
INSERT INTO process_configurations
VALUES
(126,'AR','Not Proceeded With',11,12,'PN',13,'1','IUMADMIN',NULL,NULL,NULL)
/
INSERT INTO process_configurations
VALUES
(127,'AR','Reassign Assessment',4,4,'GL',4,'1','IUMADMIN',NULL,NULL,NULL)
/
INSERT INTO process_configurations
VALUES
(128,'AR','Reassign Assessment',4,4,'PN',4,'1','IUMADMIN',NULL,NULL,NULL)
/
INSERT INTO process_configurations
VALUES
(129,'AR','Speedy Case',1,6,'GL',NULL,'1','IUMADMIN',NULL,'IUMADMIN','23-MAR-04 09.07.02.000000 PM')
/
INSERT INTO process_configurations
VALUES
(130,'AR','Speedy Case',1,6,'PN',NULL,'1','IUMADMIN',NULL,'IUMADMIN','23-MAR-04 09.03.49.000000 PM')
/
INSERT INTO process_configurations
VALUES
(131,'AR','Await Medical',1,11,'GL',NULL,'1','IUMADMIN',NULL,'IUMADMIN','23-MAR-04 09.04.42.000000 PM')
/
INSERT INTO process_configurations
VALUES
(132,'AR','Await Medical',1,11,'PN',NULL,'1','IUMADMIN',NULL,'IUMADMIN','23-MAR-04 09.00.23.000000 PM')
/
INSERT INTO process_configurations
VALUES
(133,'AR','Await Requirements',1,10,'GL',NULL,'1','IUMADMIN',NULL,'IUMADMIN','23-MAR-04 09.06.14.000000 PM')
/
INSERT INTO process_configurations
VALUES
(134,'AR','Await Requirements',1,10,'PN',NULL,'1','IUMADMIN',NULL,'IUMADMIN','23-MAR-04 09.01.00.000000 PM')
/
INSERT INTO process_configurations
VALUES
(135,'AR','Cancel Assessment Request',1,141,'GL',NULL,'1','IUMADMIN',NULL,'IUMADMIN','23-MAR-04 09.06.32.000000 PM')
/
INSERT INTO process_configurations
VALUES
(136,'AR','Cancel Assessment Request',1,141,'PN',NULL,'1','IUMADMIN',NULL,'IUMADMIN','23-MAR-04 09.01.50.000000 PM')
/
INSERT INTO process_configurations
VALUES
(137,'AR','For Facilitator''s Action',2,3,'GL',NULL,'1','IUMADMIN',NULL,'IUMADMIN','23-MAR-04 08.01.27.000000 PM')
/
INSERT INTO process_configurations
VALUES
(138,'AR','For Facilitator''s Action',2,3,'PN',NULL,'1','IUMADMIN',NULL,'IUMADMIN','23-MAR-04 09.02.06.000000 PM')
/
INSERT INTO process_configurations
VALUES
(139,'AR','Undergoing Assessment',4,5,'GL',NULL,'1','IUMADMIN',NULL,NULL,NULL)
/
INSERT INTO process_configurations
VALUES
(140,'AR','Undergoing Assessment',4,5,'PN',NULL,'1','IUMADMIN',NULL,'IUMADMIN','23-MAR-04 09.04.03.000000 PM')
/
INSERT INTO process_configurations
VALUES
(141,'AR','Await Medical',5,11,'GL',NULL,'1','IUMADMIN',NULL,'IUMADMIN','23-MAR-04 09.05.06.000000 PM')
/
INSERT INTO process_configurations
VALUES
(142,'AR','Await Medical',5,11,'PN',NULL,'1','IUMADMIN',NULL,'IUMADMIN','23-MAR-04 09.00.38.000000 PM')
/
INSERT INTO process_configurations
VALUES
(143,'AR','Requirement Submitted',10,4,'GL',NULL,'1','IUMADMIN',NULL,'IUMADMIN','23-MAR-04 09.06.49.000000 PM')
/
INSERT INTO process_configurations
VALUES
(144,'AR','Requirement Submitted',10,4,'PN',NULL,'1','IUMADMIN',NULL,'IUMADMIN','23-MAR-04 09.03.16.000000 PM')
/
INSERT INTO process_configurations
VALUES
(145,'M','Medical Exam Request',NULL,18,'PN',9,'1','IUMADMIN',NULL,NULL,NULL)
/
INSERT INTO process_configurations
VALUES
(146,'M','Medical Exam Request',NULL,18,'GL',9,'1','IUMADMIN',NULL,NULL,NULL)
/
INSERT INTO process_configurations
VALUES
(147,'M','Confirm Medical Exam',18,19,'PN',10,'1','IUMADMIN',NULL,NULL,NULL)
/
INSERT INTO process_configurations
VALUES
(148,'M','Confirm Medical Exam',18,19,'GL',10,'1','IUMADMIN',NULL,NULL,NULL)
/
INSERT INTO process_configurations
VALUES
(149,'M','Confirm Medical Exam',NULL,19,'IL',10,'1','IUMADMIN',NULL,NULL,NULL)
/
INSERT INTO process_configurations
VALUES
(150,'M','Confirm Medical Exam',NULL,19,'PN',10,'1','IUMADMIN',NULL,NULL,NULL)
/
INSERT INTO process_configurations
VALUES
(151,'M','Confirm Medical Exam',NULL,19,'GL',10,'1','IUMADMIN',NULL,NULL,NULL)
/
INSERT INTO process_configurations
VALUES
(152,'M','Receive Medical Results',NULL,20,'PN',12,'1','IUMADMIN',NULL,NULL,NULL)
/
INSERT INTO process_configurations
VALUES
(153,'M','Receive Medical Results',NULL,20,'GL',12,'1','IUMADMIN',NULL,NULL,NULL)
/
INSERT INTO process_configurations
VALUES
(154,'M','Receive Medical Results',19,20,'PN',12,'1','IUMADMIN',NULL,NULL,NULL)
/
INSERT INTO process_configurations
VALUES
(155,'M','Receive Medical Results',19,20,'GL',12,'1','IUMADMIN',NULL,NULL,NULL)
/
INSERT INTO process_configurations
VALUES
(159,'M','Cancel Med Exam Request',18,141,'IL',NULL,NULL,'IUMADMIN',NULL,NULL,NULL)
/
INSERT INTO process_configurations
VALUES
(160,'M','Cancel Med Exam Request',18,141,'PN',NULL,NULL,'IUMADMIN',NULL,NULL,NULL)
/
INSERT INTO process_configurations
VALUES
(161,'M','Cancel Med Exam Request',18,141,'GL',NULL,NULL,'IUMADMIN',NULL,NULL,NULL)
/
INSERT INTO process_configurations
VALUES
(182,'NM','Follow Up Requirement',13,13,'PN',7,'1','IUMADMIN',NULL,'IUMADMIN','25-MAR-04 01.03.03.000000 PM')
/
INSERT INTO process_configurations
VALUES
(181,'NM','Follow Up Requirement',13,13,'IL',7,'1','IUMADMIN',NULL,'IUMADMIN','25-MAR-04 01.02.39.000000 PM')
/
INSERT INTO process_configurations
VALUES
(183,'NM','Follow Up Requirement',13,13,'GL',7,'1','IUMADMIN',NULL,'IUMADMIN','25-MAR-04 01.07.05.000000 PM')
/
INSERT INTO process_configurations
VALUES
(201,'AR','App forwarded to USD',10,2,'IL',2,NULL,'IUMADMIN','18-MAR-04 03.27.49.000000 PM','IUMADMIN','24-MAR-04 12.57.55.000000 PM')
/
INSERT INTO process_configurations
VALUES
(202,'AR',NULL,NULL,5,'IL',NULL,NULL,'IUMADMIN','18-MAR-04 04.05.08.000000 PM',NULL,NULL)
/
INSERT INTO process_configurations
VALUES
(225,'AR','Escalate',5,4,'IL',NULL,NULL,'IUMADMIN','31-MAR-04 08.36.37.000000 PM',NULL,NULL)
/
INSERT INTO process_configurations
VALUES
(227,'AR','NB Review Reassignment',1,1,'IL',NULL,'1','IUMADMIN','01-APR-04 06.45.27.000000 PM','IUMADMIN','03-APR-04 07.48.02.000000 PM')
/
INSERT INTO process_configurations
VALUES
(228,'AR','Await Requirements',1,10,'IL',NULL,'1','IUMADMIN','02-APR-04 05.56.53.000000 PM',NULL,NULL)
/
INSERT INTO process_configurations
VALUES
(208,'AR','App forwarded to USD',10,2,'PN',2,'1','IUMADMIN','19-MAR-04 08.04.23.000000 PM',NULL,NULL)
/
INSERT INTO process_configurations
VALUES
(209,'AR','App forwarded to USD',11,2,'PN',2,'1','IUMADMIN','19-MAR-04 08.04.56.000000 PM','IUMADMIN','19-MAR-04 08.05.12.000000 PM')
/
INSERT INTO process_configurations
VALUES
(210,'AR','App forwarded to USD',10,2,'GL',2,'1','IUMADMIN','19-MAR-04 08.08.21.000000 PM','IUMADMIN','19-MAR-04 08.08.36.000000 PM')
/
INSERT INTO process_configurations
VALUES
(211,'AR','App forwarded to USD',11,2,'GL',2,'1','IUMADMIN','19-MAR-04 08.09.08.000000 PM','IUMADMIN','19-MAR-04 08.09.21.000000 PM')
/
INSERT INTO process_configurations
VALUES
(212,'AR','Await Requirements',11,10,'PN',NULL,'1','IUMADMIN','22-MAR-04 11.26.08.000000 AM',NULL,NULL)
/
INSERT INTO process_configurations
VALUES
(213,'AR','Await Medical',10,11,'PN',NULL,'1','IUMADMIN','22-MAR-04 11.26.39.000000 AM',NULL,NULL)
/
INSERT INTO process_configurations
VALUES
(214,'AR','Await Requirements',11,10,'GL',NULL,'1','IUMADMIN','22-MAR-04 11.27.13.000000 AM',NULL,NULL)
/
INSERT INTO process_configurations
VALUES
(215,'AR','Await Medical',10,11,'GL',NULL,'1','IUMADMIN','22-MAR-04 11.27.55.000000 AM',NULL,NULL)
/
INSERT INTO process_configurations
VALUES
(216,'M','Cancelled Medical Request',18,23,'GL',6,'1','IUMADMIN',NULL,NULL,NULL)
/
INSERT INTO process_configurations
VALUES
(217,'M','Cancelled Medical Request',18,23,'IL',6,'1','IUMADMIN',NULL,NULL,NULL)
/
INSERT INTO process_configurations
VALUES
(218,'M','Cancelled Medical Request',18,23,'PN',6,'1','IUMADMIN',NULL,NULL,NULL)
/
INSERT INTO process_configurations
VALUES
(219,'M','Expired Medical Request',20,21,'GL',NULL,NULL,'IUMADMIN',NULL,NULL,NULL)
/
INSERT INTO process_configurations
VALUES
(220,'M','Expired Medical Request',20,21,'IL',NULL,NULL,'IUMADMIN',NULL,NULL,NULL)
/
INSERT INTO process_configurations
VALUES
(221,'M','Expired Medical Request',20,21,'PN',NULL,NULL,'IUMADMIN',NULL,NULL,NULL)
/
INSERT INTO process_configurations
VALUES
(222,'AR','Await Medical',10,11,'IL',NULL,'1','IUMADMIN','24-MAR-04 12.59.17.000000 PM',NULL,NULL)
/
INSERT INTO process_configurations
VALUES
(223,'AR','Await Requirements',11,10,'IL',NULL,'1','IUMADMIN','24-MAR-04 12.59.37.000000 PM',NULL,NULL)
/
INSERT INTO process_configurations
VALUES
(224,'AR','App Forwarded to USD',11,2,'IL',NULL,'1','IUMADMIN','25-MAR-04 05.14.42.000000 PM','IUMADMIN','25-MAR-04 05.21.45.000000 PM')
/
INSERT INTO process_configurations
VALUES
(229,'AR','For Referral',5,181,'IL',16,'1','IUMADMIN','03-APR-04 06.18.26.000000 PM','IUMADMIN','03-APR-04 07.11.39.000000 PM')
/
INSERT INTO process_configurations
VALUES
(231,'AR','For Assessment',181,4,'IL',3,'1','IUMADMIN','05-APR-04 02.14.24.000000 PM',NULL,NULL)
/
INSERT INTO process_configurations
VALUES
(1,'AR','Speedy Case',1,6,'IL',NULL,'1','IUMADMIN',NULL,'IUMADMIN','02-APR-04 04.50.58.000000 PM')
/
INSERT INTO process_configurations
VALUES
(2,'AR','App forwarded to USD',1,2,'IL',2,'1','IUMADMIN',NULL,'IUMADMIN','02-APR-04 04.43.55.000000 PM')
/
INSERT INTO process_configurations
VALUES
(3,'AR','For Facilitator''s Action',2,3,'IL',NULL,'1','IUMADMIN',NULL,NULL,NULL)
/
INSERT INTO process_configurations
VALUES
(4,'AR','App Forwarded to UW',3,4,'IL',3,'1','IUMADMIN',NULL,NULL,NULL)
/
INSERT INTO process_configurations
VALUES
(5,'AR','Undergoing Assessment',4,5,'IL',NULL,'1','IUMADMIN',NULL,NULL,NULL)
/
INSERT INTO process_configurations
VALUES
(6,'AR','For offer',5,9,'IL',13,'1','IUMADMIN',NULL,NULL,NULL)
/
INSERT INTO process_configurations
VALUES
(8,'AR','Declined',5,8,'IL',13,'1','IUMADMIN',NULL,NULL,NULL)
/
INSERT INTO process_configurations
VALUES
(9,'AR','Approved',5,7,'IL',13,'1','IUMADMIN',NULL,NULL,NULL)
/
INSERT INTO process_configurations
VALUES
(10,'AR','Await requirements',5,10,'IL',NULL,'1','IUMADMIN',NULL,'IUMADMIN','25-MAR-04 01.01.46.000000 PM')
/
INSERT INTO process_configurations
VALUES
(11,'AR','Await Medical',5,11,'IL',NULL,'1','IUMADMIN',NULL,NULL,NULL)
/
INSERT INTO process_configurations
VALUES
(12,'AR','Not Proceeded With',10,12,'IL',13,'1','IUMADMIN',NULL,NULL,NULL)
/
INSERT INTO process_configurations
VALUES
(13,'AR','Requirement Submitted',10,4,'IL',NULL,'1','IUMADMIN',NULL,NULL,NULL)
/
INSERT INTO process_configurations
VALUES
(17,'AR','Speedy Approval',6,7,'IL',14,'1','IUMADMIN',NULL,'IUMADMIN','02-APR-04 03.52.31.000000 PM')
/
INSERT INTO process_configurations
VALUES
(19,'AR','Await requirements',5,10,'PN',5,'1','IUMADMIN',NULL,NULL,NULL)
/
INSERT INTO process_configurations
VALUES
(20,'AR','Await requirements',5,10,'GL',5,'1','IUMADMIN',NULL,NULL,NULL)
/
INSERT INTO process_configurations
VALUES
(22,'AR','Submit for review',NULL,1,'GL',1,'1','IUMADMIN',NULL,NULL,NULL)
/
INSERT INTO process_configurations
VALUES
(23,'AR','Submit for review',NULL,1,'PN',1,'1','IUMADMIN',NULL,NULL,NULL)
/
INSERT INTO process_configurations
VALUES
(25,'AR','For Assessment',NULL,4,'IL',3,'1','IUMADMIN',NULL,NULL,NULL)
/
INSERT INTO process_configurations
VALUES
(26,'AR','Reassign Assessment',4,4,'IL',4,'1','IUMADMIN',NULL,NULL,NULL)
/
INSERT INTO process_configurations
VALUES
(27,'AR','Approved as Applied',NULL,7,'IL',13,'1','IUMADMIN',NULL,NULL,NULL)
/
INSERT INTO process_configurations
VALUES
(28,'AR','Submit for review',NULL,1,'IL',1,'1','IUMADMIN',NULL,'IUMADMIN','02-APR-04 04.35.40.000000 PM')
/
INSERT INTO process_configurations
VALUES
(29,'AR','App forwarded to USD',NULL,2,'PN',2,'1','IUMADMIN',NULL,NULL,NULL)
/
INSERT INTO process_configurations
VALUES
(30,'AR','Not Proceeded With',11,12,'IL',13,'1','IUMADMIN',NULL,NULL,NULL)
/
INSERT INTO process_configurations
VALUES
(31,'AR','Declined',NULL,8,'IL',13,'1','IUMADMIN',NULL,NULL,NULL)
/
INSERT INTO process_configurations
VALUES
(32,'AR','Approved',NULL,7,'IL',13,'1','IUMADMIN',NULL,NULL,NULL)
/
INSERT INTO process_configurations
VALUES
(33,'AR','For Offer',NULL,9,'IL',13,'1','IUMADMIN',NULL,NULL,NULL)
/
INSERT INTO process_configurations
VALUES
(34,'AR','App forwarded to USD',NULL,2,'IL',2,'1','IUMADMIN',NULL,'IUMADMIN','23-MAR-04 09.09.42.000000 PM')
/
INSERT INTO process_configurations
VALUES
(98,'NM','Accept Requirement',13,17,'PN',NULL,'0','IUMADMIN',NULL,NULL,NULL)
/
INSERT INTO process_configurations
VALUES
(99,'NM','Accept Requirement',14,17,'PN',NULL,'0','IUMADMIN',NULL,NULL,NULL)
/
INSERT INTO process_configurations
VALUES
(100,'NM','Accept Requirement',13,17,'GL',NULL,'0','IUMADMIN',NULL,NULL,NULL)
/
INSERT INTO process_configurations
VALUES
(101,'NM','Accept Requirement',14,17,'GL',NULL,'0','IUMADMIN',NULL,NULL,NULL)
/
INSERT INTO process_configurations
VALUES
(102,'NM','Cancelled Requirements',13,121,'PN',6,'1','IUMADMIN',NULL,NULL,NULL)
/
INSERT INTO process_configurations
VALUES
(103,'NM','Cancelled Requirements',24,121,'PN',NULL,'1','IUMADMIN',NULL,'IUMADMIN','25-MAR-04 01.04.16.000000 PM')
/
INSERT INTO process_configurations
VALUES
(104,'NM','Cancelled Requirements',13,121,'GL',6,'1','IUMADMIN',NULL,NULL,NULL)
/
INSERT INTO process_configurations
VALUES
(105,'NM','Cancelled Requirements',24,121,'GL',NULL,'1','IUMADMIN',NULL,'IUMADMIN','25-MAR-04 01.07.21.000000 PM')
/
INSERT INTO process_configurations
VALUES
(106,'NM','Waived Requirements',13,15,'PN',8,'1','IUMADMIN',NULL,'IUMADMIN','19-MAR-04 11.19.32.000000 PM')
/
INSERT INTO process_configurations
VALUES
(107,'NM','Waived Requirements',24,15,'PN',NULL,'1','IUMADMIN',NULL,'IUMADMIN','25-MAR-04 01.09.16.000000 PM')
/
INSERT INTO process_configurations
VALUES
(108,'NM','Waived Requirements',13,15,'GL',8,'1','IUMADMIN',NULL,NULL,NULL)
/
INSERT INTO process_configurations
VALUES
(109,'NM','Waived Requirements',24,15,'GL',NULL,'1','IUMADMIN',NULL,'IUMADMIN','25-MAR-04 01.08.43.000000 PM')
/

-- SUNLIFE OFFICES
PROMPT INSERT SUNLIFE OFFICES
INSERT INTO sunlife_offices
VALUES
('SUNLIFEHO','SUN LIFE HEAD OFFICE','M','16/F THE ENTERPRISE CENTRE TOWER 2','6766 AYALA AVE.',NULL,'MAKATI',NULL,'PHILIPPINES',1200,NULL,NULL,NULL,NULL,NULL,NULL)
/
INSERT INTO sunlife_offices
VALUES
('MAINCUST','MAIN CUSTOMER CENTER','M','111 PASEO DE ROXAS BLDG.','PASEO DE ROXAS AVE.',NULL,'MAKATI',NULL,'PHILIPPINES',1200,NULL,NULL,NULL,NULL,NULL,NULL)
/
INSERT INTO sunlife_offices
VALUES
('ACECUST','ACE CUSTOMER CENTER','S','7/F ACE BUILDING','101-103 RADA ST.','LEGASPI VILLAGE','MAKATI',NULL,'PHILIPPINES',1200,NULL,NULL,NULL,NULL,NULL,NULL)
/
INSERT INTO sunlife_offices
VALUES
('ACACIABUT','ACACIA NBO - BUTUAN EXTENSION OFFICE','B','2ND FLOOR D and V PLAZA HOLDINGS J.C.','AQUINO AVENUE',NULL,'BUTUAN',NULL,'PHILIPPINES',8600,NULL,NULL,NULL,NULL,NULL,NULL)
/
INSERT INTO sunlife_offices
VALUES
('ACACIACDO','ACACIA NBO - CAGAYAN DE ORO SALES OFFICE','B','2/F PHILIPPINE FIRST INSURANCE BLDG.','PRESIDENT AGUINALDO','COR. BORJA STS.','CAGAYAN DE ORO',NULL,'PHILIPPINES',9000,NULL,NULL,NULL,NULL,NULL,NULL)
/
INSERT INTO sunlife_offices
VALUES
('ACACIACEBU','ACACIA NBO - CEBU','B','3/F GLOBE ISLA PLAZA','PANAY RD. COR. SAMAR LOOP','CEBU BUSINESS PARK','CEBU',NULL,'PHILIPPINES',NULL,NULL,NULL,NULL,NULL,NULL,NULL)
/
INSERT INTO sunlife_offices
VALUES
('ALABANGCUST','ALABANG CUSTOMER CENTER','S','G/F UNIT 102-103 ALPAP II BLDG.','INVESTMENT DRIVE COR. TRADE STS.','MADRIGAL BUSINESS PARK, ALABANG','MUNTINLUPA',NULL,'PHILIPPINES',NULL,NULL,NULL,NULL,NULL,NULL,NULL)
/
INSERT INTO sunlife_offices
VALUES
('ASPENPAS','ASPEN NEW BUSINESS OFFICE','B','30/F ORIENT SQUARE BLDG.','EMERALD AVE.','ORTIGAS CENTER','PASIG',NULL,'PHILIPPINES',1600,NULL,NULL,NULL,NULL,NULL,NULL)
/
INSERT INTO sunlife_offices
VALUES
('BANYANBAC','BANYAN NBO - BACOLOD','B','10TH COR. LACSON ST.',NULL,NULL,'BACOLOD',NULL,'PHILIPPINES',NULL,NULL,NULL,NULL,NULL,NULL,NULL)
/
INSERT INTO sunlife_offices
VALUES
('BAYWOODLAG','BAYWOOD NBO - LAGUNA NEW BUSINESS OFFICE','B','2/F and 3/F ROYAL STAR MARKETING INC.','(RSM) BLDG.','CROSSING, CALAMBA','LAGUNA',NULL,'PHILIPPINES',NULL,NULL,NULL,NULL,NULL,NULL,NULL)
/
INSERT INTO sunlife_offices
VALUES
('BINONDOCUST','BINONDO CUSTOMER CENTER','S','G/F DASMARINAS','COR. QUINTIN PAREDES STS.','BINONDO','MANILA',NULL,'PHILIPPINES',NULL,NULL,NULL,NULL,NULL,NULL,NULL)
/
INSERT INTO sunlife_offices
VALUES
('BIRCHMNLA','BIRCH NEW BUSINESS OFFICE','B','2/F SUN LIFE CENTER-BINONDO','DASMARINAS COR. QUINTIN PAREDES STS.','BINONDO','MANILA',NULL,'PHILIPPINES',NULL,NULL,NULL,NULL,NULL,NULL,NULL)
/
INSERT INTO sunlife_offices
VALUES
('BRISTLEILO','BRISTLECONE NBO - ILOILO','B','2/F 168 PLATINUM SQUARE BUILDING','GEN. LUNA ST.',NULL,'ILOILO',NULL,'PHILIPPINES',NULL,NULL,NULL,NULL,NULL,NULL,NULL)
/
INSERT INTO sunlife_offices
VALUES
('CEBUCUST','CEBU CUSTOMER CENTER','S','GROUND FLOOR GLOBE ISLA PLAZA BLDG','PANAY RD. COR. SAMAR LOOP','CEBU BUSINESS PARK','CEBU',NULL,'PHILIPPINES',NULL,NULL,NULL,NULL,NULL,NULL,NULL)
/
INSERT INTO sunlife_offices
VALUES
('CEDARMKTI','CEDAR NEW BUSINESS OFFICE','B','3/F ALL SEASONS BLDG.','112 AGUIRRE ST.','LEGASPI VILLAGE','MAKATI',NULL,'PHILIPPINES',1200,NULL,NULL,NULL,NULL,NULL,NULL)
/
INSERT INTO sunlife_offices
VALUES
('CHESTNUTMKTI','CHESTNUT NEW BUSINESS OFFICE','B','5/F ALL SEASONS BLDG.','112 AGUIRRE ST.','LEGASPI VILLAGE','MAKATI',NULL,'PHILIPPINES',1200,NULL,NULL,NULL,NULL,NULL,NULL)
/
INSERT INTO sunlife_offices
VALUES
('CYPRESSMKTI','CYPRESS NEW BUSINESS OFFICE','B','PENTHOUSE 108','HERRERA ST. FELIZA BLDG.','LEGASPI VILLAGE','MAKATI',NULL,'PHILIPPINES',1200,NULL,NULL,NULL,NULL,NULL,NULL)
/
INSERT INTO sunlife_offices
VALUES
('DAGUPANSO','DAGUPAN SALES OFFICE','B','3/F DON BENITO BLDG.','MAYOMBO DISTRICT',NULL,'DAGUPAN',NULL,'PHILIPPINES',NULL,NULL,NULL,NULL,NULL,NULL,NULL)
/
INSERT INTO sunlife_offices
VALUES
('DAVAOCUST','DAVAO CUSTOMER CENTER','S','GROUND FLOOR PLAZA DE LUISA BLDG.','RAMON MAGSAYSAY AVE.',NULL,'DAVAO',NULL,'PHILIPPINES',NULL,NULL,NULL,NULL,NULL,NULL,NULL)
/
INSERT INTO sunlife_offices
VALUES
('DURIANGSAN','DURIAN - GEN. SANTOS SALES OFFICE','B','3RD FLR PERFECT IMAGE BLDG.','ROXAS EAST AVE.','COR. OSMENA ST.','GENERAL SANTOS',NULL,'PHILIPPINES',9500,NULL,NULL,NULL,NULL,NULL,NULL)
/
INSERT INTO sunlife_offices
VALUES
('DURIANDAV','DURIAN NEW BUSINESS OFFICE DAVAO','B','2/F PLAZA DE LUISA COMMERCIAL COMPLEX','RAMON MAGSAYSAY AVE.',NULL,'DAVAO',NULL,'PHILIPPINES',NULL,NULL,NULL,NULL,NULL,NULL,NULL)
/
INSERT INTO sunlife_offices
VALUES
('EUCALYPTUSMKTI','EUCALYPTUS NEW BUSINESS OFFICE','B','3/F ALL SEASONS BLDG.','112 AGUIRRE ST.','LEGASPI VILLAGE','MAKATI',NULL,'PHILIPPINES',1200,NULL,NULL,NULL,NULL,NULL,NULL)
/
INSERT INTO sunlife_offices
VALUES
('FELIZACUST','FELIZA CUSTOMER CENTER','S','11/F FELIZA BLDG.','108 HERRERA ST.','LEGASPI VILLAGE','MAKATI',NULL,'PHILIPPINES',1200,NULL,NULL,NULL,NULL,NULL,NULL)
/
INSERT INTO sunlife_offices
VALUES
('HOMEOFFDIR','HOME OFFICE DIRECT','S','5/F ACE BUILDING','RADA COR. DELA ROSA ST.','LEGASPI VILLAGE','MAKATI',NULL,'PHILIPPINES',1200,NULL,NULL,NULL,NULL,NULL,NULL)
/
INSERT INTO sunlife_offices
VALUES
('ILOILOCUST','ILOILO CUSTOMER CENTER','S','GROUND FLOOR','PLATINUM SQUARE BLDG.','GEN. LUNA ST.','ILOILO',NULL,'PHILIPPINES',NULL,NULL,NULL,NULL,NULL,NULL,NULL)
/
INSERT INTO sunlife_offices
VALUES
('JACARANDAPAS','JACARANDA NEW BUSINESS OFFICE','B','30/F ORIENT SQUARE BLDG.','EMERALD AVE.','ORTIGAS CENTER','PASIG',NULL,'PHILIPPINES',1600,NULL,NULL,NULL,NULL,NULL,NULL)
/
INSERT INTO sunlife_offices
VALUES
('LEGASPISO','LEGASPI SALES OFFICE','B','3RD FLOOR, LCC EXPRESSMART BLDG.','PENARANDA ST.',NULL,'LEGASPI',NULL,'PHILIPPINES',NULL,NULL,NULL,NULL,NULL,NULL,NULL)
/
INSERT INTO sunlife_offices
VALUES
('LINDENMKTI','LINDEN NEW BUSINESS OFFICE','B','6/F PHILCOX BLDG.','172 SALCEDO ST.','LEGASPI VILLAGE','MAKATI',NULL,'PHILIPPINES',1200,NULL,NULL,NULL,NULL,NULL,NULL)
/
INSERT INTO sunlife_offices
VALUES
('MAGNOLIAOLO','MAGNOLIA WOODS NBO - OLONGAPO SALES OFFICE','B','2F PALM CREST BUSINESS CENTER','765 RIZAL AVENUE WEST TANPINAC','OLONGAPO','ZAMBALES',NULL,'PHILIPPINES',2200,NULL,NULL,NULL,NULL,NULL,NULL)
/
INSERT INTO sunlife_offices
VALUES
('MAGNOLIAPAM','MAGNOLIA WOODS NBO - PAMPANGA NEW BUSINESS OFFICE','B','2/F CHINA BANK BLDG.','DOLORES','SAN FERNANDO','PAMPANGA',NULL,'PHILIPPINES',NULL,NULL,NULL,NULL,NULL,NULL,NULL)
/
INSERT INTO sunlife_offices
VALUES
('MAHOGANYROX','MAHOGANY NBO - ROXAS CITY EXTENSION OFFICE','B','MCKINLEY CORNER','SAN JOSE STS.',NULL,'ROXAS',NULL,'PHILIPPINES',NULL,NULL,NULL,NULL,NULL,NULL,NULL)
/
INSERT INTO sunlife_offices
VALUES
('MAHOGANYKAL','MAHOGANY NBO - AKLAN','B','3/F ALG BLDG.','XIX MARTYRS ST.','KALIBO','AKLAN',NULL,'PHILIPPINES',NULL,NULL,NULL,NULL,NULL,NULL,NULL)
/
INSERT INTO sunlife_offices
VALUES
('MAPLEMNLA','MAPLE NEW BUSINESS OFFICE','B','3/F SUN LIFE CENTER - BINONDO','DASMARINAS COR. QUINTIN PAREDES STS.','BINONDO','MANILA',NULL,'PHILIPPINES',NULL,NULL,NULL,NULL,NULL,NULL,NULL)
/
INSERT INTO sunlife_offices
VALUES
('MARKETDEVDAG','MARKET DEVELOPMENT - DAGUPAN SALES OFFICE','B','3/F DON BENITO BLDG.','MAYOMBO DISTRICT',NULL,'DAGUPAN',NULL,'PHILIPPINES',NULL,NULL,NULL,NULL,NULL,NULL,NULL)
/
INSERT INTO sunlife_offices
VALUES
('MARKETDEVSAN','MARKET DEVELOPMENT - SANTIAGO SALES  OFFICE','B','3/F HERITAGE COMPLEX','MAHARLIKA HIGHWAY','SANTIAGO CITY','ISABELA',NULL,'PHILIPPINES',NULL,NULL,NULL,NULL,NULL,NULL,NULL)
/
INSERT INTO sunlife_offices
VALUES
('MARKETDEVTAR','MARKET DEVELOPMENT - TARLAC UNIT OFFICE','B','2ND FLOOR L and C BLDG','MACARTHUR HIGHWAY','BARRIO SAN ROQUE','TARLAC',NULL,'PHILIPPINES',NULL,NULL,NULL,NULL,NULL,NULL,NULL)
/
INSERT INTO sunlife_offices
VALUES
('MOLAVEMKTI','MOLAVE NEW BUSINESS OFFICE','B','7/F ACE BUILDING','101-103 RADA  COR DELA ROSA STS.','LEGASPI VILLAGE','MAKATI',NULL,'PHILIPPINES',1200,NULL,NULL,NULL,NULL,NULL,NULL)
/
INSERT INTO sunlife_offices
VALUES
('MULAWINMKTI','MULAWIN NEW BUSINESS OFFICE','B','5/F ACE BUILDING','101-103 RADA  COR DELA ROSA STS.','LEGASPI VILLAGE','MAKATI',NULL,'PHILIPPINES',1200,NULL,NULL,NULL,NULL,NULL,NULL)
/
INSERT INTO sunlife_offices
VALUES
('NAGAEXTOFF','NAGA EXTENSION OFFICE','B','4TH FLOOR ROMAR II BLDG.','COR. PADIAN and OJEDA STS.',NULL,'NAGA',NULL,'PHILIPPINES',4400,NULL,NULL,NULL,NULL,NULL,NULL)
/
INSERT INTO sunlife_offices
VALUES
('OLIVECAB','OLIVE NBO - CABANATUAN NEW BUSINESS OFFICE','B','2/F R and M BUILDING H. CONCEPCION','MAHARLIKA HIGHWAY','CABANATUAN CITY','NUEVA ECIJA',NULL,'PHILIPPINES',3100,NULL,NULL,NULL,NULL,NULL,NULL)
/
INSERT INTO sunlife_offices
VALUES
('ORTIGASCUST','ORTIGAS CUSTOMER CENTER','S','30/F ORIENT SQUARE BLDG.','EMERALD AVE.','ORTIGAS CENTER','PASIG',NULL,'PHILIPPINES',1600,NULL,NULL,NULL,NULL,NULL,NULL)
/
INSERT INTO sunlife_offices
VALUES
('OSMANTHUSMNLA','OSMANTHUS NEW BUSINESS OFFICE','B','5/F SUN LIFE CENTER - BINONDO','DASMARINAS COR. QUINTIN PAREDES STS.','BINONDO','MANILA',NULL,'PHILIPPINES',NULL,NULL,NULL,NULL,NULL,NULL,NULL)
/
INSERT INTO sunlife_offices
VALUES
('PALMMKTI','PALM NEW BUSINESS OFFICE','B','5/F ALL SEASONS BLDG.','112 AGUIRRE ST.','LEGASPI VILLAGE','MAKATI',NULL,'PHILIPPINES',1200,NULL,NULL,NULL,NULL,NULL,NULL)
/
INSERT INTO sunlife_offices
VALUES
('PHILCOXCUST','PHILCOX CUSTOMER CENTER','S','6/F PHILCOX BLDG.','172 SALCEDO ST.','LEGASPI VILLAGE','MAKATI',NULL,'PHILIPPINES',1200,NULL,NULL,NULL,NULL,NULL,NULL)
/
INSERT INTO sunlife_offices
VALUES
('QUEZONCITYCUST','QUEZON CITY CUSTOMER CENTER','S','2/F CENTURY IMPERIAL PALACE SUITE','TOMAS MORATO','COR TIMOG AVENUE','QUEZON CITY',NULL,'PHILIPPINES',NULL,NULL,NULL,NULL,NULL,NULL,NULL)
/
INSERT INTO sunlife_offices
VALUES
('REDWOODMKTI','REDWOOD NEW BUSINESS OFFICE','B','PENTHOUSE FELIZA BLDG.','108 HERRERA ST.','LEGASPI VILLAGE','MAKATI',NULL,'PHILIPPINES',1200,NULL,NULL,NULL,NULL,NULL,NULL)
/
INSERT INTO sunlife_offices
VALUES
('RICOGENMKTI','RICOGEN CUSTOMER CENTER','S','5/F ALL SEASONS BLDG.','112 AGUIRRE ST.','LEGASPI VILLAGE','MAKATI',NULL,'PHILIPPINES',1200,NULL,NULL,NULL,NULL,NULL,NULL)
/
INSERT INTO sunlife_offices
VALUES
('SANTIAGOSO','SANTIAGO SALES OFFICE','B','3/F HERITAGE COMPLEX','MAHARLIKA HIGHWAY','SANTIAGO CITY','ISABELA',NULL,'PHILIPPINES',NULL,NULL,NULL,NULL,NULL,NULL,NULL)
/
INSERT INTO sunlife_offices
VALUES
('SEQUOIAMKTI','SEQUOIA NEW BUSINESS OFFICE','B','5/F ALL SEASONS BLDG.','112 AGUIRRE ST.','LEGASPI VILLAGE','MAKATI',NULL,'PHILIPPINES',1200,NULL,NULL,NULL,NULL,NULL,NULL)
/
INSERT INTO sunlife_offices
VALUES
('SLFPICEBU','SUN LIFE FINANCIAL PLANS - REGIONAL SO CEBU','S','3/F GLOBE ISLA PLAZA','PANAY RD. COR. SAMAR LOOP','CEBU BUSINESS PARK','CEBU',NULL,'PHILIPPINES',NULL,NULL,NULL,NULL,NULL,NULL,NULL)
/
INSERT INTO sunlife_offices
VALUES
('SLFPIDAV','SUN LIFE FINANCIAL PLANS - REGIONAL SO DAVAO','S','MEZZANINE FLOOR','PLAZA DE LUISA COMMERCIAL COMPLEX','R. MAGSAYSAY AVE.','DAVAO',NULL,'PHILIPPINES',NULL,NULL,NULL,NULL,NULL,NULL,NULL)
/
INSERT INTO sunlife_offices
VALUES
('SLFPIILO','SUN LIFE FINANCIAL PLANS - REGIONAL SO ILOILO','S','3F 168 PLATINUM SQUARE BLDG','GEN. LUNA ST.',NULL,'ILOILO',NULL,'PHILIPPINES',NULL,NULL,NULL,NULL,NULL,NULL,NULL)
/
INSERT INTO sunlife_offices
VALUES
('TARLACSO','TARLAC SALES OFFICE','B','2ND FLOOR, L and C BLDG','ALONG NATIONAL HIGHWAY','BARRIO SAN ROQUE','TARLAC',NULL,'PHILIPPINES',NULL,NULL,NULL,NULL,NULL,NULL,NULL)
/
INSERT INTO sunlife_offices
VALUES
('TINDALOMKTI','TINDALO NEW BUSINESS OFFICE','B','5/F ACE BUILDING','101-103 RADA  COR DELA ROSA STS.','LEGASPI VILLAGE','MAKATI',NULL,'PHILIPPINES',1200,NULL,NULL,NULL,NULL,NULL,NULL)
/

-- FORM_FIELDS
PROMPT INSERTING FORM_FIELDS
INSERT INTO form_fields
(FF_ID,FF_NAME,FF_APP_MAPPING)
VALUES
(0,'Insured Name',NULL)
/
INSERT INTO form_fields
(FF_ID,FF_NAME,FF_APP_MAPPING)
VALUES
(1,'Client Number',NULL)
/
INSERT INTO form_fields
(FF_ID,FF_NAME,FF_APP_MAPPING)
VALUES
(2,'Policy Number',NULL)
/
INSERT INTO form_fields
(FF_ID,FF_NAME,FF_APP_MAPPING)
VALUES
(3,'Birthdate',NULL)
/
INSERT INTO form_fields
(FF_ID,FF_NAME,FF_APP_MAPPING)
VALUES
(4,'Other Legal Name',NULL)
/
INSERT INTO form_fields
(FF_ID,FF_NAME,FF_APP_MAPPING)
VALUES
(5,'Agent Name',NULL)
/
INSERT INTO form_fields
(FF_ID,FF_NAME,FF_APP_MAPPING)
VALUES
(6,'New Business Office',NULL)
/
INSERT INTO form_fields
(FF_ID,FF_NAME,FF_APP_MAPPING)
VALUES
(7,'Amount Coverage',NULL)
/
INSERT INTO form_fields
(FF_ID,FF_NAME,FF_APP_MAPPING)
VALUES
(8,'Owner Name',NULL)
/
INSERT INTO form_fields
(FF_ID,FF_NAME,FF_APP_MAPPING)
VALUES
(9,'Height in feet',NULL)
/
INSERT INTO form_fields
(FF_ID,FF_NAME,FF_APP_MAPPING)
VALUES
(10,'Height in inches',NULL)
/
INSERT INTO form_fields
(FF_ID,FF_NAME,FF_APP_MAPPING)
VALUES
(11,'Weight',NULL)
/


-- REQUIREMENT_FORM_FIELDS
PROMPT INSERTING REQUIREMENT_FORM_FIELDS
INSERT INTO requirement_form_fields
(RFF_ID,RF_ID,FF_ID,RFF_PAGE,RFF_POSX,RFF_POSY)
VALUES
(12,5,2,1,368,575)
/
INSERT INTO requirement_form_fields
(RFF_ID,RF_ID,FF_ID,RFF_PAGE,RFF_POSX,RFF_POSY)
VALUES
(13,3,0,1,145,590)
/
INSERT INTO requirement_form_fields
(RFF_ID,RF_ID,FF_ID,RFF_PAGE,RFF_POSX,RFF_POSY)
VALUES
(14,3,3,1,450,590)
/
INSERT INTO requirement_form_fields
(RFF_ID,RF_ID,FF_ID,RFF_PAGE,RFF_POSX,RFF_POSY)
VALUES
(15,3,4,1,145,568)
/
INSERT INTO requirement_form_fields
(RFF_ID,RF_ID,FF_ID,RFF_PAGE,RFF_POSX,RFF_POSY)
VALUES
(16,3,5,1,320,30)
/
INSERT INTO requirement_form_fields
(RFF_ID,RF_ID,FF_ID,RFF_PAGE,RFF_POSX,RFF_POSY)
VALUES
(17,6,0,1,145,617)
/
INSERT INTO requirement_form_fields
(RFF_ID,RF_ID,FF_ID,RFF_PAGE,RFF_POSX,RFF_POSY)
VALUES
(18,6,1,1,430,617)
/
INSERT INTO requirement_form_fields
(RFF_ID,RF_ID,FF_ID,RFF_PAGE,RFF_POSX,RFF_POSY)
VALUES
(19,6,2,1,142,592)
/
INSERT INTO requirement_form_fields
(RFF_ID,RF_ID,FF_ID,RFF_PAGE,RFF_POSX,RFF_POSY)
VALUES
(20,6,3,1,285,592)
/
INSERT INTO requirement_form_fields
(RFF_ID,RF_ID,FF_ID,RFF_PAGE,RFF_POSX,RFF_POSY)
VALUES
(21,6,6,1,430,592)
/
INSERT INTO requirement_form_fields
(RFF_ID,RF_ID,FF_ID,RFF_PAGE,RFF_POSX,RFF_POSY)
VALUES
(22,8,0,1,145,617)
/
INSERT INTO requirement_form_fields
(RFF_ID,RF_ID,FF_ID,RFF_PAGE,RFF_POSX,RFF_POSY)
VALUES
(24,8,2,1,142,592)
/
INSERT INTO requirement_form_fields
(RFF_ID,RF_ID,FF_ID,RFF_PAGE,RFF_POSX,RFF_POSY)
VALUES
(23,8,1,1,285,592)
/
INSERT INTO requirement_form_fields
(RFF_ID,RF_ID,FF_ID,RFF_PAGE,RFF_POSX,RFF_POSY)
VALUES
(25,8,6,1,430,592)
/
INSERT INTO requirement_form_fields
(RFF_ID,RF_ID,FF_ID,RFF_PAGE,RFF_POSX,RFF_POSY)
VALUES
(26,9,0,1,145,619)
/
INSERT INTO requirement_form_fields
(RFF_ID,RF_ID,FF_ID,RFF_PAGE,RFF_POSX,RFF_POSY)
VALUES
(27,9,2,1,142,598)
/
INSERT INTO requirement_form_fields
(RFF_ID,RF_ID,FF_ID,RFF_PAGE,RFF_POSX,RFF_POSY)
VALUES
(28,9,1,1,285,598)
/
INSERT INTO requirement_form_fields
(RFF_ID,RF_ID,FF_ID,RFF_PAGE,RFF_POSX,RFF_POSY)
VALUES
(29,9,6,1,438,598)
/
INSERT INTO requirement_form_fields
(RFF_ID,RF_ID,FF_ID,RFF_PAGE,RFF_POSX,RFF_POSY)
VALUES
(30,9,0,1,347,35)
/
INSERT INTO requirement_form_fields
(RFF_ID,RF_ID,FF_ID,RFF_PAGE,RFF_POSX,RFF_POSY)
VALUES
(31,13,0,1,145,579)
/
INSERT INTO requirement_form_fields
(RFF_ID,RF_ID,FF_ID,RFF_PAGE,RFF_POSX,RFF_POSY)
VALUES
(32,13,2,1,430,579)
/
INSERT INTO requirement_form_fields
(RFF_ID,RF_ID,FF_ID,RFF_PAGE,RFF_POSX,RFF_POSY)
VALUES
(33,15,0,1,145,617)
/
INSERT INTO requirement_form_fields
(RFF_ID,RF_ID,FF_ID,RFF_PAGE,RFF_POSX,RFF_POSY)
VALUES
(34,15,2,1,142,592)
/
INSERT INTO requirement_form_fields
(RFF_ID,RF_ID,FF_ID,RFF_PAGE,RFF_POSX,RFF_POSY)
VALUES
(35,15,1,1,285,592)
/
INSERT INTO requirement_form_fields
(RFF_ID,RF_ID,FF_ID,RFF_PAGE,RFF_POSX,RFF_POSY)
VALUES
(36,15,6,1,438,592)
/
INSERT INTO requirement_form_fields
(RFF_ID,RF_ID,FF_ID,RFF_PAGE,RFF_POSX,RFF_POSY)
VALUES
(37,15,0,1,145,617)
/
INSERT INTO requirement_form_fields
(RFF_ID,RF_ID,FF_ID,RFF_PAGE,RFF_POSX,RFF_POSY)
VALUES
(39,15,2,1,142,592)
/
INSERT INTO requirement_form_fields
(RFF_ID,RF_ID,FF_ID,RFF_PAGE,RFF_POSX,RFF_POSY)
VALUES
(40,15,3,1,285,592)
/
INSERT INTO requirement_form_fields
(RFF_ID,RF_ID,FF_ID,RFF_PAGE,RFF_POSX,RFF_POSY)
VALUES
(41,15,6,1,430,592)
/
INSERT INTO requirement_form_fields
(RFF_ID,RF_ID,FF_ID,RFF_PAGE,RFF_POSX,RFF_POSY)
VALUES
(42,24,0,1,143,608)
/
INSERT INTO requirement_form_fields
(RFF_ID,RF_ID,FF_ID,RFF_PAGE,RFF_POSX,RFF_POSY)
VALUES
(43,24,3,1,467,608)
/
INSERT INTO requirement_form_fields
(RFF_ID,RF_ID,FF_ID,RFF_PAGE,RFF_POSX,RFF_POSY)
VALUES
(44,24,7,1,198,582)
/
INSERT INTO requirement_form_fields
(RFF_ID,RF_ID,FF_ID,RFF_PAGE,RFF_POSX,RFF_POSY)
VALUES
(45,24,1,1,430,558)
/
INSERT INTO requirement_form_fields
(RFF_ID,RF_ID,FF_ID,RFF_PAGE,RFF_POSX,RFF_POSY)
VALUES
(46,24,0,2,347,250)
/
INSERT INTO requirement_form_fields
(RFF_ID,RF_ID,FF_ID,RFF_PAGE,RFF_POSX,RFF_POSY)
VALUES
(47,24,8,2,347,220)
/
INSERT INTO requirement_form_fields
(RFF_ID,RF_ID,FF_ID,RFF_PAGE,RFF_POSX,RFF_POSY)
VALUES
(48,20,0,1,145,617)
/
INSERT INTO requirement_form_fields
(RFF_ID,RF_ID,FF_ID,RFF_PAGE,RFF_POSX,RFF_POSY)
VALUES
(49,20,2,1,142,592)
/
INSERT INTO requirement_form_fields
(RFF_ID,RF_ID,FF_ID,RFF_PAGE,RFF_POSX,RFF_POSY)
VALUES
(50,20,1,1,285,592)
/
INSERT INTO requirement_form_fields
(RFF_ID,RF_ID,FF_ID,RFF_PAGE,RFF_POSX,RFF_POSY)
VALUES
(51,20,6,1,438,592)
/
INSERT INTO requirement_form_fields
(RFF_ID,RF_ID,FF_ID,RFF_PAGE,RFF_POSX,RFF_POSY)
VALUES
(52,21,0,1,145,617)
/
INSERT INTO requirement_form_fields
(RFF_ID,RF_ID,FF_ID,RFF_PAGE,RFF_POSX,RFF_POSY)
VALUES
(53,21,2,1,142,592)
/
INSERT INTO requirement_form_fields
(RFF_ID,RF_ID,FF_ID,RFF_PAGE,RFF_POSX,RFF_POSY)
VALUES
(54,21,1,1,285,592)
/
INSERT INTO requirement_form_fields
(RFF_ID,RF_ID,FF_ID,RFF_PAGE,RFF_POSX,RFF_POSY)
VALUES
(55,21,6,1,438,592)
/
INSERT INTO requirement_form_fields
(RFF_ID,RF_ID,FF_ID,RFF_PAGE,RFF_POSX,RFF_POSY)
VALUES
(56,26,0,1,152,619)
/
INSERT INTO requirement_form_fields
(RFF_ID,RF_ID,FF_ID,RFF_PAGE,RFF_POSX,RFF_POSY)
VALUES
(57,26,1,1,440,619)
/
INSERT INTO requirement_form_fields
(RFF_ID,RF_ID,FF_ID,RFF_PAGE,RFF_POSX,RFF_POSY)
VALUES
(58,26,2,1,152,594)
/
INSERT INTO requirement_form_fields
(RFF_ID,RF_ID,FF_ID,RFF_PAGE,RFF_POSX,RFF_POSY)
VALUES
(59,26,3,1,295,594)
/
INSERT INTO requirement_form_fields
(RFF_ID,RF_ID,FF_ID,RFF_PAGE,RFF_POSX,RFF_POSY)
VALUES
(60,26,6,1,440,594)
/
INSERT INTO requirement_form_fields
(RFF_ID,RF_ID,FF_ID,RFF_PAGE,RFF_POSX,RFF_POSY)
VALUES
(61,35,0,1,142,624)
/
INSERT INTO requirement_form_fields
(RFF_ID,RF_ID,FF_ID,RFF_PAGE,RFF_POSX,RFF_POSY)
VALUES
(62,35,2,1,142,603)
/
INSERT INTO requirement_form_fields
(RFF_ID,RF_ID,FF_ID,RFF_PAGE,RFF_POSX,RFF_POSY)
VALUES
(63,35,1,1,275,603)
/
INSERT INTO requirement_form_fields
(RFF_ID,RF_ID,FF_ID,RFF_PAGE,RFF_POSX,RFF_POSY)
VALUES
(64,35,6,1,425,603)
/
INSERT INTO requirement_form_fields
(RFF_ID,RF_ID,FF_ID,RFF_PAGE,RFF_POSX,RFF_POSY)
VALUES
(65,35,0,1,345,28)
/
INSERT INTO requirement_form_fields
(RFF_ID,RF_ID,FF_ID,RFF_PAGE,RFF_POSX,RFF_POSY)
VALUES
(66,29,0,1,142,617)
/
INSERT INTO requirement_form_fields
(RFF_ID,RF_ID,FF_ID,RFF_PAGE,RFF_POSX,RFF_POSY)
VALUES
(67,29,2,1,142,592)
/
INSERT INTO requirement_form_fields
(RFF_ID,RF_ID,FF_ID,RFF_PAGE,RFF_POSX,RFF_POSY)
VALUES
(68,29,1,1,285,592)
/
INSERT INTO requirement_form_fields
(RFF_ID,RF_ID,FF_ID,RFF_PAGE,RFF_POSX,RFF_POSY)
VALUES
(69,29,6,1,430,592)
/
INSERT INTO requirement_form_fields
(RFF_ID,RF_ID,FF_ID,RFF_PAGE,RFF_POSX,RFF_POSY)
VALUES
(70,30,0,1,142,621)
/
INSERT INTO requirement_form_fields
(RFF_ID,RF_ID,FF_ID,RFF_PAGE,RFF_POSX,RFF_POSY)
VALUES
(71,30,2,1,142,595)
/
INSERT INTO requirement_form_fields
(RFF_ID,RF_ID,FF_ID,RFF_PAGE,RFF_POSX,RFF_POSY)
VALUES
(72,30,1,1,285,595)
/
INSERT INTO requirement_form_fields
(RFF_ID,RF_ID,FF_ID,RFF_PAGE,RFF_POSX,RFF_POSY)
VALUES
(73,30,6,1,439,595)
/
INSERT INTO requirement_form_fields
(RFF_ID,RF_ID,FF_ID,RFF_PAGE,RFF_POSX,RFF_POSY)
VALUES
(74,31,0,1,142,621)
/
INSERT INTO requirement_form_fields
(RFF_ID,RF_ID,FF_ID,RFF_PAGE,RFF_POSX,RFF_POSY)
VALUES
(75,31,2,1,142,595)
/
INSERT INTO requirement_form_fields
(RFF_ID,RF_ID,FF_ID,RFF_PAGE,RFF_POSX,RFF_POSY)
VALUES
(76,31,1,1,285,595)
/
INSERT INTO requirement_form_fields
(RFF_ID,RF_ID,FF_ID,RFF_PAGE,RFF_POSX,RFF_POSY)
VALUES
(77,31,6,1,430,595)
/
INSERT INTO requirement_form_fields
(RFF_ID,RF_ID,FF_ID,RFF_PAGE,RFF_POSX,RFF_POSY)
VALUES
(78,31,9,1,180,570)
/
INSERT INTO requirement_form_fields
(RFF_ID,RF_ID,FF_ID,RFF_PAGE,RFF_POSX,RFF_POSY)
VALUES
(79,31,10,1,215,570)
/
INSERT INTO requirement_form_fields
(RFF_ID,RF_ID,FF_ID,RFF_PAGE,RFF_POSX,RFF_POSY)
VALUES
(80,31,11,1,460,570)
/
INSERT INTO requirement_form_fields
(RFF_ID,RF_ID,FF_ID,RFF_PAGE,RFF_POSX,RFF_POSY)
VALUES
(81,33,0,1,142,617)
/
INSERT INTO requirement_form_fields
(RFF_ID,RF_ID,FF_ID,RFF_PAGE,RFF_POSX,RFF_POSY)
VALUES
(82,33,2,1,142,592)
/
INSERT INTO requirement_form_fields
(RFF_ID,RF_ID,FF_ID,RFF_PAGE,RFF_POSX,RFF_POSY)
VALUES
(83,33,1,1,285,592)
/
INSERT INTO requirement_form_fields
(RFF_ID,RF_ID,FF_ID,RFF_PAGE,RFF_POSX,RFF_POSY)
VALUES
(84,33,6,1,440,592)
/
INSERT INTO requirement_form_fields
(RFF_ID,RF_ID,FF_ID,RFF_PAGE,RFF_POSX,RFF_POSY)
VALUES
(85,32,0,1,142,604)
/
INSERT INTO requirement_form_fields
(RFF_ID,RF_ID,FF_ID,RFF_PAGE,RFF_POSX,RFF_POSY)
VALUES
(86,32,2,1,142,578)
/
INSERT INTO requirement_form_fields
(RFF_ID,RF_ID,FF_ID,RFF_PAGE,RFF_POSX,RFF_POSY)
VALUES
(87,32,1,1,285,578)
/
INSERT INTO requirement_form_fields
(RFF_ID,RF_ID,FF_ID,RFF_PAGE,RFF_POSX,RFF_POSY)
VALUES
(88,32,6,1,430,578)
/
INSERT INTO requirement_form_fields
(RFF_ID,RF_ID,FF_ID,RFF_PAGE,RFF_POSX,RFF_POSY)
VALUES
(89,37,0,1,142,607)
/
INSERT INTO requirement_form_fields
(RFF_ID,RF_ID,FF_ID,RFF_PAGE,RFF_POSX,RFF_POSY)
VALUES
(90,37,2,1,142,581)
/
INSERT INTO requirement_form_fields
(RFF_ID,RF_ID,FF_ID,RFF_PAGE,RFF_POSX,RFF_POSY)
VALUES
(91,37,1,1,285,581)
/
INSERT INTO requirement_form_fields
(RFF_ID,RF_ID,FF_ID,RFF_PAGE,RFF_POSX,RFF_POSY)
VALUES
(92,37,6,1,430,581)
/
INSERT INTO requirement_form_fields
(RFF_ID,RF_ID,FF_ID,RFF_PAGE,RFF_POSX,RFF_POSY)
VALUES
(93,34,0,1,142,617)
/
INSERT INTO requirement_form_fields
(RFF_ID,RF_ID,FF_ID,RFF_PAGE,RFF_POSX,RFF_POSY)
VALUES
(94,34,2,1,142,592)
/
INSERT INTO requirement_form_fields
(RFF_ID,RF_ID,FF_ID,RFF_PAGE,RFF_POSX,RFF_POSY)
VALUES
(95,34,1,1,285,592)
/
INSERT INTO requirement_form_fields
(RFF_ID,RF_ID,FF_ID,RFF_PAGE,RFF_POSX,RFF_POSY)
VALUES
(96,34,6,1,440,592)
/
INSERT INTO requirement_form_fields
(RFF_ID,RF_ID,FF_ID,RFF_PAGE,RFF_POSX,RFF_POSY)
VALUES
(1,1,0,1,145,620)
/
INSERT INTO requirement_form_fields
(RFF_ID,RF_ID,FF_ID,RFF_PAGE,RFF_POSX,RFF_POSY)
VALUES
(2,1,1,1,145,595)
/
INSERT INTO requirement_form_fields
(RFF_ID,RF_ID,FF_ID,RFF_PAGE,RFF_POSX,RFF_POSY)
VALUES
(3,1,2,1,368,595)
/
INSERT INTO requirement_form_fields
(RFF_ID,RF_ID,FF_ID,RFF_PAGE,RFF_POSX,RFF_POSY)
VALUES
(4,4,0,1,368,640)
/
INSERT INTO requirement_form_fields
(RFF_ID,RF_ID,FF_ID,RFF_PAGE,RFF_POSX,RFF_POSY)
VALUES
(5,4,1,1,40,640)
/
INSERT INTO requirement_form_fields
(RFF_ID,RF_ID,FF_ID,RFF_PAGE,RFF_POSX,RFF_POSY)
VALUES
(6,4,2,1,220,640)
/
INSERT INTO requirement_form_fields
(RFF_ID,RF_ID,FF_ID,RFF_PAGE,RFF_POSX,RFF_POSY)
VALUES
(7,4,0,2,405,708)
/
INSERT INTO requirement_form_fields
(RFF_ID,RF_ID,FF_ID,RFF_PAGE,RFF_POSX,RFF_POSY)
VALUES
(8,4,1,2,145,708)
/
INSERT INTO requirement_form_fields
(RFF_ID,RF_ID,FF_ID,RFF_PAGE,RFF_POSX,RFF_POSY)
VALUES
(9,4,2,2,295,708)
/
INSERT INTO requirement_form_fields
(RFF_ID,RF_ID,FF_ID,RFF_PAGE,RFF_POSX,RFF_POSY)
VALUES
(10,5,0,1,145,602)
/
INSERT INTO requirement_form_fields
(RFF_ID,RF_ID,FF_ID,RFF_PAGE,RFF_POSX,RFF_POSY)
VALUES
(11,5,1,1,145,575)
/


-- NOTIFICATION_TEMPLATES
PROMPT INSERTING NOTIFICATION_TEMPLATES
INSERT INTO notification_templates
VALUES
(1,'New Business Review For <Reference No>','Creation of Assessment Request','Hi,
'|| chr(13) ||'
The following <LOB> application has been submitted for your review:
'|| chr(13) ||'
Reference No: <Reference No>'|| chr(13) ||'
Insured Client No: <Client No>
'|| chr(13) ||'
Link to Request: <URL>
','NBS',NULL,NULL,'',NULL,'IUMADMIN','26-MAR-04 11.23.52.000000 AM')
/
INSERT INTO notification_templates
VALUES
(2,'Assessment Request for <Reference No>','For Transmittal','Hi,
'|| chr(13) ||'
New Business has requested the assessment of a/an <LOB> application with the following details:
'|| chr(13) ||'
Reference No: <Reference No>'|| chr(13) ||'
Insured Client No: <Client No>
'|| chr(13) ||'
Link to Assessment Request: <URL>
','NBS',NULL,NULL,'IUMADMIN',NULL,'IUMADMIN','26-MAR-04 11.24.35.000000 AM')
/
INSERT INTO notification_templates
VALUES
(3,'Assessment Request for <Reference No>','For Assessment','Hi,
'|| chr(13) ||'
New Business has requested the assessment of a/an <LOB> application with the following details:
'|| chr(13) ||'
Reference No: <Reference No>'|| chr(13) ||'
Insured Client No: <Client No>
'|| chr(13) ||'
Link to Request: <URL>
','FCLTOR',NULL,NULL,'IUMADMIN',NULL,'IUMADMIN','26-MAR-04 11.24.55.000000 AM')
/
INSERT INTO notification_templates
VALUES
(4,'Reassignment of Assessment Requests','Reassignment','Please take note of the change on the Underwriter assignment for the following application:
'|| chr(13) ||'
<Reasssignment Details>
'|| chr(13) ||'
Regards,'|| chr(13) ||'
<USD Supervisor/Manager>
','USDSVR',NULL,NULL,'IUMADMIN',NULL,'IUMADMIN','11-MAR-04 08.26.51.000000 PM')
/
INSERT INTO notification_templates
VALUES
(5,'New Requirements for Reference No. <Reference No> - <Client Name>','Ordering of Requirements','Please submit the following requirement:
'|| chr(13) ||'
<Requirement Details>'|| chr(13) ||'
<PDF Attachment>
'|| chr(13) ||'
Regards,'|| chr(13) ||'
<Underwriter Name>'|| chr(13) ||'
','UDRWTR','1','RE: PN <Reference No> ON THE LIFE OF <Client Name>. PLEASE VIEW YOUR EMAIL OR CONTACT MKTG STAFF FOR THE U/W REQMTS NOW.','IUMADMIN',NULL,'IUMADMIN','08-MAR-04 07.21.17.000000 PM')
/
INSERT INTO notification_templates
VALUES
(6,'Cancelled Requirement for Reference No. <Reference No> - <Client Name>','Cancellation of Requirements','The following requirement has been cancelled.  Please do not submit anymore:
'|| chr(13) ||'
- <Requirement Description>
'|| chr(13) ||'
Regards,'|| chr(13) ||'
<Underwriter Name>
','UDRWTR','1','RE: PN <Reference No> ON THE LIFE OF <Client Name>. PLEASE VIEW YOUR EMAIL OR CONTACT MKTG STAFF FOR THE U/W REQMTS NOW.','IUMADMIN',NULL,'IUMADMIN','19-MAR-04 11.09.39.000000 PM')
/
INSERT INTO notification_templates
VALUES
(7,'Follow Up on Requirement for Reference No. <Reference No> - <Client Name>','Follow Up Requirements','This is to follow up on the following requirement:
'|| chr(13) ||'
- <Requirement Details>
'|| chr(13) ||'
Regards,'|| chr(13) ||'
<Underwriter Name>
','NBS',NULL,NULL,'IUMADMIN',NULL,'IUMADMIN','25-MAR-04 01.00.36.000000 PM')
/
INSERT INTO notification_templates
VALUES
(8,'Waived Requirement for Reference No. <Reference No> - <Client Name>','Waiver of Requirement','The following requirement has been cancelled.  Please do not submit anymore:
'|| chr(13) ||'
- <Requirement Description>
'|| chr(13) ||'
Regards,'|| chr(13) ||'
<Underwriter Name>
','NBRVW',NULL,NULL,'IUMADMIN',NULL,'IUMADMIN','19-MAR-04 11.46.01.000000 PM')
/
INSERT INTO notification_templates
VALUES
(9,'<Exam Type> Exam Requested for Your Attention: <Client Name>','Request for Med/Lab Exam','<URL>
','NBRVW',NULL,NULL,'IUMADMIN',NULL,'IUMADMIN','30-MAR-04 07.08.33.000000 PM')
/
INSERT INTO notification_templates
VALUES
(10,'Confirmation of <Exam Type> Exam Appointment: <Client Name>','Confirmation of Med Exam Request','Client Name:  <Client Name>'|| chr(13) ||'
Medical Exam:  <Exam Type> exam'|| chr(13) ||'
<Laboratory Examiner>: <Laboratory/Examiner Name>
'|| chr(13) ||'
Appointment Date:  <Appointment Date>'|| chr(13) ||'
Appointment Time:  <Appointment Time>
'|| chr(13) ||'
','MEDSTF',NULL,NULL,'IUMADMIN',NULL,'IUMADMIN','30-MAR-04 07.55.34.000000 PM')
/
INSERT INTO notification_templates
VALUES
(11,'Receipt of Requirements for Reference No.: <Reference No>','Receipt of Requirements at Site','The original copies of the following requirements were received:
'|| chr(13) ||'
<Requirement>
'|| chr(13) ||'
The said documents will be transmitted to your end as necessary.
'|| chr(13) ||'
Link to Assessment Request: <URL>
','NBS',NULL,NULL,'IUMADMIN',NULL,'IUMADMIN','26-MAR-04 11.27.20.000000 AM')
/
INSERT INTO notification_templates
VALUES
(12,'<Exam Type> Exam Edited for Your Attention: <Client Name>','Entry of Medical Results','Link to Medical Exam: <URL>
','MEDSTF',NULL,NULL,'IUMADMIN',NULL,'IUMADMIN','26-MAR-04 06.58.26.000000 PM')
/
INSERT INTO notification_templates
VALUES
(13,'USD Memo: Assessment Result for Reference No. <Reference No>','Assessment Result from USD','Hi,
'|| chr(13) ||'
This is to inform you of USD''s assessment for the following application:
'|| chr(13) ||'
Reference No: <Reference No>'|| chr(13) ||'
Insured Client No: <Client No>
'|| chr(13) ||'
Decision: <Application Status>
'|| chr(13) ||'
Regards,'|| chr(13) ||'
Underwriting Services Department
','UDRWTR','1','RE: PN <Reference No> ON THE LIFE OF <Client Name>. PLEASE VIEW YOUR EMAIL OR CONTACT MKTG STAFF FOR THE DECISION ON APP NOW.','IUMADMIN',NULL,'IUMADMIN','11-MAR-04 08.22.11.000000 PM')
/
INSERT INTO notification_templates
VALUES
(14,'New Business Memo: Assessment Result for Reference No. <Reference No>','Assessment Result from NB','Hi,
'|| chr(13) ||'
This is to inform you of the decision for the following application:
'|| chr(13) ||'
Reference No: <Reference No>'|| chr(13) ||'
Insured Client No: <Client No>
'|| chr(13) ||'
Decision: <Application Status>
'|| chr(13) ||'
Regards,'|| chr(13) ||'
New Business Department
','NBADMN','1','RE: PN <Reference No> ON THE LIFE OF <Client Name>. PLEASE VIEW YOUR EMAIL OR CONTACT MKTG STAFF FOR THE DECISION ON APP NOW.','IUMADMIN',NULL,'IUMADMIN','11-MAR-04 08.21.44.000000 PM')
/
INSERT INTO notification_templates
VALUES
(15,'Medical Assessment Referral for your attention. Reference No.: <Reference No>','Doctors Notes','Link to Assessment Request: <URL>','NBADMN',NULL,NULL,'IUMADMIN',NULL,'IUMADMIN','26-MAR-04 11.26.16.000000 AM')
/

-- DEPARTMENTS
PROMPT INSERTING DEPARTMENTS
INSERT INTO departments (dept_code, dept_desc)
	VALUES ('CLIENTSVCS', 'CLIENT SERVICES DEPARTMENT');

INSERT INTO departments (dept_code, dept_desc)
	VALUES ('UWSVCS', 'UNDERWRITING SERVICES DEPARTMENT');
	
INSERT INTO departments (dept_code, dept_desc)
	VALUES ('MEDICAL', 'MEDICAL DEPARTMENT');
	
INSERT INTO departments (dept_code, dept_desc)
	VALUES ('GROUPINS', 'GROUP INSURANCE DEPARTMENT');
	
INSERT INTO departments (dept_code, dept_desc)
	VALUES ('SALESMKTG', 'SALES AND MARKETING DEPARTMENT');

INSERT INTO departments (dept_code, dept_desc)
	VALUES ('MGMTSVCS', 'MANAGEMENT SERVICES DEPARTMENT');
	
INSERT INTO departments (dept_code, dept_desc)
	VALUES ('OTHERDEPT', 'OTHER DEPARTMENTS');
	
INSERT INTO departments (dept_code, dept_desc)
	VALUES ('SYSTEMS', 'CENTRAL SYSTEMS');

-- SECTIONS
PROMPT INSERTING SECTIONS
INSERT INTO sections (sec_code, sec_desc) 
	VALUES ('NBREVIEW', 'NEW BUSINESS REVIEW GROUP');

INSERT INTO sections (sec_code, sec_desc) 
	VALUES ('UWRITING', 'UNDERWRITING');
	
INSERT INTO sections (sec_code, sec_desc) 
	VALUES ('FACILITN', 'UNDERWRITING FACILITATION');
	
INSERT INTO sections (sec_code, sec_desc) 
	VALUES ('NBADMIN', 'NEW BUSINESS ADMIN');
	
INSERT INTO sections (sec_code, sec_desc) 
	VALUES ('POLICYCHG', 'POLICY CHANGE');
	
INSERT INTO sections (sec_code, sec_desc) 
	VALUES ('MEDCONSLT', 'MEDICAL CONSULTATION');
	
INSERT INTO sections (sec_code, sec_desc) 
	VALUES ('MEDADMIN', 'MEDICAL ADMINISTRATION');
	
INSERT INTO sections (sec_code, sec_desc) 
	VALUES ('MEDPROVIDER', 'ACCREDITED MEDICAL PROVIDERS');
	
INSERT INTO sections (sec_code, sec_desc) 
	VALUES ('GROUPADM', 'GROUP ADMINISTRATION');
	
INSERT INTO sections (sec_code, sec_desc) 
	VALUES ('AGENTS', 'AGENTS'' GROUP');
	
INSERT INTO sections (sec_code, sec_desc) 
	VALUES ('SALESADMIN', 'SALES ADMINISTRATION');
	
INSERT INTO sections (sec_code, sec_desc) 
	VALUES ('PMGMTOFF', 'PROJECT MANAGEMENT OFFICE');
	
INSERT INTO sections (sec_code, sec_desc) 
	VALUES ('QASSURANCE', 'QUALITY ASSURANCE');
	
INSERT INTO sections (sec_code, sec_desc) 
	VALUES ('OTHERSECT', 'OTHER DEPARTMENT SECTIONS');
	
INSERT INTO sections (sec_code, sec_desc) 
	VALUES ('QAINFOSEC', 'QUALITY ASSURANCE AND INFO SECURITY');

INSERT INTO sections (sec_code, sec_desc) 
	VALUES ('DATACTR', 'DATA CENTER');


-- TD_COUNTER
PROMPT INSERTING TD_COUNTER
Insert into TD_COUNTER values (1, sysdate);

