IF OBJECT_ID('dbo.DCR_ipaclookup', 'U') IS NOT NULL DROP TABLE dbo.DCR_ipaclookup
GO
CREATE TABLE dbo.DCR_ipaclookup
(
	id bigint PRIMARY KEY IDENTITY,
	prod_code varchar(4),
	pay_code varchar(4),
	pay_sub_code varchar(4),
	pay_sub_cur varchar(3),
	pay_sub_desc varchar(50),
	product_type_id bigint,
	dcr_ipac_mapping_id bigint
)
GO

IF OBJECT_ID('dbo.dcr_ipac_mapping', 'U') IS NOT NULL DROP TABLE dbo.dcr_ipac_mapping
GO
CREATE TABLE dbo.dcr_ipac_mapping
(
	id bigint PRIMARY KEY IDENTITY,
	grp varchar(4),
	sub_grp varchar(16),
	sub_grp_desc varchar(80)
)
GO
SET IDENTITY_INSERT dbo.dcr_ipac_mapping ON
GO

-- These are for the ipac mapping
INSERT INTO dbo.dcr_ipac_mapping (id, grp, sub_grp, sub_grp_desc) VALUES (1, 'NCO', 'CSH-DPO', 'Non-Counter Cash (DEPOSIT SLIP)')
INSERT INTO dbo.dcr_ipac_mapping (id, grp, sub_grp, sub_grp_desc) VALUES (2, 'NCO', 'CSH-TELE', 'Non-Counter Cash (TELEGRAPHIC TRANSFER)')
INSERT INTO dbo.dcr_ipac_mapping (id, grp, sub_grp, sub_grp_desc) VALUES (3, 'CO', 'CSH', 'CASH')
INSERT INTO dbo.dcr_ipac_mapping (id, grp, sub_grp, sub_grp_desc) VALUES (4, 'NCO', 'CHK-L', 'Non-Counter Check Local (DEPOSIT SLIP)')
INSERT INTO dbo.dcr_ipac_mapping (id, grp, sub_grp, sub_grp_desc) VALUES (5, 'NCO', 'CHK-R', 'Non-Counter Check Regional (DEPOSIT SLIP)')
INSERT INTO dbo.dcr_ipac_mapping (id, grp, sub_grp, sub_grp_desc) VALUES (6, 'NCO', 'CHK-TELE', 'Non-Counter Check Telegraphic Transfer (DEPOSIT SLIP)')
INSERT INTO dbo.dcr_ipac_mapping (id, grp, sub_grp, sub_grp_desc) VALUES (7, 'NCO', 'CHK-ON', 'Non-Counter Check On Us (DEPOSIT SLIP)')
INSERT INTO dbo.dcr_ipac_mapping (id, grp, sub_grp, sub_grp_desc) VALUES (8, 'NCO', 'CHK-OUT', 'Non-Counter Check Out of Town (DEPOSIT SLIP)')
INSERT INTO dbo.dcr_ipac_mapping (id, grp, sub_grp, sub_grp_desc) VALUES (9, 'CO', 'CHK-L', 'Check Local')
INSERT INTO dbo.dcr_ipac_mapping (id, grp, sub_grp, sub_grp_desc) VALUES (10, 'CO', 'CHK-R', 'Check Regional')
INSERT INTO dbo.dcr_ipac_mapping (id, grp, sub_grp, sub_grp_desc) VALUES (11, 'CO', 'CHK-ON', 'Check On Us')
INSERT INTO dbo.dcr_ipac_mapping (id, grp, sub_grp, sub_grp_desc) VALUES (12, 'CO', 'CHK-OUT', 'Check Out of Town')
INSERT INTO dbo.dcr_ipac_mapping (id, grp, sub_grp, sub_grp_desc) VALUES (13, 'CRD', 'P-BPI', 'POS - BPI')
INSERT INTO dbo.dcr_ipac_mapping (id, grp, sub_grp, sub_grp_desc) VALUES (14, 'CRD', 'P-CTB', 'POS - CTB')
INSERT INTO dbo.dcr_ipac_mapping (id, grp, sub_grp, sub_grp_desc) VALUES (15, 'CRD', 'P-HSBC', 'POS - HSBC')
INSERT INTO dbo.dcr_ipac_mapping (id, grp, sub_grp, sub_grp_desc) VALUES (16, 'CRD', 'P-SCB', 'POS - SCB')
INSERT INTO dbo.dcr_ipac_mapping (id, grp, sub_grp, sub_grp_desc) VALUES (17, 'CRD', 'M-BPI', 'MDS - BPI')
INSERT INTO dbo.dcr_ipac_mapping (id, grp, sub_grp, sub_grp_desc) VALUES (18, 'CRD', 'M-CTB', 'MDS - CTB')
INSERT INTO dbo.dcr_ipac_mapping (id, grp, sub_grp, sub_grp_desc) VALUES (19, 'CRD', 'M-HSBC', 'MDS - HSBC')
INSERT INTO dbo.dcr_ipac_mapping (id, grp, sub_grp, sub_grp_desc) VALUES (20, 'CRD', 'M-SCB', 'MDS - SCB')
INSERT INTO dbo.dcr_ipac_mapping (id, grp, sub_grp, sub_grp_desc) VALUES (21, 'CRD', 'P-BDO', 'POS - BDO')
INSERT INTO dbo.dcr_ipac_mapping (id, grp, sub_grp, sub_grp_desc) VALUES (22, 'CRD', 'M-BDO', 'MDS - BDO')
INSERT INTO dbo.dcr_ipac_mapping (id, grp, sub_grp, sub_grp_desc) VALUES (23, '', 'NON-CSH', 'NON-CASH')
INSERT INTO dbo.dcr_ipac_mapping (id, grp, sub_grp, sub_grp_desc) VALUES (24, 'CRD', 'P-RCBC', 'POS-RCBC')
INSERT INTO dbo.dcr_ipac_mapping (id, grp, sub_grp, sub_grp_desc) VALUES (25, 'CRD', 'M-RCBC', 'MDS-RCBC')

-- These are for the ipac lookup
INSERT INTO dcr_ipaclookup (prod_code, pay_code, pay_sub_code, pay_sub_cur, pay_sub_desc, product_type_id, dcr_ipac_mapping_id) VALUES ('MF1', 'CHK', 'CHL', 'PHP', 'Chinabank - DEPO SLIP CHQ - LOCAL', 1, 4)
INSERT INTO dcr_ipaclookup (prod_code, pay_code, pay_sub_code, pay_sub_cur, pay_sub_desc, product_type_id, dcr_ipac_mapping_id) VALUES ('MF1', 'CHK', 'CHO', 'PHP', 'Chinabank - DEPO SLIP CHQ -OUT OF TOWN', 1, 8)
INSERT INTO dcr_ipaclookup (prod_code, pay_code, pay_sub_code, pay_sub_cur, pay_sub_desc, product_type_id, dcr_ipac_mapping_id) VALUES ('MF1', 'CHK', 'CHR', 'PHP', 'Chinabank - DEPO SLIP CHQ - REGIONAL', 1, 5)
INSERT INTO dcr_ipaclookup (prod_code, pay_code, pay_sub_code, pay_sub_cur, pay_sub_desc, product_type_id, dcr_ipac_mapping_id) VALUES ('MF1', 'CHK', 'CHS', 'PHP', 'Chinabank - DEPO SLIP CHQ - ON US', 1, 7)
INSERT INTO dcr_ipaclookup (prod_code, pay_code, pay_sub_code, pay_sub_cur, pay_sub_desc, product_type_id, dcr_ipac_mapping_id) VALUES ('MF1', 'CHK', 'CTL', 'PHP', 'Chinatrust -  DEPO SLIP CHQ - LOCAL', 1, 4)
INSERT INTO dcr_ipaclookup (prod_code, pay_code, pay_sub_code, pay_sub_cur, pay_sub_desc, product_type_id, dcr_ipac_mapping_id) VALUES ('MF1', 'CHK', 'CTO', 'PHP', 'Chinatrust - DEPO SLIP CHQ -OUT OF TOWN', 1, 8)
INSERT INTO dcr_ipaclookup (prod_code, pay_code, pay_sub_code, pay_sub_cur, pay_sub_desc, product_type_id, dcr_ipac_mapping_id) VALUES ('MF1', 'CHK', 'CTR', 'PHP', 'Chinatrust - DEPO SLIP CHQ - REGIONAL', 1, 5)
INSERT INTO dcr_ipaclookup (prod_code, pay_code, pay_sub_code, pay_sub_cur, pay_sub_desc, product_type_id, dcr_ipac_mapping_id) VALUES ('MF1', 'CHK', 'CTS', 'PHP', 'Chinatrust - DEPO SLIP CHQ - ON US', 1, 7)
INSERT INTO dcr_ipaclookup (prod_code, pay_code, pay_sub_code, pay_sub_cur, pay_sub_desc, product_type_id, dcr_ipac_mapping_id) VALUES ('MF1', 'CHK', 'L/C', 'PHP', 'LOCAL CHECK', 1, 9)
INSERT INTO dcr_ipaclookup (prod_code, pay_code, pay_sub_code, pay_sub_cur, pay_sub_desc, product_type_id, dcr_ipac_mapping_id) VALUES ('MF1', 'CHK', 'O/C', 'PHP', 'OUT-OF-TOWN CHECK', 1, 12)
INSERT INTO dcr_ipaclookup (prod_code, pay_code, pay_sub_code, pay_sub_cur, pay_sub_desc, product_type_id, dcr_ipac_mapping_id) VALUES ('MF1', 'CHK', 'OUC', 'PHP', 'ON US CHECK', 1, 11)
INSERT INTO dcr_ipaclookup (prod_code, pay_code, pay_sub_code, pay_sub_cur, pay_sub_desc, product_type_id, dcr_ipac_mapping_id) VALUES ('MF1', 'CHK', 'PBL', 'PHP', 'BDO - DEPO SLIP CHQ - LOCAL', 1, 4)
INSERT INTO dcr_ipaclookup (prod_code, pay_code, pay_sub_code, pay_sub_cur, pay_sub_desc, product_type_id, dcr_ipac_mapping_id) VALUES ('MF1', 'CHK', 'PBO', 'PHP', 'BDO - DEPO SLIP CHQ -OUT OF TOWN', 1, 8)
INSERT INTO dcr_ipaclookup (prod_code, pay_code, pay_sub_code, pay_sub_cur, pay_sub_desc, product_type_id, dcr_ipac_mapping_id) VALUES ('MF1', 'CHK', 'PBR', 'PHP', 'BDO - DEPO SLIP CHQ - REGIONAL', 1, 5)
INSERT INTO dcr_ipaclookup (prod_code, pay_code, pay_sub_code, pay_sub_cur, pay_sub_desc, product_type_id, dcr_ipac_mapping_id) VALUES ('MF1', 'CHK', 'PBS', 'PHP', 'BDO - DEPO SLIP CHQ - ON US', 1, 7)
INSERT INTO dcr_ipaclookup (prod_code, pay_code, pay_sub_code, pay_sub_cur, pay_sub_desc, product_type_id, dcr_ipac_mapping_id) VALUES ('MF1', 'CHK', 'PCL', 'PHP', 'CITI - DEPO SLIP CHQ - LOCAL', 1, 4)
INSERT INTO dcr_ipaclookup (prod_code, pay_code, pay_sub_code, pay_sub_cur, pay_sub_desc, product_type_id, dcr_ipac_mapping_id) VALUES ('MF1', 'CHK', 'PCO', 'PHP', 'CITI - DEPO SLIP CHQ -OUT OF TOWN', 1, 8)
INSERT INTO dcr_ipaclookup (prod_code, pay_code, pay_sub_code, pay_sub_cur, pay_sub_desc, product_type_id, dcr_ipac_mapping_id) VALUES ('MF1', 'CHK', 'PCR', 'PHP', 'CITI - DEPO SLIP CHQ - REGIONAL', 1, 5)
INSERT INTO dcr_ipaclookup (prod_code, pay_code, pay_sub_code, pay_sub_cur, pay_sub_desc, product_type_id, dcr_ipac_mapping_id) VALUES ('MF1', 'CHK', 'PCS', 'PHP', 'CITI - DEPO SLIP CHQ - ON US', 1, 7)
INSERT INTO dcr_ipaclookup (prod_code, pay_code, pay_sub_code, pay_sub_cur, pay_sub_desc, product_type_id, dcr_ipac_mapping_id) VALUES ('MF1', 'CHK', 'PEL', 'PHP', 'EPCI - DEPO SLIP CHQ - LOCAL', 1, 4)
INSERT INTO dcr_ipaclookup (prod_code, pay_code, pay_sub_code, pay_sub_cur, pay_sub_desc, product_type_id, dcr_ipac_mapping_id) VALUES ('MF1', 'CHK', 'PEO', 'PHP', 'EPCI - DEPO SLIP CHQ -OUT OF TOWN', 1, 8)
INSERT INTO dcr_ipaclookup (prod_code, pay_code, pay_sub_code, pay_sub_cur, pay_sub_desc, product_type_id, dcr_ipac_mapping_id) VALUES ('MF1', 'CHK', 'PER', 'PHP', 'EPCI - DEPO SLIP CHQ - REGIONAL', 1, 5)
INSERT INTO dcr_ipaclookup (prod_code, pay_code, pay_sub_code, pay_sub_cur, pay_sub_desc, product_type_id, dcr_ipac_mapping_id) VALUES ('MF1', 'CHK', 'PES', 'PHP', 'EPCI - DEPO SLIP CHQ - ON US', 1, 7)
INSERT INTO dcr_ipaclookup (prod_code, pay_code, pay_sub_code, pay_sub_cur, pay_sub_desc, product_type_id, dcr_ipac_mapping_id) VALUES ('MF1', 'CHK', 'PHL', 'PHP', 'HSBC - DEPO SLIP CHQ - LOCAL', 1, 4)
INSERT INTO dcr_ipaclookup (prod_code, pay_code, pay_sub_code, pay_sub_cur, pay_sub_desc, product_type_id, dcr_ipac_mapping_id) VALUES ('MF1', 'CHK', 'PHO', 'PHP', 'HSBC - DEPO SLIP CHQ -OUT OF TOWN', 1, 8)
INSERT INTO dcr_ipaclookup (prod_code, pay_code, pay_sub_code, pay_sub_cur, pay_sub_desc, product_type_id, dcr_ipac_mapping_id) VALUES ('MF1', 'CHK', 'PHR', 'PHP', 'HSBC - DEPO SLIP CHQ - REGIONAL', 1, 5)
INSERT INTO dcr_ipaclookup (prod_code, pay_code, pay_sub_code, pay_sub_cur, pay_sub_desc, product_type_id, dcr_ipac_mapping_id) VALUES ('MF1', 'CHK', 'PHS', 'PHP', 'HSBC - DEPO SLIP CHQ - ON US', 1, 7)
INSERT INTO dcr_ipaclookup (prod_code, pay_code, pay_sub_code, pay_sub_cur, pay_sub_desc, product_type_id, dcr_ipac_mapping_id) VALUES ('MF1', 'CHK', 'PLL', 'PHP', 'LBP - DEPO SLIP CHQ - LOCAL', 1, 4)
INSERT INTO dcr_ipaclookup (prod_code, pay_code, pay_sub_code, pay_sub_cur, pay_sub_desc, product_type_id, dcr_ipac_mapping_id) VALUES ('MF1', 'CHK', 'PLO', 'PHP', 'LBP - DEPO SLIP CHQ -OUT OF TOWN', 1, 8)
INSERT INTO dcr_ipaclookup (prod_code, pay_code, pay_sub_code, pay_sub_cur, pay_sub_desc, product_type_id, dcr_ipac_mapping_id) VALUES ('MF1', 'CHK', 'PLR', 'PHP', 'LBP - DEPO SLIP CHQ - REGIONAL', 1, 5)
INSERT INTO dcr_ipaclookup (prod_code, pay_code, pay_sub_code, pay_sub_cur, pay_sub_desc, product_type_id, dcr_ipac_mapping_id) VALUES ('MF1', 'CHK', 'PLS', 'PHP', 'LBP - DEPO SLIP CHQ - ON US', 1, 7)
INSERT INTO dcr_ipaclookup (prod_code, pay_code, pay_sub_code, pay_sub_cur, pay_sub_desc, product_type_id, dcr_ipac_mapping_id) VALUES ('MF1', 'CHK', 'PML', 'PHP', 'MYB - DEPO SLIP CHQ - LOCAL', 1, 4)
INSERT INTO dcr_ipaclookup (prod_code, pay_code, pay_sub_code, pay_sub_cur, pay_sub_desc, product_type_id, dcr_ipac_mapping_id) VALUES ('MF1', 'CHK', 'PMO', 'PHP', 'MYB - DEPO SLIP CHQ -OUT OF TOWN', 1, 8)
INSERT INTO dcr_ipaclookup (prod_code, pay_code, pay_sub_code, pay_sub_cur, pay_sub_desc, product_type_id, dcr_ipac_mapping_id) VALUES ('MF1', 'CHK', 'PMR', 'PHP', 'MYB - DEPO SLIP CHQ - REGIONAL', 1, 5)
INSERT INTO dcr_ipaclookup (prod_code, pay_code, pay_sub_code, pay_sub_cur, pay_sub_desc, product_type_id, dcr_ipac_mapping_id) VALUES ('MF1', 'CHK', 'PMS', 'PHP', 'MYB - DEPO SLIP CHQ - ON US', 1, 7)
INSERT INTO dcr_ipaclookup (prod_code, pay_code, pay_sub_code, pay_sub_cur, pay_sub_desc, product_type_id, dcr_ipac_mapping_id) VALUES ('MF1', 'CHK', 'PNL', 'PHP', 'PNB - DEPO SLIP CHQ - LOCAL', 1, 4)
INSERT INTO dcr_ipaclookup (prod_code, pay_code, pay_sub_code, pay_sub_cur, pay_sub_desc, product_type_id, dcr_ipac_mapping_id) VALUES ('MF1', 'CHK', 'PNO', 'PHP', 'PNB - DEPO SLIP CHQ -OUT OF TOWN', 1, 8)
INSERT INTO dcr_ipaclookup (prod_code, pay_code, pay_sub_code, pay_sub_cur, pay_sub_desc, product_type_id, dcr_ipac_mapping_id) VALUES ('MF1', 'CHK', 'PNR', 'PHP', 'PNB - DEPO SLIP CHQ - REGIONAL', 1, 5)
INSERT INTO dcr_ipaclookup (prod_code, pay_code, pay_sub_code, pay_sub_cur, pay_sub_desc, product_type_id, dcr_ipac_mapping_id) VALUES ('MF1', 'CHK', 'PNS', 'PHP', 'PNB - DEPO SLIP CHQ - ON US', 1, 7)
INSERT INTO dcr_ipaclookup (prod_code, pay_code, pay_sub_code, pay_sub_cur, pay_sub_desc, product_type_id, dcr_ipac_mapping_id) VALUES ('MF1', 'CHK', 'PPL', 'PHP', 'BPI - DEPO SLIP CHQ - LOCAL', 1, 4)
INSERT INTO dcr_ipaclookup (prod_code, pay_code, pay_sub_code, pay_sub_cur, pay_sub_desc, product_type_id, dcr_ipac_mapping_id) VALUES ('MF1', 'CHK', 'PPO', 'PHP', 'BPI - DEPO SLIP CHQ -OUT OF TOWN', 1, 8)
INSERT INTO dcr_ipaclookup (prod_code, pay_code, pay_sub_code, pay_sub_cur, pay_sub_desc, product_type_id, dcr_ipac_mapping_id) VALUES ('MF1', 'CHK', 'PPR', 'PHP', 'BPI - DEPO SLIP CHQ - REGIONAL', 1, 5)
INSERT INTO dcr_ipaclookup (prod_code, pay_code, pay_sub_code, pay_sub_cur, pay_sub_desc, product_type_id, dcr_ipac_mapping_id) VALUES ('MF1', 'CHK', 'PPS', 'PHP', 'BPI - DEPO SLIP CHQ - ON US', 1, 7)
INSERT INTO dcr_ipaclookup (prod_code, pay_code, pay_sub_code, pay_sub_cur, pay_sub_desc, product_type_id, dcr_ipac_mapping_id) VALUES ('MF1', 'CHK', 'PRL', 'PHP', 'RCBC - DEPO SLIP CHQ - LOCAL', 1, 4)
INSERT INTO dcr_ipaclookup (prod_code, pay_code, pay_sub_code, pay_sub_cur, pay_sub_desc, product_type_id, dcr_ipac_mapping_id) VALUES ('MF1', 'CHK', 'PRO', 'PHP', 'RCBC - DEPO SLIP CHQ -OUT OF TOWN', 1, 8)
INSERT INTO dcr_ipaclookup (prod_code, pay_code, pay_sub_code, pay_sub_cur, pay_sub_desc, product_type_id, dcr_ipac_mapping_id) VALUES ('MF1', 'CHK', 'PRR', 'PHP', 'RCBC - DEPO SLIP CHQ - REGIONAL', 1, 5)
INSERT INTO dcr_ipaclookup (prod_code, pay_code, pay_sub_code, pay_sub_cur, pay_sub_desc, product_type_id, dcr_ipac_mapping_id) VALUES ('MF1', 'CHK', 'PRS', 'PHP', 'RCBC - DEPO SLIP CHQ - ON US', 1, 7)
INSERT INTO dcr_ipaclookup (prod_code, pay_code, pay_sub_code, pay_sub_cur, pay_sub_desc, product_type_id, dcr_ipac_mapping_id) VALUES ('MF1', 'CHK', 'PSL', 'PHP', 'SBTC - DEPO SLIP CHQ - LOCAL', 1, 4)
INSERT INTO dcr_ipaclookup (prod_code, pay_code, pay_sub_code, pay_sub_cur, pay_sub_desc, product_type_id, dcr_ipac_mapping_id) VALUES ('MF1', 'CHK', 'PSO', 'PHP', 'SBTC - DEPO SLIP CHQ -OUT OF TOWN', 1, 8)
INSERT INTO dcr_ipaclookup (prod_code, pay_code, pay_sub_code, pay_sub_cur, pay_sub_desc, product_type_id, dcr_ipac_mapping_id) VALUES ('MF1', 'CHK', 'PSR', 'PHP', 'SBTC - DEPO SLIP CHQ - REGIONAL', 1, 5)
INSERT INTO dcr_ipaclookup (prod_code, pay_code, pay_sub_code, pay_sub_cur, pay_sub_desc, product_type_id, dcr_ipac_mapping_id) VALUES ('MF1', 'CHK', 'PSS', 'PHP', 'SBTC - DEPO SLIP CHQ - ON US', 1, 7)
INSERT INTO dcr_ipaclookup (prod_code, pay_code, pay_sub_code, pay_sub_cur, pay_sub_desc, product_type_id, dcr_ipac_mapping_id) VALUES ('MF1', 'CHK', 'PTL', 'PHP', 'MBTC - DEPO SLIP CHQ - LOCAL', 1, 4)
INSERT INTO dcr_ipaclookup (prod_code, pay_code, pay_sub_code, pay_sub_cur, pay_sub_desc, product_type_id, dcr_ipac_mapping_id) VALUES ('MF1', 'CHK', 'PTO', 'PHP', 'MBTC - DEPO SLIP CHQ -OUT OF TOWN', 1, 8)
INSERT INTO dcr_ipaclookup (prod_code, pay_code, pay_sub_code, pay_sub_cur, pay_sub_desc, product_type_id, dcr_ipac_mapping_id) VALUES ('MF1', 'CHK', 'PTR', 'PHP', 'MBTC - DEPO SLIP CHQ - REGIONAL', 1, 5)
INSERT INTO dcr_ipaclookup (prod_code, pay_code, pay_sub_code, pay_sub_cur, pay_sub_desc, product_type_id, dcr_ipac_mapping_id) VALUES ('MF1', 'CHK', 'PTS', 'PHP', 'MBTC - DEPO SLIP CHQ - ON US', 1, 7)
INSERT INTO dcr_ipaclookup (prod_code, pay_code, pay_sub_code, pay_sub_cur, pay_sub_desc, product_type_id, dcr_ipac_mapping_id) VALUES ('MF1', 'CHK', 'PUL', 'PHP', 'UCPB - DEPO SLIP CHQ - LOCAL', 1, 4)
INSERT INTO dcr_ipaclookup (prod_code, pay_code, pay_sub_code, pay_sub_cur, pay_sub_desc, product_type_id, dcr_ipac_mapping_id) VALUES ('MF1', 'CHK', 'PUO', 'PHP', 'UCPB - DEPO SLIP CHQ -OUT OF TOWN', 1, 8)
INSERT INTO dcr_ipaclookup (prod_code, pay_code, pay_sub_code, pay_sub_cur, pay_sub_desc, product_type_id, dcr_ipac_mapping_id) VALUES ('MF1', 'CHK', 'PUR', 'PHP', 'UCPB - DEPO SLIP CHQ - REGIONAL', 1, 5)
INSERT INTO dcr_ipaclookup (prod_code, pay_code, pay_sub_code, pay_sub_cur, pay_sub_desc, product_type_id, dcr_ipac_mapping_id) VALUES ('MF1', 'CHK', 'PUS', 'PHP', 'UCPB - DEPO SLIP CHQ - ON US', 1, 7)
INSERT INTO dcr_ipaclookup (prod_code, pay_code, pay_sub_code, pay_sub_cur, pay_sub_desc, product_type_id, dcr_ipac_mapping_id) VALUES ('MF1', 'CHK', 'R/C', 'PHP', 'REGIONAL CHECK', 1, 10)
INSERT INTO dcr_ipaclookup (prod_code, pay_code, pay_sub_code, pay_sub_cur, pay_sub_desc, product_type_id, dcr_ipac_mapping_id) VALUES ('MF1', 'CHK', 'SCL', 'PHP', 'SCB - DEPO SLIP CHQ - LOCAL', 1, 4)
INSERT INTO dcr_ipaclookup (prod_code, pay_code, pay_sub_code, pay_sub_cur, pay_sub_desc, product_type_id, dcr_ipac_mapping_id) VALUES ('MF1', 'CHK', 'SCO', 'PHP', 'SCB - DEPO SLIP CHQ -OUT OF TOWN', 1, 8)
INSERT INTO dcr_ipaclookup (prod_code, pay_code, pay_sub_code, pay_sub_cur, pay_sub_desc, product_type_id, dcr_ipac_mapping_id) VALUES ('MF1', 'CHK', 'SCR', 'PHP', 'SCB - DEPO SLIP CHQ - REGIONAL', 1, 5)
INSERT INTO dcr_ipaclookup (prod_code, pay_code, pay_sub_code, pay_sub_cur, pay_sub_desc, product_type_id, dcr_ipac_mapping_id) VALUES ('MF1', 'CHK', 'SCS', 'PHP', 'SCB - DEPO SLIP CHQ - ON US', 1, 7)
INSERT INTO dcr_ipaclookup (prod_code, pay_code, pay_sub_code, pay_sub_cur, pay_sub_desc, product_type_id, dcr_ipac_mapping_id) VALUES ('MF1', 'CSH', 'C/M', 'PHP', 'CREDIT MEMO', 1, 23)
INSERT INTO dcr_ipaclookup (prod_code, pay_code, pay_sub_code, pay_sub_cur, pay_sub_desc, product_type_id, dcr_ipac_mapping_id) VALUES ('MF1', 'CSH', 'CPH', 'PHP', 'PESO CASH', 1, 3)
INSERT INTO dcr_ipaclookup (prod_code, pay_code, pay_sub_code, pay_sub_cur, pay_sub_desc, product_type_id, dcr_ipac_mapping_id) VALUES ('MF1', 'CSH', 'MBT', 'PHP', 'MBTC - DEPO SLIP CASH', 1, 1)
INSERT INTO dcr_ipaclookup (prod_code, pay_code, pay_sub_code, pay_sub_cur, pay_sub_desc, product_type_id, dcr_ipac_mapping_id) VALUES ('MF1', 'CSH', 'MCB', 'PHP', 'BDO - DEPO SLIP CASH', 1, 1)
INSERT INTO dcr_ipaclookup (prod_code, pay_code, pay_sub_code, pay_sub_cur, pay_sub_desc, product_type_id, dcr_ipac_mapping_id) VALUES ('MF1', 'CSH', 'MCC', 'PHP', 'CITI - DEPO SLIP CASH', 1, 1)
INSERT INTO dcr_ipaclookup (prod_code, pay_code, pay_sub_code, pay_sub_cur, pay_sub_desc, product_type_id, dcr_ipac_mapping_id) VALUES ('MF1', 'CSH', 'MCE', 'PHP', 'EPCI - DEPO SLIP CASH', 1, 1)
INSERT INTO dcr_ipaclookup (prod_code, pay_code, pay_sub_code, pay_sub_cur, pay_sub_desc, product_type_id, dcr_ipac_mapping_id) VALUES ('MF1', 'CSH', 'MCH', 'PHP', 'HSBC - DEPO SLIP CASH', 1, 1)
INSERT INTO dcr_ipaclookup (prod_code, pay_code, pay_sub_code, pay_sub_cur, pay_sub_desc, product_type_id, dcr_ipac_mapping_id) VALUES ('MF1', 'CSH', 'MCL', 'PHP', 'LBP - DEPO SLIP CASH', 1, 1)
INSERT INTO dcr_ipaclookup (prod_code, pay_code, pay_sub_code, pay_sub_cur, pay_sub_desc, product_type_id, dcr_ipac_mapping_id) VALUES ('MF1', 'CSH', 'MCM', 'PHP', 'MYB - DEPO SLIP CASH', 1, 1)
INSERT INTO dcr_ipaclookup (prod_code, pay_code, pay_sub_code, pay_sub_cur, pay_sub_desc, product_type_id, dcr_ipac_mapping_id) VALUES ('MF1', 'CSH', 'MCN', 'PHP', 'UCPB - DEPO SLIP CASH', 1, 1)
INSERT INTO dcr_ipaclookup (prod_code, pay_code, pay_sub_code, pay_sub_cur, pay_sub_desc, product_type_id, dcr_ipac_mapping_id) VALUES ('MF1', 'CSH', 'MCP', 'PHP', 'PNB - DEPO SLIP CASH', 1, 1)
INSERT INTO dcr_ipaclookup (prod_code, pay_code, pay_sub_code, pay_sub_cur, pay_sub_desc, product_type_id, dcr_ipac_mapping_id) VALUES ('MF1', 'CSH', 'MCR', 'PHP', 'Chinabank - DEPO CASH', 1, 1)
INSERT INTO dcr_ipaclookup (prod_code, pay_code, pay_sub_code, pay_sub_cur, pay_sub_desc, product_type_id, dcr_ipac_mapping_id) VALUES ('MF1', 'CSH', 'MCS', 'PHP', 'SBTC - DEPO SLIP CASH', 1, 1)
INSERT INTO dcr_ipaclookup (prod_code, pay_code, pay_sub_code, pay_sub_cur, pay_sub_desc, product_type_id, dcr_ipac_mapping_id) VALUES ('MF1', 'CSH', 'MCT', 'PHP', 'BPI - DEPO SLIP CASH', 1, 1)
INSERT INTO dcr_ipaclookup (prod_code, pay_code, pay_sub_code, pay_sub_cur, pay_sub_desc, product_type_id, dcr_ipac_mapping_id) VALUES ('MF1', 'CSH', 'MCU', 'PHP', 'SCB - DEPO SLIP CASH', 1, 1)
INSERT INTO dcr_ipaclookup (prod_code, pay_code, pay_sub_code, pay_sub_cur, pay_sub_desc, product_type_id, dcr_ipac_mapping_id) VALUES ('MF1', 'CSH', 'MSB', 'PHP', 'RCBC - DEPO SLIP CASH', 1, 1)
INSERT INTO dcr_ipaclookup (prod_code, pay_code, pay_sub_code, pay_sub_cur, pay_sub_desc, product_type_id, dcr_ipac_mapping_id) VALUES ('MF1', 'CSH', 'MTB', 'PHP', 'Chinatrust - DEPO SLIP CASH', 1, 1)
INSERT INTO dcr_ipaclookup (prod_code, pay_code, pay_sub_code, pay_sub_cur, pay_sub_desc, product_type_id, dcr_ipac_mapping_id) VALUES ('MF2', 'CSH', 'C/M', 'PHP', 'CREDIT MEMO', 2, 23)
INSERT INTO dcr_ipaclookup (prod_code, pay_code, pay_sub_code, pay_sub_cur, pay_sub_desc, product_type_id, dcr_ipac_mapping_id) VALUES ('MF2', 'CSH', 'CPH', 'PHP', 'PESO CASH', 2, 3)
INSERT INTO dcr_ipaclookup (prod_code, pay_code, pay_sub_code, pay_sub_cur, pay_sub_desc, product_type_id, dcr_ipac_mapping_id) VALUES ('MF2', 'CSH', 'MBT', 'PHP', 'MBTC - DEPO SLIP CASH', 2, 1)
INSERT INTO dcr_ipaclookup (prod_code, pay_code, pay_sub_code, pay_sub_cur, pay_sub_desc, product_type_id, dcr_ipac_mapping_id) VALUES ('MF2', 'CSH', 'MCB', 'PHP', 'BDO - DEPO SLIP CASH', 2, 1)
INSERT INTO dcr_ipaclookup (prod_code, pay_code, pay_sub_code, pay_sub_cur, pay_sub_desc, product_type_id, dcr_ipac_mapping_id) VALUES ('MF2', 'CSH', 'MCC', 'PHP', 'CITI - DEPO SLIP CASH', 2, 1)
INSERT INTO dcr_ipaclookup (prod_code, pay_code, pay_sub_code, pay_sub_cur, pay_sub_desc, product_type_id, dcr_ipac_mapping_id) VALUES ('MF2', 'CSH', 'MCE', 'PHP', 'EPCI - DEPO SLIP CASH', 2, 1)
INSERT INTO dcr_ipaclookup (prod_code, pay_code, pay_sub_code, pay_sub_cur, pay_sub_desc, product_type_id, dcr_ipac_mapping_id) VALUES ('MF2', 'CSH', 'MCH', 'PHP', 'HSBC - DEPO SLIP CASH', 2, 1)
INSERT INTO dcr_ipaclookup (prod_code, pay_code, pay_sub_code, pay_sub_cur, pay_sub_desc, product_type_id, dcr_ipac_mapping_id) VALUES ('MF2', 'CSH', 'MCL', 'PHP', 'LBP - DEPO SLIP CASH', 2, 1)
INSERT INTO dcr_ipaclookup (prod_code, pay_code, pay_sub_code, pay_sub_cur, pay_sub_desc, product_type_id, dcr_ipac_mapping_id) VALUES ('MF2', 'CSH', 'MCM', 'PHP', 'MYB - DEPO SLIP CASH', 2, 1)
INSERT INTO dcr_ipaclookup (prod_code, pay_code, pay_sub_code, pay_sub_cur, pay_sub_desc, product_type_id, dcr_ipac_mapping_id) VALUES ('MF2', 'CSH', 'MCN', 'PHP', 'UCPB - DEPO SLIP CASH', 2, 1)
INSERT INTO dcr_ipaclookup (prod_code, pay_code, pay_sub_code, pay_sub_cur, pay_sub_desc, product_type_id, dcr_ipac_mapping_id) VALUES ('MF2', 'CSH', 'MCP', 'PHP', 'PNB - DEPO SLIP CASH', 2, 1)
INSERT INTO dcr_ipaclookup (prod_code, pay_code, pay_sub_code, pay_sub_cur, pay_sub_desc, product_type_id, dcr_ipac_mapping_id) VALUES ('MF2', 'CSH', 'MCR', 'PHP', 'Chinabank - DEPO CASH', 2, 1)
INSERT INTO dcr_ipaclookup (prod_code, pay_code, pay_sub_code, pay_sub_cur, pay_sub_desc, product_type_id, dcr_ipac_mapping_id) VALUES ('MF2', 'CSH', 'MCS', 'PHP', 'SBTC - DEPO SLIP CASH', 2, 1)
INSERT INTO dcr_ipaclookup (prod_code, pay_code, pay_sub_code, pay_sub_cur, pay_sub_desc, product_type_id, dcr_ipac_mapping_id) VALUES ('MF2', 'CSH', 'MCT', 'PHP', 'BPI - DEPO SLIP CASH', 2, 1)
INSERT INTO dcr_ipaclookup (prod_code, pay_code, pay_sub_code, pay_sub_cur, pay_sub_desc, product_type_id, dcr_ipac_mapping_id) VALUES ('MF2', 'CSH', 'MCU', 'PHP', 'SCB - DEPO SLIP CASH', 2, 1)
INSERT INTO dcr_ipaclookup (prod_code, pay_code, pay_sub_code, pay_sub_cur, pay_sub_desc, product_type_id, dcr_ipac_mapping_id) VALUES ('MF2', 'CSH', 'MSB', 'PHP', 'RCBC - DEPO SLIP CASH', 2, 1)
INSERT INTO dcr_ipaclookup (prod_code, pay_code, pay_sub_code, pay_sub_cur, pay_sub_desc, product_type_id, dcr_ipac_mapping_id) VALUES ('MF2', 'CSH', 'MTB', 'PHP', 'Chinatrust - DEPO SLIP CASH', 2, 1)
INSERT INTO dcr_ipaclookup (prod_code, pay_code, pay_sub_code, pay_sub_cur, pay_sub_desc, product_type_id, dcr_ipac_mapping_id) VALUES ('MF2', 'CHK', 'CHL', 'PHP', 'Chinabank - DEPO SLIP CHQ - LOCAL', 2, 4)
INSERT INTO dcr_ipaclookup (prod_code, pay_code, pay_sub_code, pay_sub_cur, pay_sub_desc, product_type_id, dcr_ipac_mapping_id) VALUES ('MF2', 'CHK', 'CHO', 'PHP', 'Chinabank - DEPO SLIP CHQ -OUT OF TOWN', 2, 8)
INSERT INTO dcr_ipaclookup (prod_code, pay_code, pay_sub_code, pay_sub_cur, pay_sub_desc, product_type_id, dcr_ipac_mapping_id) VALUES ('MF2', 'CHK', 'CHR', 'PHP', 'Chinabank - DEPO SLIP CHQ - REGIONAL', 2, 5)
INSERT INTO dcr_ipaclookup (prod_code, pay_code, pay_sub_code, pay_sub_cur, pay_sub_desc, product_type_id, dcr_ipac_mapping_id) VALUES ('MF2', 'CHK', 'CHS', 'PHP', 'Chinabank - DEPO SLIP CHQ - ON US', 2, 7)
INSERT INTO dcr_ipaclookup (prod_code, pay_code, pay_sub_code, pay_sub_cur, pay_sub_desc, product_type_id, dcr_ipac_mapping_id) VALUES ('MF2', 'CHK', 'CTL', 'PHP', 'Chinatrust -  DEPO SLIP CHQ - LOCAL', 2, 4)
INSERT INTO dcr_ipaclookup (prod_code, pay_code, pay_sub_code, pay_sub_cur, pay_sub_desc, product_type_id, dcr_ipac_mapping_id) VALUES ('MF2', 'CHK', 'CTO', 'PHP', 'Chinatrust - DEPO SLIP CHQ -OUT OF TOWN', 2, 8)
INSERT INTO dcr_ipaclookup (prod_code, pay_code, pay_sub_code, pay_sub_cur, pay_sub_desc, product_type_id, dcr_ipac_mapping_id) VALUES ('MF2', 'CHK', 'CTR', 'PHP', 'Chinatrust - DEPO SLIP CHQ - REGIONAL', 2, 5)
INSERT INTO dcr_ipaclookup (prod_code, pay_code, pay_sub_code, pay_sub_cur, pay_sub_desc, product_type_id, dcr_ipac_mapping_id) VALUES ('MF2', 'CHK', 'CTS', 'PHP', 'Chinatrust - DEPO SLIP CHQ - ON US', 2, 7)
INSERT INTO dcr_ipaclookup (prod_code, pay_code, pay_sub_code, pay_sub_cur, pay_sub_desc, product_type_id, dcr_ipac_mapping_id) VALUES ('MF2', 'CHK', 'L/C', 'PHP', 'LOCAL CHECK', 2, 9)
INSERT INTO dcr_ipaclookup (prod_code, pay_code, pay_sub_code, pay_sub_cur, pay_sub_desc, product_type_id, dcr_ipac_mapping_id) VALUES ('MF2', 'CHK', 'O/C', 'PHP', 'OUT-OF-TOWN CHECK', 2, 12)
INSERT INTO dcr_ipaclookup (prod_code, pay_code, pay_sub_code, pay_sub_cur, pay_sub_desc, product_type_id, dcr_ipac_mapping_id) VALUES ('MF2', 'CHK', 'OUC', 'PHP', 'ON US CHECK', 2, 11)
INSERT INTO dcr_ipaclookup (prod_code, pay_code, pay_sub_code, pay_sub_cur, pay_sub_desc, product_type_id, dcr_ipac_mapping_id) VALUES ('MF2', 'CHK', 'PBL', 'PHP', 'BDO - DEPO SLIP CHQ - LOCAL', 2, 4)
INSERT INTO dcr_ipaclookup (prod_code, pay_code, pay_sub_code, pay_sub_cur, pay_sub_desc, product_type_id, dcr_ipac_mapping_id) VALUES ('MF2', 'CHK', 'PBO', 'PHP', 'BDO - DEPO SLIP CHQ -OUT OF TOWN', 2, 8)
INSERT INTO dcr_ipaclookup (prod_code, pay_code, pay_sub_code, pay_sub_cur, pay_sub_desc, product_type_id, dcr_ipac_mapping_id) VALUES ('MF2', 'CHK', 'PBR', 'PHP', 'BDO - DEPO SLIP CHQ - REGIONAL', 2, 5)
INSERT INTO dcr_ipaclookup (prod_code, pay_code, pay_sub_code, pay_sub_cur, pay_sub_desc, product_type_id, dcr_ipac_mapping_id) VALUES ('MF2', 'CHK', 'PBS', 'PHP', 'BDO - DEPO SLIP CHQ - ON US', 2, 7)
INSERT INTO dcr_ipaclookup (prod_code, pay_code, pay_sub_code, pay_sub_cur, pay_sub_desc, product_type_id, dcr_ipac_mapping_id) VALUES ('MF2', 'CHK', 'PCL', 'PHP', 'CITI - DEPO SLIP CHQ - LOCAL', 2, 4)
INSERT INTO dcr_ipaclookup (prod_code, pay_code, pay_sub_code, pay_sub_cur, pay_sub_desc, product_type_id, dcr_ipac_mapping_id) VALUES ('MF2', 'CHK', 'PCO', 'PHP', 'CITI - DEPO SLIP CHQ -OUT OF TOWN', 2, 8)
INSERT INTO dcr_ipaclookup (prod_code, pay_code, pay_sub_code, pay_sub_cur, pay_sub_desc, product_type_id, dcr_ipac_mapping_id) VALUES ('MF2', 'CHK', 'PCR', 'PHP', 'CITI - DEPO SLIP CHQ - REGIONAL', 2, 5)
INSERT INTO dcr_ipaclookup (prod_code, pay_code, pay_sub_code, pay_sub_cur, pay_sub_desc, product_type_id, dcr_ipac_mapping_id) VALUES ('MF2', 'CHK', 'PCS', 'PHP', 'CITI - DEPO SLIP CHQ - ON US', 2, 7)
INSERT INTO dcr_ipaclookup (prod_code, pay_code, pay_sub_code, pay_sub_cur, pay_sub_desc, product_type_id, dcr_ipac_mapping_id) VALUES ('MF2', 'CHK', 'PEL', 'PHP', 'EPCI - DEPO SLIP CHQ - LOCAL', 2, 4)
INSERT INTO dcr_ipaclookup (prod_code, pay_code, pay_sub_code, pay_sub_cur, pay_sub_desc, product_type_id, dcr_ipac_mapping_id) VALUES ('MF2', 'CHK', 'PEO', 'PHP', 'EPCI - DEPO SLIP CHQ -OUT OF TOWN', 2, 8)
INSERT INTO dcr_ipaclookup (prod_code, pay_code, pay_sub_code, pay_sub_cur, pay_sub_desc, product_type_id, dcr_ipac_mapping_id) VALUES ('MF2', 'CHK', 'PER', 'PHP', 'EPCI - DEPO SLIP CHQ - REGIONAL', 2, 5)
INSERT INTO dcr_ipaclookup (prod_code, pay_code, pay_sub_code, pay_sub_cur, pay_sub_desc, product_type_id, dcr_ipac_mapping_id) VALUES ('MF2', 'CHK', 'PES', 'PHP', 'EPCI - DEPO SLIP CHQ - ON US', 2, 7)
INSERT INTO dcr_ipaclookup (prod_code, pay_code, pay_sub_code, pay_sub_cur, pay_sub_desc, product_type_id, dcr_ipac_mapping_id) VALUES ('MF2', 'CHK', 'PHL', 'PHP', 'HSBC - DEPO SLIP CHQ - LOCAL', 2, 4)
INSERT INTO dcr_ipaclookup (prod_code, pay_code, pay_sub_code, pay_sub_cur, pay_sub_desc, product_type_id, dcr_ipac_mapping_id) VALUES ('MF2', 'CHK', 'PHO', 'PHP', 'HSBC - DEPO SLIP CHQ -OUT OF TOWN', 2, 8)
INSERT INTO dcr_ipaclookup (prod_code, pay_code, pay_sub_code, pay_sub_cur, pay_sub_desc, product_type_id, dcr_ipac_mapping_id) VALUES ('MF2', 'CHK', 'PHR', 'PHP', 'HSBC - DEPO SLIP CHQ - REGIONAL', 2, 5)
INSERT INTO dcr_ipaclookup (prod_code, pay_code, pay_sub_code, pay_sub_cur, pay_sub_desc, product_type_id, dcr_ipac_mapping_id) VALUES ('MF2', 'CHK', 'PHS', 'PHP', 'HSBC - DEPO SLIP CHQ - ON US', 2, 7)
INSERT INTO dcr_ipaclookup (prod_code, pay_code, pay_sub_code, pay_sub_cur, pay_sub_desc, product_type_id, dcr_ipac_mapping_id) VALUES ('MF2', 'CHK', 'PLL', 'PHP', 'LBP - DEPO SLIP CHQ - LOCAL', 2, 4)
INSERT INTO dcr_ipaclookup (prod_code, pay_code, pay_sub_code, pay_sub_cur, pay_sub_desc, product_type_id, dcr_ipac_mapping_id) VALUES ('MF2', 'CHK', 'PLO', 'PHP', 'LBP - DEPO SLIP CHQ -OUT OF TOWN', 2, 8)
INSERT INTO dcr_ipaclookup (prod_code, pay_code, pay_sub_code, pay_sub_cur, pay_sub_desc, product_type_id, dcr_ipac_mapping_id) VALUES ('MF2', 'CHK', 'PLR', 'PHP', 'LBP - DEPO SLIP CHQ - REGIONAL', 2, 5)
INSERT INTO dcr_ipaclookup (prod_code, pay_code, pay_sub_code, pay_sub_cur, pay_sub_desc, product_type_id, dcr_ipac_mapping_id) VALUES ('MF2', 'CHK', 'PLS', 'PHP', 'LBP - DEPO SLIP CHQ - ON US', 2, 7)
INSERT INTO dcr_ipaclookup (prod_code, pay_code, pay_sub_code, pay_sub_cur, pay_sub_desc, product_type_id, dcr_ipac_mapping_id) VALUES ('MF2', 'CHK', 'PML', 'PHP', 'MYB - DEPO SLIP CHQ - LOCAL', 2, 4)
INSERT INTO dcr_ipaclookup (prod_code, pay_code, pay_sub_code, pay_sub_cur, pay_sub_desc, product_type_id, dcr_ipac_mapping_id) VALUES ('MF2', 'CHK', 'PMO', 'PHP', 'MYB - DEPO SLIP CHQ -OUT OF TOWN', 2, 8)
INSERT INTO dcr_ipaclookup (prod_code, pay_code, pay_sub_code, pay_sub_cur, pay_sub_desc, product_type_id, dcr_ipac_mapping_id) VALUES ('MF2', 'CHK', 'PMR', 'PHP', 'MYB - DEPO SLIP CHQ - REGIONAL', 2, 5)
INSERT INTO dcr_ipaclookup (prod_code, pay_code, pay_sub_code, pay_sub_cur, pay_sub_desc, product_type_id, dcr_ipac_mapping_id) VALUES ('MF2', 'CHK', 'PMS', 'PHP', 'MYB - DEPO SLIP CHQ - ON US', 2, 7)
INSERT INTO dcr_ipaclookup (prod_code, pay_code, pay_sub_code, pay_sub_cur, pay_sub_desc, product_type_id, dcr_ipac_mapping_id) VALUES ('MF2', 'CHK', 'PNL', 'PHP', 'PNB - DEPO SLIP CHQ - LOCAL', 2, 4)
INSERT INTO dcr_ipaclookup (prod_code, pay_code, pay_sub_code, pay_sub_cur, pay_sub_desc, product_type_id, dcr_ipac_mapping_id) VALUES ('MF2', 'CHK', 'PNO', 'PHP', 'PNB - DEPO SLIP CHQ -OUT OF TOWN', 2, 8)
INSERT INTO dcr_ipaclookup (prod_code, pay_code, pay_sub_code, pay_sub_cur, pay_sub_desc, product_type_id, dcr_ipac_mapping_id) VALUES ('MF2', 'CHK', 'PNR', 'PHP', 'PNB - DEPO SLIP CHQ - REGIONAL', 2, 5)
INSERT INTO dcr_ipaclookup (prod_code, pay_code, pay_sub_code, pay_sub_cur, pay_sub_desc, product_type_id, dcr_ipac_mapping_id) VALUES ('MF2', 'CHK', 'PNS', 'PHP', 'PNB - DEPO SLIP CHQ - ON US', 2, 7)
INSERT INTO dcr_ipaclookup (prod_code, pay_code, pay_sub_code, pay_sub_cur, pay_sub_desc, product_type_id, dcr_ipac_mapping_id) VALUES ('MF2', 'CHK', 'PPL', 'PHP', 'BPI - DEPO SLIP CHQ - LOCAL', 2, 4)
INSERT INTO dcr_ipaclookup (prod_code, pay_code, pay_sub_code, pay_sub_cur, pay_sub_desc, product_type_id, dcr_ipac_mapping_id) VALUES ('MF2', 'CHK', 'PPO', 'PHP', 'BPI - DEPO SLIP CHQ -OUT OF TOWN', 2, 8)
INSERT INTO dcr_ipaclookup (prod_code, pay_code, pay_sub_code, pay_sub_cur, pay_sub_desc, product_type_id, dcr_ipac_mapping_id) VALUES ('MF2', 'CHK', 'PPR', 'PHP', 'BPI - DEPO SLIP CHQ - REGIONAL', 2, 5)
INSERT INTO dcr_ipaclookup (prod_code, pay_code, pay_sub_code, pay_sub_cur, pay_sub_desc, product_type_id, dcr_ipac_mapping_id) VALUES ('MF2', 'CHK', 'PPS', 'PHP', 'BPI - DEPO SLIP CHQ - ON US', 2, 7)
INSERT INTO dcr_ipaclookup (prod_code, pay_code, pay_sub_code, pay_sub_cur, pay_sub_desc, product_type_id, dcr_ipac_mapping_id) VALUES ('MF2', 'CHK', 'PRL', 'PHP', 'RCBC - DEPO SLIP CHQ - LOCAL', 2, 4)
INSERT INTO dcr_ipaclookup (prod_code, pay_code, pay_sub_code, pay_sub_cur, pay_sub_desc, product_type_id, dcr_ipac_mapping_id) VALUES ('MF2', 'CHK', 'PRO', 'PHP', 'RCBC - DEPO SLIP CHQ -OUT OF TOWN', 2, 8)
INSERT INTO dcr_ipaclookup (prod_code, pay_code, pay_sub_code, pay_sub_cur, pay_sub_desc, product_type_id, dcr_ipac_mapping_id) VALUES ('MF2', 'CHK', 'PRR', 'PHP', 'RCBC - DEPO SLIP CHQ - REGIONAL', 2, 5)
INSERT INTO dcr_ipaclookup (prod_code, pay_code, pay_sub_code, pay_sub_cur, pay_sub_desc, product_type_id, dcr_ipac_mapping_id) VALUES ('MF2', 'CHK', 'PRS', 'PHP', 'RCBC - DEPO SLIP CHQ - ON US', 2, 7)
INSERT INTO dcr_ipaclookup (prod_code, pay_code, pay_sub_code, pay_sub_cur, pay_sub_desc, product_type_id, dcr_ipac_mapping_id) VALUES ('MF2', 'CHK', 'PSL', 'PHP', 'SBTC - DEPO SLIP CHQ - LOCAL', 2, 4)
INSERT INTO dcr_ipaclookup (prod_code, pay_code, pay_sub_code, pay_sub_cur, pay_sub_desc, product_type_id, dcr_ipac_mapping_id) VALUES ('MF2', 'CHK', 'PSO', 'PHP', 'SBTC - DEPO SLIP CHQ -OUT OF TOWN', 2, 8)
INSERT INTO dcr_ipaclookup (prod_code, pay_code, pay_sub_code, pay_sub_cur, pay_sub_desc, product_type_id, dcr_ipac_mapping_id) VALUES ('MF2', 'CHK', 'PSR', 'PHP', 'SBTC - DEPO SLIP CHQ - REGIONAL', 2, 5)
INSERT INTO dcr_ipaclookup (prod_code, pay_code, pay_sub_code, pay_sub_cur, pay_sub_desc, product_type_id, dcr_ipac_mapping_id) VALUES ('MF2', 'CHK', 'PSS', 'PHP', 'SBTC - DEPO SLIP CHQ - ON US', 2, 7)
INSERT INTO dcr_ipaclookup (prod_code, pay_code, pay_sub_code, pay_sub_cur, pay_sub_desc, product_type_id, dcr_ipac_mapping_id) VALUES ('MF2', 'CHK', 'PTL', 'PHP', 'MBTC - DEPO SLIP CHQ - LOCAL', 2, 4)
INSERT INTO dcr_ipaclookup (prod_code, pay_code, pay_sub_code, pay_sub_cur, pay_sub_desc, product_type_id, dcr_ipac_mapping_id) VALUES ('MF2', 'CHK', 'PTO', 'PHP', 'MBTC - DEPO SLIP CHQ -OUT OF TOWN', 2, 8)
INSERT INTO dcr_ipaclookup (prod_code, pay_code, pay_sub_code, pay_sub_cur, pay_sub_desc, product_type_id, dcr_ipac_mapping_id) VALUES ('MF2', 'CHK', 'PTR', 'PHP', 'MBTC - DEPO SLIP CHQ - REGIONAL', 2, 5)
INSERT INTO dcr_ipaclookup (prod_code, pay_code, pay_sub_code, pay_sub_cur, pay_sub_desc, product_type_id, dcr_ipac_mapping_id) VALUES ('MF2', 'CHK', 'PTS', 'PHP', 'MBTC - DEPO SLIP CHQ - ON US', 2, 7)
INSERT INTO dcr_ipaclookup (prod_code, pay_code, pay_sub_code, pay_sub_cur, pay_sub_desc, product_type_id, dcr_ipac_mapping_id) VALUES ('MF2', 'CHK', 'PUL', 'PHP', 'UCPB - DEPO SLIP CHQ - LOCAL', 2, 4)
INSERT INTO dcr_ipaclookup (prod_code, pay_code, pay_sub_code, pay_sub_cur, pay_sub_desc, product_type_id, dcr_ipac_mapping_id) VALUES ('MF2', 'CHK', 'PUO', 'PHP', 'UCPB - DEPO SLIP CHQ -OUT OF TOWN', 2, 8)
INSERT INTO dcr_ipaclookup (prod_code, pay_code, pay_sub_code, pay_sub_cur, pay_sub_desc, product_type_id, dcr_ipac_mapping_id) VALUES ('MF2', 'CHK', 'PUR', 'PHP', 'UCPB - DEPO SLIP CHQ - REGIONAL', 2, 5)
INSERT INTO dcr_ipaclookup (prod_code, pay_code, pay_sub_code, pay_sub_cur, pay_sub_desc, product_type_id, dcr_ipac_mapping_id) VALUES ('MF2', 'CHK', 'PUS', 'PHP', 'UCPB - DEPO SLIP CHQ - ON US', 2, 7)
INSERT INTO dcr_ipaclookup (prod_code, pay_code, pay_sub_code, pay_sub_cur, pay_sub_desc, product_type_id, dcr_ipac_mapping_id) VALUES ('MF2', 'CHK', 'R/C', 'PHP', 'REGIONAL CHECK', 2, 10)
INSERT INTO dcr_ipaclookup (prod_code, pay_code, pay_sub_code, pay_sub_cur, pay_sub_desc, product_type_id, dcr_ipac_mapping_id) VALUES ('MF2', 'CHK', 'SCL', 'PHP', 'SCB - DEPO SLIP CHQ - LOCAL', 2, 4)
INSERT INTO dcr_ipaclookup (prod_code, pay_code, pay_sub_code, pay_sub_cur, pay_sub_desc, product_type_id, dcr_ipac_mapping_id) VALUES ('MF2', 'CHK', 'SCO', 'PHP', 'SCB - DEPO SLIP CHQ -OUT OF TOWN', 2, 8)
INSERT INTO dcr_ipaclookup (prod_code, pay_code, pay_sub_code, pay_sub_cur, pay_sub_desc, product_type_id, dcr_ipac_mapping_id) VALUES ('MF2', 'CHK', 'SCR', 'PHP', 'SCB - DEPO SLIP CHQ - REGIONAL', 2, 5)
INSERT INTO dcr_ipaclookup (prod_code, pay_code, pay_sub_code, pay_sub_cur, pay_sub_desc, product_type_id, dcr_ipac_mapping_id) VALUES ('MF2', 'CHK', 'SCS', 'PHP', 'SCB - DEPO SLIP CHQ - ON US', 2, 7)
INSERT INTO dcr_ipaclookup (prod_code, pay_code, pay_sub_code, pay_sub_cur, pay_sub_desc, product_type_id, dcr_ipac_mapping_id) VALUES ('MF3', 'CSH', 'C/M', 'PHP', 'CREDIT MEMO', 3, 23)
INSERT INTO dcr_ipaclookup (prod_code, pay_code, pay_sub_code, pay_sub_cur, pay_sub_desc, product_type_id, dcr_ipac_mapping_id) VALUES ('MF3', 'CSH', 'CPH', 'PHP', 'PESO CASH', 3, 3)
INSERT INTO dcr_ipaclookup (prod_code, pay_code, pay_sub_code, pay_sub_cur, pay_sub_desc, product_type_id, dcr_ipac_mapping_id) VALUES ('MF3', 'CSH', 'MBT', 'PHP', 'MBTC - DEPO SLIP CASH', 3, 1)
INSERT INTO dcr_ipaclookup (prod_code, pay_code, pay_sub_code, pay_sub_cur, pay_sub_desc, product_type_id, dcr_ipac_mapping_id) VALUES ('MF3', 'CSH', 'MCB', 'PHP', 'BDO - DEPO SLIP CASH', 3, 1)
INSERT INTO dcr_ipaclookup (prod_code, pay_code, pay_sub_code, pay_sub_cur, pay_sub_desc, product_type_id, dcr_ipac_mapping_id) VALUES ('MF3', 'CSH', 'MCC', 'PHP', 'CITI - DEPO SLIP CASH', 3, 1)
INSERT INTO dcr_ipaclookup (prod_code, pay_code, pay_sub_code, pay_sub_cur, pay_sub_desc, product_type_id, dcr_ipac_mapping_id) VALUES ('MF3', 'CSH', 'MCE', 'PHP', 'EPCI - DEPO SLIP CASH', 3, 1)
INSERT INTO dcr_ipaclookup (prod_code, pay_code, pay_sub_code, pay_sub_cur, pay_sub_desc, product_type_id, dcr_ipac_mapping_id) VALUES ('MF3', 'CSH', 'MCH', 'PHP', 'HSBC - DEPO SLIP CASH', 3, 1)
INSERT INTO dcr_ipaclookup (prod_code, pay_code, pay_sub_code, pay_sub_cur, pay_sub_desc, product_type_id, dcr_ipac_mapping_id) VALUES ('MF3', 'CSH', 'MCL', 'PHP', 'LBP - DEPO SLIP CASH', 3, 1)
INSERT INTO dcr_ipaclookup (prod_code, pay_code, pay_sub_code, pay_sub_cur, pay_sub_desc, product_type_id, dcr_ipac_mapping_id) VALUES ('MF3', 'CSH', 'MCM', 'PHP', 'MYB - DEPO SLIP CASH', 3, 1)
INSERT INTO dcr_ipaclookup (prod_code, pay_code, pay_sub_code, pay_sub_cur, pay_sub_desc, product_type_id, dcr_ipac_mapping_id) VALUES ('MF3', 'CSH', 'MCN', 'PHP', 'UCPB - DEPO SLIP CASH', 3, 1)
INSERT INTO dcr_ipaclookup (prod_code, pay_code, pay_sub_code, pay_sub_cur, pay_sub_desc, product_type_id, dcr_ipac_mapping_id) VALUES ('MF3', 'CSH', 'MCP', 'PHP', 'PNB - DEPO SLIP CASH', 3, 1)
INSERT INTO dcr_ipaclookup (prod_code, pay_code, pay_sub_code, pay_sub_cur, pay_sub_desc, product_type_id, dcr_ipac_mapping_id) VALUES ('MF3', 'CSH', 'MCR', 'PHP', 'Chinabank - DEPO CASH', 3, 1)
INSERT INTO dcr_ipaclookup (prod_code, pay_code, pay_sub_code, pay_sub_cur, pay_sub_desc, product_type_id, dcr_ipac_mapping_id) VALUES ('MF3', 'CSH', 'MCS', 'PHP', 'SBTC - DEPO SLIP CASH', 3, 1)
INSERT INTO dcr_ipaclookup (prod_code, pay_code, pay_sub_code, pay_sub_cur, pay_sub_desc, product_type_id, dcr_ipac_mapping_id) VALUES ('MF3', 'CSH', 'MCT', 'PHP', 'BPI - DEPO SLIP CASH', 3, 1)
INSERT INTO dcr_ipaclookup (prod_code, pay_code, pay_sub_code, pay_sub_cur, pay_sub_desc, product_type_id, dcr_ipac_mapping_id) VALUES ('MF3', 'CSH', 'MCU', 'PHP', 'SCB - DEPO SLIP CASH', 3, 1)
INSERT INTO dcr_ipaclookup (prod_code, pay_code, pay_sub_code, pay_sub_cur, pay_sub_desc, product_type_id, dcr_ipac_mapping_id) VALUES ('MF3', 'CSH', 'MSB', 'PHP', 'RCBC - DEPO SLIP CASH', 3, 1)
INSERT INTO dcr_ipaclookup (prod_code, pay_code, pay_sub_code, pay_sub_cur, pay_sub_desc, product_type_id, dcr_ipac_mapping_id) VALUES ('MF3', 'CSH', 'MTB', 'PHP', 'Chinatrust - DEPO SLIP CASH', 3, 1)
INSERT INTO dcr_ipaclookup (prod_code, pay_code, pay_sub_code, pay_sub_cur, pay_sub_desc, product_type_id, dcr_ipac_mapping_id) VALUES ('MF3', 'CHK', 'CHL', 'PHP', 'Chinabank - DEPO SLIP CHQ - LOCAL', 3, 4)
INSERT INTO dcr_ipaclookup (prod_code, pay_code, pay_sub_code, pay_sub_cur, pay_sub_desc, product_type_id, dcr_ipac_mapping_id) VALUES ('MF3', 'CHK', 'CHO', 'PHP', 'Chinabank - DEPO SLIP CHQ -OUT OF TOWN', 3, 8)
INSERT INTO dcr_ipaclookup (prod_code, pay_code, pay_sub_code, pay_sub_cur, pay_sub_desc, product_type_id, dcr_ipac_mapping_id) VALUES ('MF3', 'CHK', 'CHR', 'PHP', 'Chinabank - DEPO SLIP CHQ - REGIONAL', 3, 5)
INSERT INTO dcr_ipaclookup (prod_code, pay_code, pay_sub_code, pay_sub_cur, pay_sub_desc, product_type_id, dcr_ipac_mapping_id) VALUES ('MF3', 'CHK', 'CHS', 'PHP', 'Chinabank - DEPO SLIP CHQ - ON US', 3, 7)
INSERT INTO dcr_ipaclookup (prod_code, pay_code, pay_sub_code, pay_sub_cur, pay_sub_desc, product_type_id, dcr_ipac_mapping_id) VALUES ('MF3', 'CHK', 'CTL', 'PHP', 'Chinatrust -  DEPO SLIP CHQ - LOCAL', 3, 4)
INSERT INTO dcr_ipaclookup (prod_code, pay_code, pay_sub_code, pay_sub_cur, pay_sub_desc, product_type_id, dcr_ipac_mapping_id) VALUES ('MF3', 'CHK', 'CTO', 'PHP', 'Chinatrust - DEPO SLIP CHQ -OUT OF TOWN', 3, 8)
INSERT INTO dcr_ipaclookup (prod_code, pay_code, pay_sub_code, pay_sub_cur, pay_sub_desc, product_type_id, dcr_ipac_mapping_id) VALUES ('MF3', 'CHK', 'CTR', 'PHP', 'Chinatrust - DEPO SLIP CHQ - REGIONAL', 3, 5)
INSERT INTO dcr_ipaclookup (prod_code, pay_code, pay_sub_code, pay_sub_cur, pay_sub_desc, product_type_id, dcr_ipac_mapping_id) VALUES ('MF3', 'CHK', 'CTS', 'PHP', 'Chinatrust - DEPO SLIP CHQ - ON US', 3, 7)
INSERT INTO dcr_ipaclookup (prod_code, pay_code, pay_sub_code, pay_sub_cur, pay_sub_desc, product_type_id, dcr_ipac_mapping_id) VALUES ('MF3', 'CHK', 'L/C', 'PHP', 'LOCAL CHECK', 3, 9)
INSERT INTO dcr_ipaclookup (prod_code, pay_code, pay_sub_code, pay_sub_cur, pay_sub_desc, product_type_id, dcr_ipac_mapping_id) VALUES ('MF3', 'CHK', 'O/C', 'PHP', 'OUT-OF-TOWN CHECK', 3, 12)
INSERT INTO dcr_ipaclookup (prod_code, pay_code, pay_sub_code, pay_sub_cur, pay_sub_desc, product_type_id, dcr_ipac_mapping_id) VALUES ('MF3', 'CHK', 'OUC', 'PHP', 'ON US CHECK', 3, 11)
INSERT INTO dcr_ipaclookup (prod_code, pay_code, pay_sub_code, pay_sub_cur, pay_sub_desc, product_type_id, dcr_ipac_mapping_id) VALUES ('MF3', 'CHK', 'PBL', 'PHP', 'BDO - DEPO SLIP CHQ - LOCAL', 3, 4)
INSERT INTO dcr_ipaclookup (prod_code, pay_code, pay_sub_code, pay_sub_cur, pay_sub_desc, product_type_id, dcr_ipac_mapping_id) VALUES ('MF3', 'CHK', 'PBO', 'PHP', 'BDO - DEPO SLIP CHQ -OUT OF TOWN', 3, 8)
INSERT INTO dcr_ipaclookup (prod_code, pay_code, pay_sub_code, pay_sub_cur, pay_sub_desc, product_type_id, dcr_ipac_mapping_id) VALUES ('MF3', 'CHK', 'PBR', 'PHP', 'BDO - DEPO SLIP CHQ - REGIONAL', 3, 5)
INSERT INTO dcr_ipaclookup (prod_code, pay_code, pay_sub_code, pay_sub_cur, pay_sub_desc, product_type_id, dcr_ipac_mapping_id) VALUES ('MF3', 'CHK', 'PBS', 'PHP', 'BDO - DEPO SLIP CHQ - ON US', 3, 7)
INSERT INTO dcr_ipaclookup (prod_code, pay_code, pay_sub_code, pay_sub_cur, pay_sub_desc, product_type_id, dcr_ipac_mapping_id) VALUES ('MF3', 'CHK', 'PCL', 'PHP', 'CITI - DEPO SLIP CHQ - LOCAL', 3, 4)
INSERT INTO dcr_ipaclookup (prod_code, pay_code, pay_sub_code, pay_sub_cur, pay_sub_desc, product_type_id, dcr_ipac_mapping_id) VALUES ('MF3', 'CHK', 'PCO', 'PHP', 'CITI - DEPO SLIP CHQ -OUT OF TOWN', 3, 8)
INSERT INTO dcr_ipaclookup (prod_code, pay_code, pay_sub_code, pay_sub_cur, pay_sub_desc, product_type_id, dcr_ipac_mapping_id) VALUES ('MF3', 'CHK', 'PCR', 'PHP', 'CITI - DEPO SLIP CHQ - REGIONAL', 3, 5)
INSERT INTO dcr_ipaclookup (prod_code, pay_code, pay_sub_code, pay_sub_cur, pay_sub_desc, product_type_id, dcr_ipac_mapping_id) VALUES ('MF3', 'CHK', 'PCS', 'PHP', 'CITI - DEPO SLIP CHQ - ON US', 3, 7)
INSERT INTO dcr_ipaclookup (prod_code, pay_code, pay_sub_code, pay_sub_cur, pay_sub_desc, product_type_id, dcr_ipac_mapping_id) VALUES ('MF3', 'CHK', 'PEL', 'PHP', 'EPCI - DEPO SLIP CHQ - LOCAL', 3, 4)
INSERT INTO dcr_ipaclookup (prod_code, pay_code, pay_sub_code, pay_sub_cur, pay_sub_desc, product_type_id, dcr_ipac_mapping_id) VALUES ('MF3', 'CHK', 'PEO', 'PHP', 'EPCI - DEPO SLIP CHQ -OUT OF TOWN', 3, 8)
INSERT INTO dcr_ipaclookup (prod_code, pay_code, pay_sub_code, pay_sub_cur, pay_sub_desc, product_type_id, dcr_ipac_mapping_id) VALUES ('MF3', 'CHK', 'PER', 'PHP', 'EPCI - DEPO SLIP CHQ - REGIONAL', 3, 5)
INSERT INTO dcr_ipaclookup (prod_code, pay_code, pay_sub_code, pay_sub_cur, pay_sub_desc, product_type_id, dcr_ipac_mapping_id) VALUES ('MF3', 'CHK', 'PES', 'PHP', 'EPCI - DEPO SLIP CHQ - ON US', 3, 7)
INSERT INTO dcr_ipaclookup (prod_code, pay_code, pay_sub_code, pay_sub_cur, pay_sub_desc, product_type_id, dcr_ipac_mapping_id) VALUES ('MF3', 'CHK', 'PHL', 'PHP', 'HSBC - DEPO SLIP CHQ - LOCAL', 3, 4)
INSERT INTO dcr_ipaclookup (prod_code, pay_code, pay_sub_code, pay_sub_cur, pay_sub_desc, product_type_id, dcr_ipac_mapping_id) VALUES ('MF3', 'CHK', 'PHO', 'PHP', 'HSBC - DEPO SLIP CHQ -OUT OF TOWN', 3, 8)
INSERT INTO dcr_ipaclookup (prod_code, pay_code, pay_sub_code, pay_sub_cur, pay_sub_desc, product_type_id, dcr_ipac_mapping_id) VALUES ('MF3', 'CHK', 'PHR', 'PHP', 'HSBC - DEPO SLIP CHQ - REGIONAL', 3, 5)
INSERT INTO dcr_ipaclookup (prod_code, pay_code, pay_sub_code, pay_sub_cur, pay_sub_desc, product_type_id, dcr_ipac_mapping_id) VALUES ('MF3', 'CHK', 'PHS', 'PHP', 'HSBC - DEPO SLIP CHQ - ON US', 3, 7)
INSERT INTO dcr_ipaclookup (prod_code, pay_code, pay_sub_code, pay_sub_cur, pay_sub_desc, product_type_id, dcr_ipac_mapping_id) VALUES ('MF3', 'CHK', 'PLL', 'PHP', 'LBP - DEPO SLIP CHQ - LOCAL', 3, 4)
INSERT INTO dcr_ipaclookup (prod_code, pay_code, pay_sub_code, pay_sub_cur, pay_sub_desc, product_type_id, dcr_ipac_mapping_id) VALUES ('MF3', 'CHK', 'PLO', 'PHP', 'LBP - DEPO SLIP CHQ -OUT OF TOWN', 3, 8)
INSERT INTO dcr_ipaclookup (prod_code, pay_code, pay_sub_code, pay_sub_cur, pay_sub_desc, product_type_id, dcr_ipac_mapping_id) VALUES ('MF3', 'CHK', 'PLR', 'PHP', 'LBP - DEPO SLIP CHQ - REGIONAL', 3, 5)
INSERT INTO dcr_ipaclookup (prod_code, pay_code, pay_sub_code, pay_sub_cur, pay_sub_desc, product_type_id, dcr_ipac_mapping_id) VALUES ('MF3', 'CHK', 'PLS', 'PHP', 'LBP - DEPO SLIP CHQ - ON US', 3, 7)
INSERT INTO dcr_ipaclookup (prod_code, pay_code, pay_sub_code, pay_sub_cur, pay_sub_desc, product_type_id, dcr_ipac_mapping_id) VALUES ('MF3', 'CHK', 'PML', 'PHP', 'MYB - DEPO SLIP CHQ - LOCAL', 3, 4)
INSERT INTO dcr_ipaclookup (prod_code, pay_code, pay_sub_code, pay_sub_cur, pay_sub_desc, product_type_id, dcr_ipac_mapping_id) VALUES ('MF3', 'CHK', 'PMO', 'PHP', 'MYB - DEPO SLIP CHQ -OUT OF TOWN', 3, 8)
INSERT INTO dcr_ipaclookup (prod_code, pay_code, pay_sub_code, pay_sub_cur, pay_sub_desc, product_type_id, dcr_ipac_mapping_id) VALUES ('MF3', 'CHK', 'PMR', 'PHP', 'MYB - DEPO SLIP CHQ - REGIONAL', 3, 5)
INSERT INTO dcr_ipaclookup (prod_code, pay_code, pay_sub_code, pay_sub_cur, pay_sub_desc, product_type_id, dcr_ipac_mapping_id) VALUES ('MF3', 'CHK', 'PMS', 'PHP', 'MYB - DEPO SLIP CHQ - ON US', 3, 7)
INSERT INTO dcr_ipaclookup (prod_code, pay_code, pay_sub_code, pay_sub_cur, pay_sub_desc, product_type_id, dcr_ipac_mapping_id) VALUES ('MF3', 'CHK', 'PNL', 'PHP', 'PNB - DEPO SLIP CHQ - LOCAL', 3, 4)
INSERT INTO dcr_ipaclookup (prod_code, pay_code, pay_sub_code, pay_sub_cur, pay_sub_desc, product_type_id, dcr_ipac_mapping_id) VALUES ('MF3', 'CHK', 'PNO', 'PHP', 'PNB - DEPO SLIP CHQ -OUT OF TOWN', 3, 8)
INSERT INTO dcr_ipaclookup (prod_code, pay_code, pay_sub_code, pay_sub_cur, pay_sub_desc, product_type_id, dcr_ipac_mapping_id) VALUES ('MF3', 'CHK', 'PNR', 'PHP', 'PNB - DEPO SLIP CHQ - REGIONAL', 3, 5)
INSERT INTO dcr_ipaclookup (prod_code, pay_code, pay_sub_code, pay_sub_cur, pay_sub_desc, product_type_id, dcr_ipac_mapping_id) VALUES ('MF3', 'CHK', 'PNS', 'PHP', 'PNB - DEPO SLIP CHQ - ON US', 3, 7)
INSERT INTO dcr_ipaclookup (prod_code, pay_code, pay_sub_code, pay_sub_cur, pay_sub_desc, product_type_id, dcr_ipac_mapping_id) VALUES ('MF3', 'CHK', 'PPL', 'PHP', 'BPI - DEPO SLIP CHQ - LOCAL', 3, 4)
INSERT INTO dcr_ipaclookup (prod_code, pay_code, pay_sub_code, pay_sub_cur, pay_sub_desc, product_type_id, dcr_ipac_mapping_id) VALUES ('MF3', 'CHK', 'PPO', 'PHP', 'BPI - DEPO SLIP CHQ -OUT OF TOWN', 3, 8)
INSERT INTO dcr_ipaclookup (prod_code, pay_code, pay_sub_code, pay_sub_cur, pay_sub_desc, product_type_id, dcr_ipac_mapping_id) VALUES ('MF3', 'CHK', 'PPR', 'PHP', 'BPI - DEPO SLIP CHQ - REGIONAL', 3, 5)
INSERT INTO dcr_ipaclookup (prod_code, pay_code, pay_sub_code, pay_sub_cur, pay_sub_desc, product_type_id, dcr_ipac_mapping_id) VALUES ('MF3', 'CHK', 'PPS', 'PHP', 'BPI - DEPO SLIP CHQ - ON US', 3, 7)
INSERT INTO dcr_ipaclookup (prod_code, pay_code, pay_sub_code, pay_sub_cur, pay_sub_desc, product_type_id, dcr_ipac_mapping_id) VALUES ('MF3', 'CHK', 'PRL', 'PHP', 'RCBC - DEPO SLIP CHQ - LOCAL', 3, 4)
INSERT INTO dcr_ipaclookup (prod_code, pay_code, pay_sub_code, pay_sub_cur, pay_sub_desc, product_type_id, dcr_ipac_mapping_id) VALUES ('MF3', 'CHK', 'PRO', 'PHP', 'RCBC - DEPO SLIP CHQ -OUT OF TOWN', 3, 8)
INSERT INTO dcr_ipaclookup (prod_code, pay_code, pay_sub_code, pay_sub_cur, pay_sub_desc, product_type_id, dcr_ipac_mapping_id) VALUES ('MF3', 'CHK', 'PRR', 'PHP', 'RCBC - DEPO SLIP CHQ - REGIONAL', 3, 5)
INSERT INTO dcr_ipaclookup (prod_code, pay_code, pay_sub_code, pay_sub_cur, pay_sub_desc, product_type_id, dcr_ipac_mapping_id) VALUES ('MF3', 'CHK', 'PRS', 'PHP', 'RCBC - DEPO SLIP CHQ - ON US', 3, 7)
INSERT INTO dcr_ipaclookup (prod_code, pay_code, pay_sub_code, pay_sub_cur, pay_sub_desc, product_type_id, dcr_ipac_mapping_id) VALUES ('MF3', 'CHK', 'PSL', 'PHP', 'SBTC - DEPO SLIP CHQ - LOCAL', 3, 4)
INSERT INTO dcr_ipaclookup (prod_code, pay_code, pay_sub_code, pay_sub_cur, pay_sub_desc, product_type_id, dcr_ipac_mapping_id) VALUES ('MF3', 'CHK', 'PSO', 'PHP', 'SBTC - DEPO SLIP CHQ -OUT OF TOWN', 3, 8)
INSERT INTO dcr_ipaclookup (prod_code, pay_code, pay_sub_code, pay_sub_cur, pay_sub_desc, product_type_id, dcr_ipac_mapping_id) VALUES ('MF3', 'CHK', 'PSR', 'PHP', 'SBTC - DEPO SLIP CHQ - REGIONAL', 3, 5)
INSERT INTO dcr_ipaclookup (prod_code, pay_code, pay_sub_code, pay_sub_cur, pay_sub_desc, product_type_id, dcr_ipac_mapping_id) VALUES ('MF3', 'CHK', 'PSS', 'PHP', 'SBTC - DEPO SLIP CHQ - ON US', 3, 7)
INSERT INTO dcr_ipaclookup (prod_code, pay_code, pay_sub_code, pay_sub_cur, pay_sub_desc, product_type_id, dcr_ipac_mapping_id) VALUES ('MF3', 'CHK', 'PTL', 'PHP', 'MBTC - DEPO SLIP CHQ - LOCAL', 3, 4)
INSERT INTO dcr_ipaclookup (prod_code, pay_code, pay_sub_code, pay_sub_cur, pay_sub_desc, product_type_id, dcr_ipac_mapping_id) VALUES ('MF3', 'CHK', 'PTO', 'PHP', 'MBTC - DEPO SLIP CHQ -OUT OF TOWN', 3, 8)
INSERT INTO dcr_ipaclookup (prod_code, pay_code, pay_sub_code, pay_sub_cur, pay_sub_desc, product_type_id, dcr_ipac_mapping_id) VALUES ('MF3', 'CHK', 'PTR', 'PHP', 'MBTC - DEPO SLIP CHQ - REGIONAL', 3, 5)
INSERT INTO dcr_ipaclookup (prod_code, pay_code, pay_sub_code, pay_sub_cur, pay_sub_desc, product_type_id, dcr_ipac_mapping_id) VALUES ('MF3', 'CHK', 'PTS', 'PHP', 'MBTC - DEPO SLIP CHQ - ON US', 3, 7)
INSERT INTO dcr_ipaclookup (prod_code, pay_code, pay_sub_code, pay_sub_cur, pay_sub_desc, product_type_id, dcr_ipac_mapping_id) VALUES ('MF3', 'CHK', 'PUL', 'PHP', 'UCPB - DEPO SLIP CHQ - LOCAL', 3, 4)
INSERT INTO dcr_ipaclookup (prod_code, pay_code, pay_sub_code, pay_sub_cur, pay_sub_desc, product_type_id, dcr_ipac_mapping_id) VALUES ('MF3', 'CHK', 'PUO', 'PHP', 'UCPB - DEPO SLIP CHQ -OUT OF TOWN', 3, 8)
INSERT INTO dcr_ipaclookup (prod_code, pay_code, pay_sub_code, pay_sub_cur, pay_sub_desc, product_type_id, dcr_ipac_mapping_id) VALUES ('MF3', 'CHK', 'PUR', 'PHP', 'UCPB - DEPO SLIP CHQ - REGIONAL', 3, 5)
INSERT INTO dcr_ipaclookup (prod_code, pay_code, pay_sub_code, pay_sub_cur, pay_sub_desc, product_type_id, dcr_ipac_mapping_id) VALUES ('MF3', 'CHK', 'PUS', 'PHP', 'UCPB - DEPO SLIP CHQ - ON US', 3, 7)
INSERT INTO dcr_ipaclookup (prod_code, pay_code, pay_sub_code, pay_sub_cur, pay_sub_desc, product_type_id, dcr_ipac_mapping_id) VALUES ('MF3', 'CHK', 'R/C', 'PHP', 'REGIONAL CHECK', 3, 10)
INSERT INTO dcr_ipaclookup (prod_code, pay_code, pay_sub_code, pay_sub_cur, pay_sub_desc, product_type_id, dcr_ipac_mapping_id) VALUES ('MF3', 'CHK', 'SCL', 'PHP', 'SCB - DEPO SLIP CHQ - LOCAL', 3, 4)
INSERT INTO dcr_ipaclookup (prod_code, pay_code, pay_sub_code, pay_sub_cur, pay_sub_desc, product_type_id, dcr_ipac_mapping_id) VALUES ('MF3', 'CHK', 'SCO', 'PHP', 'SCB - DEPO SLIP CHQ -OUT OF TOWN', 3, 8)
INSERT INTO dcr_ipaclookup (prod_code, pay_code, pay_sub_code, pay_sub_cur, pay_sub_desc, product_type_id, dcr_ipac_mapping_id) VALUES ('MF3', 'CHK', 'SCR', 'PHP', 'SCB - DEPO SLIP CHQ - REGIONAL', 3, 5)
INSERT INTO dcr_ipaclookup (prod_code, pay_code, pay_sub_code, pay_sub_cur, pay_sub_desc, product_type_id, dcr_ipac_mapping_id) VALUES ('MF3', 'CHK', 'SCS', 'PHP', 'SCB - DEPO SLIP CHQ - ON US', 3, 7)
INSERT INTO dcr_ipaclookup (prod_code, pay_code, pay_sub_code, pay_sub_cur, pay_sub_desc, product_type_id, dcr_ipac_mapping_id) VALUES ('MF4', 'CHK', 'DBO', 'USD', 'BDO - DEPO SLIP CHEQUE', 4, 5)
INSERT INTO dcr_ipaclookup (prod_code, pay_code, pay_sub_code, pay_sub_cur, pay_sub_desc, product_type_id, dcr_ipac_mapping_id) VALUES ('MF4', 'CHK', 'DBW', 'USD', 'BPI - DEPO SLIP CHEQUE - WITHIN NEW YORK', 4, 5)
INSERT INTO dcr_ipaclookup (prod_code, pay_code, pay_sub_code, pay_sub_cur, pay_sub_desc, product_type_id, dcr_ipac_mapping_id) VALUES ('MF4', 'CHK', 'DBY', 'USD', 'BPI - DEPO SLIP CHEQUE - OUTSIDE NEW YORK', 4, 5)
INSERT INTO dcr_ipaclookup (prod_code, pay_code, pay_sub_code, pay_sub_cur, pay_sub_desc, product_type_id, dcr_ipac_mapping_id) VALUES ('MF4', 'CHK', 'DCK', 'USD', 'DOLLAR CHEQUE', 4, 10)
INSERT INTO dcr_ipaclookup (prod_code, pay_code, pay_sub_code, pay_sub_cur, pay_sub_desc, product_type_id, dcr_ipac_mapping_id) VALUES ('MF4', 'CHK', 'DCT', 'USD', 'Chinatrust - DEPO SLIP CHEQUE', 4, 5)
INSERT INTO dcr_ipaclookup (prod_code, pay_code, pay_sub_code, pay_sub_cur, pay_sub_desc, product_type_id, dcr_ipac_mapping_id) VALUES ('MF4', 'CHK', 'DCU', 'USD', 'CITI - DEPO SLIP CHEQUE - WITHIN USA', 4, 5)
INSERT INTO dcr_ipaclookup (prod_code, pay_code, pay_sub_code, pay_sub_cur, pay_sub_desc, product_type_id, dcr_ipac_mapping_id) VALUES ('MF4', 'CHK', 'DDD', 'USD', 'DEUTSCHE - DEPO SLIP CHEQUE', 4, 5)
INSERT INTO dcr_ipaclookup (prod_code, pay_code, pay_sub_code, pay_sub_cur, pay_sub_desc, product_type_id, dcr_ipac_mapping_id) VALUES ('MF4', 'CHK', 'DEC', 'USD', 'EPCI - DEPO SLIP CHEQUE', 4, 5)
INSERT INTO dcr_ipaclookup (prod_code, pay_code, pay_sub_code, pay_sub_cur, pay_sub_desc, product_type_id, dcr_ipac_mapping_id) VALUES ('MF4', 'CHK', 'DHC', 'USD', 'HSBC - DEPO SLIP CHEQUE', 4, 5)
INSERT INTO dcr_ipaclookup (prod_code, pay_code, pay_sub_code, pay_sub_cur, pay_sub_desc, product_type_id, dcr_ipac_mapping_id) VALUES ('MF4', 'CHK', 'DMC', 'USD', 'MYB - DEPO SLIP CHEQUE', 4, 5)
INSERT INTO dcr_ipaclookup (prod_code, pay_code, pay_sub_code, pay_sub_cur, pay_sub_desc, product_type_id, dcr_ipac_mapping_id) VALUES ('MF4', 'CHK', 'DMW', 'USD', 'MBTC - DEPO SLIP CHEQUE - WITHIN USA', 4, 5)
INSERT INTO dcr_ipaclookup (prod_code, pay_code, pay_sub_code, pay_sub_cur, pay_sub_desc, product_type_id, dcr_ipac_mapping_id) VALUES ('MF4', 'CHK', 'DMY', 'USD', 'MBTC - DEPO SLIP CHEQUE - OUTSIDE USA / HK', 4, 5)
INSERT INTO dcr_ipaclookup (prod_code, pay_code, pay_sub_code, pay_sub_cur, pay_sub_desc, product_type_id, dcr_ipac_mapping_id) VALUES ('MF4', 'CHK', 'DPC', 'USD', 'PNB - DEPO SLIP CHEQUE', 4, 5)
INSERT INTO dcr_ipaclookup (prod_code, pay_code, pay_sub_code, pay_sub_cur, pay_sub_desc, product_type_id, dcr_ipac_mapping_id) VALUES ('MF4', 'CHK', 'DRC', 'USD', 'RCBC - DEPO SLIP CHEQUE', 4, 5)
INSERT INTO dcr_ipaclookup (prod_code, pay_code, pay_sub_code, pay_sub_cur, pay_sub_desc, product_type_id, dcr_ipac_mapping_id) VALUES ('MF4', 'CHK', 'DSB', 'USD', 'SBTC - DEPO SLIP CHEQUE', 4, 5)
INSERT INTO dcr_ipaclookup (prod_code, pay_code, pay_sub_code, pay_sub_cur, pay_sub_desc, product_type_id, dcr_ipac_mapping_id) VALUES ('MF4', 'CHK', 'DSC', 'USD', 'SCB - DEPO SLIP CHEQUE', 4, 5)
INSERT INTO dcr_ipaclookup (prod_code, pay_code, pay_sub_code, pay_sub_cur, pay_sub_desc, product_type_id, dcr_ipac_mapping_id) VALUES ('MF4', 'CHK', 'DUB', 'USD', 'UCPB - DEPO SLIP CHEQUE', 4, 5)
INSERT INTO dcr_ipaclookup (prod_code, pay_code, pay_sub_code, pay_sub_cur, pay_sub_desc, product_type_id, dcr_ipac_mapping_id) VALUES ('MF4', 'CSH', 'UBO', 'USD', 'BDO - DEPO SLIP CASH', 4, 1)
INSERT INTO dcr_ipaclookup (prod_code, pay_code, pay_sub_code, pay_sub_cur, pay_sub_desc, product_type_id, dcr_ipac_mapping_id) VALUES ('MF4', 'CSH', 'UBP', 'USD', 'BPI - DEPO SLIP CASH', 4, 1)
INSERT INTO dcr_ipaclookup (prod_code, pay_code, pay_sub_code, pay_sub_cur, pay_sub_desc, product_type_id, dcr_ipac_mapping_id) VALUES ('MF4', 'CSH', 'UCB', 'USD', 'CITI - DEPO SLIP CASH', 4, 1)
INSERT INTO dcr_ipaclookup (prod_code, pay_code, pay_sub_code, pay_sub_cur, pay_sub_desc, product_type_id, dcr_ipac_mapping_id) VALUES ('MF4', 'CSH', 'UCH', 'USD', '*DOLLAR CASH', 4, 3)
INSERT INTO dcr_ipaclookup (prod_code, pay_code, pay_sub_code, pay_sub_cur, pay_sub_desc, product_type_id, dcr_ipac_mapping_id) VALUES ('MF4', 'CSH', 'UCT', 'USD', 'Chinatrust - DEPO SLIP CASH', 4, 1)
INSERT INTO dcr_ipaclookup (prod_code, pay_code, pay_sub_code, pay_sub_cur, pay_sub_desc, product_type_id, dcr_ipac_mapping_id) VALUES ('MF4', 'CSH', 'UDD', 'USD', 'DEUTSCHE - DEPO SLIP CASH', 4, 1)
INSERT INTO dcr_ipaclookup (prod_code, pay_code, pay_sub_code, pay_sub_cur, pay_sub_desc, product_type_id, dcr_ipac_mapping_id) VALUES ('MF4', 'CSH', 'UEB', 'USD', 'EPCI - DEPO SLIP CASH', 4, 1)
INSERT INTO dcr_ipaclookup (prod_code, pay_code, pay_sub_code, pay_sub_cur, pay_sub_desc, product_type_id, dcr_ipac_mapping_id) VALUES ('MF4', 'CSH', 'UHK', 'USD', 'HSBC - DEPO SLIP CASH', 4, 1)
INSERT INTO dcr_ipaclookup (prod_code, pay_code, pay_sub_code, pay_sub_cur, pay_sub_desc, product_type_id, dcr_ipac_mapping_id) VALUES ('MF4', 'CSH', 'UMB', 'USD', 'MBTC - DEPO SLIP CASH', 4, 1)
INSERT INTO dcr_ipaclookup (prod_code, pay_code, pay_sub_code, pay_sub_cur, pay_sub_desc, product_type_id, dcr_ipac_mapping_id) VALUES ('MF4', 'CSH', 'UMY', 'USD', 'MYB - DEPO SLIP CASH', 4, 1)
INSERT INTO dcr_ipaclookup (prod_code, pay_code, pay_sub_code, pay_sub_cur, pay_sub_desc, product_type_id, dcr_ipac_mapping_id) VALUES ('MF4', 'CSH', 'UPN', 'USD', 'PNB - DEPO SLIP CASH', 4, 1)
INSERT INTO dcr_ipaclookup (prod_code, pay_code, pay_sub_code, pay_sub_cur, pay_sub_desc, product_type_id, dcr_ipac_mapping_id) VALUES ('MF4', 'CSH', 'URC', 'USD', 'UCPB - DEPO SLIP CASH', 4, 1)
INSERT INTO dcr_ipaclookup (prod_code, pay_code, pay_sub_code, pay_sub_cur, pay_sub_desc, product_type_id, dcr_ipac_mapping_id) VALUES ('MF4', 'CSH', 'USB', 'USD', 'RCBC - DEPO SLIP CASH', 4, 1)
INSERT INTO dcr_ipaclookup (prod_code, pay_code, pay_sub_code, pay_sub_cur, pay_sub_desc, product_type_id, dcr_ipac_mapping_id) VALUES ('MF4', 'CSH', 'USC', 'USD', 'SBTC - DEPO SLIP CASH', 4, 1)
INSERT INTO dcr_ipaclookup (prod_code, pay_code, pay_sub_code, pay_sub_cur, pay_sub_desc, product_type_id, dcr_ipac_mapping_id) VALUES ('MF4', 'CSH', 'UUP', 'USD', 'SCB - DEPO SLIP CASH', 4, 1)
INSERT INTO dcr_ipaclookup (prod_code, pay_code, pay_sub_code, pay_sub_cur, pay_sub_desc, product_type_id, dcr_ipac_mapping_id) VALUES ('MF5', 'CSH', 'C/M', 'PHP', 'CREDIT MEMO', 5, 23)
INSERT INTO dcr_ipaclookup (prod_code, pay_code, pay_sub_code, pay_sub_cur, pay_sub_desc, product_type_id, dcr_ipac_mapping_id) VALUES ('MF5', 'CSH', 'CPH', 'PHP', 'PESO CASH', 5, 3)
INSERT INTO dcr_ipaclookup (prod_code, pay_code, pay_sub_code, pay_sub_cur, pay_sub_desc, product_type_id, dcr_ipac_mapping_id) VALUES ('MF5', 'CSH', 'MBT', 'PHP', 'MBTC - DEPO SLIP CASH', 5, 1)
INSERT INTO dcr_ipaclookup (prod_code, pay_code, pay_sub_code, pay_sub_cur, pay_sub_desc, product_type_id, dcr_ipac_mapping_id) VALUES ('MF5', 'CSH', 'MCB', 'PHP', 'BDO - DEPO SLIP CASH', 5, 1)
INSERT INTO dcr_ipaclookup (prod_code, pay_code, pay_sub_code, pay_sub_cur, pay_sub_desc, product_type_id, dcr_ipac_mapping_id) VALUES ('MF5', 'CSH', 'MCC', 'PHP', 'CITI - DEPO SLIP CASH', 5, 1)
INSERT INTO dcr_ipaclookup (prod_code, pay_code, pay_sub_code, pay_sub_cur, pay_sub_desc, product_type_id, dcr_ipac_mapping_id) VALUES ('MF5', 'CSH', 'MCE', 'PHP', 'EPCI - DEPO SLIP CASH', 5, 1)
INSERT INTO dcr_ipaclookup (prod_code, pay_code, pay_sub_code, pay_sub_cur, pay_sub_desc, product_type_id, dcr_ipac_mapping_id) VALUES ('MF5', 'CSH', 'MCH', 'PHP', 'HSBC - DEPO SLIP CASH', 5, 1)
INSERT INTO dcr_ipaclookup (prod_code, pay_code, pay_sub_code, pay_sub_cur, pay_sub_desc, product_type_id, dcr_ipac_mapping_id) VALUES ('MF5', 'CSH', 'MCL', 'PHP', 'LBP - DEPO SLIP CASH', 5, 1)
INSERT INTO dcr_ipaclookup (prod_code, pay_code, pay_sub_code, pay_sub_cur, pay_sub_desc, product_type_id, dcr_ipac_mapping_id) VALUES ('MF5', 'CSH', 'MCM', 'PHP', 'MYB - DEPO SLIP CASH', 5, 1)
INSERT INTO dcr_ipaclookup (prod_code, pay_code, pay_sub_code, pay_sub_cur, pay_sub_desc, product_type_id, dcr_ipac_mapping_id) VALUES ('MF5', 'CSH', 'MCN', 'PHP', 'UCPB - DEPO SLIP CASH', 5, 1)
INSERT INTO dcr_ipaclookup (prod_code, pay_code, pay_sub_code, pay_sub_cur, pay_sub_desc, product_type_id, dcr_ipac_mapping_id) VALUES ('MF5', 'CSH', 'MCP', 'PHP', 'PNB - DEPO SLIP CASH', 5, 1)
INSERT INTO dcr_ipaclookup (prod_code, pay_code, pay_sub_code, pay_sub_cur, pay_sub_desc, product_type_id, dcr_ipac_mapping_id) VALUES ('MF5', 'CSH', 'MCR', 'PHP', 'Chinabank - DEPO CASH', 5, 1)
INSERT INTO dcr_ipaclookup (prod_code, pay_code, pay_sub_code, pay_sub_cur, pay_sub_desc, product_type_id, dcr_ipac_mapping_id) VALUES ('MF5', 'CSH', 'MCS', 'PHP', 'SBTC - DEPO SLIP CASH', 5, 1)
INSERT INTO dcr_ipaclookup (prod_code, pay_code, pay_sub_code, pay_sub_cur, pay_sub_desc, product_type_id, dcr_ipac_mapping_id) VALUES ('MF5', 'CSH', 'MCT', 'PHP', 'BPI - DEPO SLIP CASH', 5, 1)
INSERT INTO dcr_ipaclookup (prod_code, pay_code, pay_sub_code, pay_sub_cur, pay_sub_desc, product_type_id, dcr_ipac_mapping_id) VALUES ('MF5', 'CSH', 'MCU', 'PHP', 'SCB - DEPO SLIP CASH', 5, 1)
INSERT INTO dcr_ipaclookup (prod_code, pay_code, pay_sub_code, pay_sub_cur, pay_sub_desc, product_type_id, dcr_ipac_mapping_id) VALUES ('MF5', 'CSH', 'MSB', 'PHP', 'RCBC - DEPO SLIP CASH', 5, 1)
INSERT INTO dcr_ipaclookup (prod_code, pay_code, pay_sub_code, pay_sub_cur, pay_sub_desc, product_type_id, dcr_ipac_mapping_id) VALUES ('MF5', 'CSH', 'MTB', 'PHP', 'Chinatrust - DEPO SLIP CASH', 5, 1)
INSERT INTO dcr_ipaclookup (prod_code, pay_code, pay_sub_code, pay_sub_cur, pay_sub_desc, product_type_id, dcr_ipac_mapping_id) VALUES ('MF5', 'CHK', 'CHL', 'PHP', 'Chinabank - DEPO SLIP CHQ - LOCAL', 5, 4)
INSERT INTO dcr_ipaclookup (prod_code, pay_code, pay_sub_code, pay_sub_cur, pay_sub_desc, product_type_id, dcr_ipac_mapping_id) VALUES ('MF5', 'CHK', 'CHO', 'PHP', 'Chinabank - DEPO SLIP CHQ -OUT OF TOWN', 5, 8)
INSERT INTO dcr_ipaclookup (prod_code, pay_code, pay_sub_code, pay_sub_cur, pay_sub_desc, product_type_id, dcr_ipac_mapping_id) VALUES ('MF5', 'CHK', 'CHR', 'PHP', 'Chinabank - DEPO SLIP CHQ - REGIONAL', 5, 5)
INSERT INTO dcr_ipaclookup (prod_code, pay_code, pay_sub_code, pay_sub_cur, pay_sub_desc, product_type_id, dcr_ipac_mapping_id) VALUES ('MF5', 'CHK', 'CHS', 'PHP', 'Chinabank - DEPO SLIP CHQ - ON US', 5, 7)
INSERT INTO dcr_ipaclookup (prod_code, pay_code, pay_sub_code, pay_sub_cur, pay_sub_desc, product_type_id, dcr_ipac_mapping_id) VALUES ('MF5', 'CHK', 'CTL', 'PHP', 'Chinatrust -  DEPO SLIP CHQ - LOCAL', 5, 4)
INSERT INTO dcr_ipaclookup (prod_code, pay_code, pay_sub_code, pay_sub_cur, pay_sub_desc, product_type_id, dcr_ipac_mapping_id) VALUES ('MF5', 'CHK', 'CTO', 'PHP', 'Chinatrust - DEPO SLIP CHQ -OUT OF TOWN', 5, 8)
INSERT INTO dcr_ipaclookup (prod_code, pay_code, pay_sub_code, pay_sub_cur, pay_sub_desc, product_type_id, dcr_ipac_mapping_id) VALUES ('MF5', 'CHK', 'CTR', 'PHP', 'Chinatrust - DEPO SLIP CHQ - REGIONAL', 5, 5)
INSERT INTO dcr_ipaclookup (prod_code, pay_code, pay_sub_code, pay_sub_cur, pay_sub_desc, product_type_id, dcr_ipac_mapping_id) VALUES ('MF5', 'CHK', 'CTS', 'PHP', 'Chinatrust - DEPO SLIP CHQ - ON US', 5, 7)
INSERT INTO dcr_ipaclookup (prod_code, pay_code, pay_sub_code, pay_sub_cur, pay_sub_desc, product_type_id, dcr_ipac_mapping_id) VALUES ('MF5', 'CHK', 'L/C', 'PHP', 'LOCAL CHECK', 5, 9)
INSERT INTO dcr_ipaclookup (prod_code, pay_code, pay_sub_code, pay_sub_cur, pay_sub_desc, product_type_id, dcr_ipac_mapping_id) VALUES ('MF5', 'CHK', 'O/C', 'PHP', 'OUT-OF-TOWN CHECK', 5, 12)
INSERT INTO dcr_ipaclookup (prod_code, pay_code, pay_sub_code, pay_sub_cur, pay_sub_desc, product_type_id, dcr_ipac_mapping_id) VALUES ('MF5', 'CHK', 'OUC', 'PHP', 'ON US CHECK', 5, 11)
INSERT INTO dcr_ipaclookup (prod_code, pay_code, pay_sub_code, pay_sub_cur, pay_sub_desc, product_type_id, dcr_ipac_mapping_id) VALUES ('MF5', 'CHK', 'PBL', 'PHP', 'BDO - DEPO SLIP CHQ - LOCAL', 5, 4)
INSERT INTO dcr_ipaclookup (prod_code, pay_code, pay_sub_code, pay_sub_cur, pay_sub_desc, product_type_id, dcr_ipac_mapping_id) VALUES ('MF5', 'CHK', 'PBO', 'PHP', 'BDO - DEPO SLIP CHQ -OUT OF TOWN', 5, 8)
INSERT INTO dcr_ipaclookup (prod_code, pay_code, pay_sub_code, pay_sub_cur, pay_sub_desc, product_type_id, dcr_ipac_mapping_id) VALUES ('MF5', 'CHK', 'PBR', 'PHP', 'BDO - DEPO SLIP CHQ - REGIONAL', 5, 5)
INSERT INTO dcr_ipaclookup (prod_code, pay_code, pay_sub_code, pay_sub_cur, pay_sub_desc, product_type_id, dcr_ipac_mapping_id) VALUES ('MF5', 'CHK', 'PBS', 'PHP', 'BDO - DEPO SLIP CHQ - ON US', 5, 7)
INSERT INTO dcr_ipaclookup (prod_code, pay_code, pay_sub_code, pay_sub_cur, pay_sub_desc, product_type_id, dcr_ipac_mapping_id) VALUES ('MF5', 'CHK', 'PCL', 'PHP', 'CITI - DEPO SLIP CHQ - LOCAL', 5, 4)
INSERT INTO dcr_ipaclookup (prod_code, pay_code, pay_sub_code, pay_sub_cur, pay_sub_desc, product_type_id, dcr_ipac_mapping_id) VALUES ('MF5', 'CHK', 'PCO', 'PHP', 'CITI - DEPO SLIP CHQ -OUT OF TOWN', 5, 8)
INSERT INTO dcr_ipaclookup (prod_code, pay_code, pay_sub_code, pay_sub_cur, pay_sub_desc, product_type_id, dcr_ipac_mapping_id) VALUES ('MF5', 'CHK', 'PCR', 'PHP', 'CITI - DEPO SLIP CHQ - REGIONAL', 5, 5)
INSERT INTO dcr_ipaclookup (prod_code, pay_code, pay_sub_code, pay_sub_cur, pay_sub_desc, product_type_id, dcr_ipac_mapping_id) VALUES ('MF5', 'CHK', 'PCS', 'PHP', 'CITI - DEPO SLIP CHQ - ON US', 5, 7)
INSERT INTO dcr_ipaclookup (prod_code, pay_code, pay_sub_code, pay_sub_cur, pay_sub_desc, product_type_id, dcr_ipac_mapping_id) VALUES ('MF5', 'CHK', 'PEL', 'PHP', 'EPCI - DEPO SLIP CHQ - LOCAL', 5, 4)
INSERT INTO dcr_ipaclookup (prod_code, pay_code, pay_sub_code, pay_sub_cur, pay_sub_desc, product_type_id, dcr_ipac_mapping_id) VALUES ('MF5', 'CHK', 'PEO', 'PHP', 'EPCI - DEPO SLIP CHQ -OUT OF TOWN', 5, 8)
INSERT INTO dcr_ipaclookup (prod_code, pay_code, pay_sub_code, pay_sub_cur, pay_sub_desc, product_type_id, dcr_ipac_mapping_id) VALUES ('MF5', 'CHK', 'PER', 'PHP', 'EPCI - DEPO SLIP CHQ - REGIONAL', 5, 5)
INSERT INTO dcr_ipaclookup (prod_code, pay_code, pay_sub_code, pay_sub_cur, pay_sub_desc, product_type_id, dcr_ipac_mapping_id) VALUES ('MF5', 'CHK', 'PES', 'PHP', 'EPCI - DEPO SLIP CHQ - ON US', 5, 7)
INSERT INTO dcr_ipaclookup (prod_code, pay_code, pay_sub_code, pay_sub_cur, pay_sub_desc, product_type_id, dcr_ipac_mapping_id) VALUES ('MF5', 'CHK', 'PHL', 'PHP', 'HSBC - DEPO SLIP CHQ - LOCAL', 5, 4)
INSERT INTO dcr_ipaclookup (prod_code, pay_code, pay_sub_code, pay_sub_cur, pay_sub_desc, product_type_id, dcr_ipac_mapping_id) VALUES ('MF5', 'CHK', 'PHO', 'PHP', 'HSBC - DEPO SLIP CHQ -OUT OF TOWN', 5, 8)
INSERT INTO dcr_ipaclookup (prod_code, pay_code, pay_sub_code, pay_sub_cur, pay_sub_desc, product_type_id, dcr_ipac_mapping_id) VALUES ('MF5', 'CHK', 'PHR', 'PHP', 'HSBC - DEPO SLIP CHQ - REGIONAL', 5, 5)
INSERT INTO dcr_ipaclookup (prod_code, pay_code, pay_sub_code, pay_sub_cur, pay_sub_desc, product_type_id, dcr_ipac_mapping_id) VALUES ('MF5', 'CHK', 'PHS', 'PHP', 'HSBC - DEPO SLIP CHQ - ON US', 5, 7)
INSERT INTO dcr_ipaclookup (prod_code, pay_code, pay_sub_code, pay_sub_cur, pay_sub_desc, product_type_id, dcr_ipac_mapping_id) VALUES ('MF5', 'CHK', 'PLL', 'PHP', 'LBP - DEPO SLIP CHQ - LOCAL', 5, 4)
INSERT INTO dcr_ipaclookup (prod_code, pay_code, pay_sub_code, pay_sub_cur, pay_sub_desc, product_type_id, dcr_ipac_mapping_id) VALUES ('MF5', 'CHK', 'PLO', 'PHP', 'LBP - DEPO SLIP CHQ -OUT OF TOWN', 5, 8)
INSERT INTO dcr_ipaclookup (prod_code, pay_code, pay_sub_code, pay_sub_cur, pay_sub_desc, product_type_id, dcr_ipac_mapping_id) VALUES ('MF5', 'CHK', 'PLR', 'PHP', 'LBP - DEPO SLIP CHQ - REGIONAL', 5, 5)
INSERT INTO dcr_ipaclookup (prod_code, pay_code, pay_sub_code, pay_sub_cur, pay_sub_desc, product_type_id, dcr_ipac_mapping_id) VALUES ('MF5', 'CHK', 'PLS', 'PHP', 'LBP - DEPO SLIP CHQ - ON US', 5, 7)
INSERT INTO dcr_ipaclookup (prod_code, pay_code, pay_sub_code, pay_sub_cur, pay_sub_desc, product_type_id, dcr_ipac_mapping_id) VALUES ('MF5', 'CHK', 'PML', 'PHP', 'MYB - DEPO SLIP CHQ - LOCAL', 5, 4)
INSERT INTO dcr_ipaclookup (prod_code, pay_code, pay_sub_code, pay_sub_cur, pay_sub_desc, product_type_id, dcr_ipac_mapping_id) VALUES ('MF5', 'CHK', 'PMO', 'PHP', 'MYB - DEPO SLIP CHQ -OUT OF TOWN', 5, 8)
INSERT INTO dcr_ipaclookup (prod_code, pay_code, pay_sub_code, pay_sub_cur, pay_sub_desc, product_type_id, dcr_ipac_mapping_id) VALUES ('MF5', 'CHK', 'PMR', 'PHP', 'MYB - DEPO SLIP CHQ - REGIONAL', 5, 5)
INSERT INTO dcr_ipaclookup (prod_code, pay_code, pay_sub_code, pay_sub_cur, pay_sub_desc, product_type_id, dcr_ipac_mapping_id) VALUES ('MF5', 'CHK', 'PMS', 'PHP', 'MYB - DEPO SLIP CHQ - ON US', 5, 7)
INSERT INTO dcr_ipaclookup (prod_code, pay_code, pay_sub_code, pay_sub_cur, pay_sub_desc, product_type_id, dcr_ipac_mapping_id) VALUES ('MF5', 'CHK', 'PNL', 'PHP', 'PNB - DEPO SLIP CHQ - LOCAL', 5, 4)
INSERT INTO dcr_ipaclookup (prod_code, pay_code, pay_sub_code, pay_sub_cur, pay_sub_desc, product_type_id, dcr_ipac_mapping_id) VALUES ('MF5', 'CHK', 'PNO', 'PHP', 'PNB - DEPO SLIP CHQ -OUT OF TOWN', 5, 8)
INSERT INTO dcr_ipaclookup (prod_code, pay_code, pay_sub_code, pay_sub_cur, pay_sub_desc, product_type_id, dcr_ipac_mapping_id) VALUES ('MF5', 'CHK', 'PNR', 'PHP', 'PNB - DEPO SLIP CHQ - REGIONAL', 5, 5)
INSERT INTO dcr_ipaclookup (prod_code, pay_code, pay_sub_code, pay_sub_cur, pay_sub_desc, product_type_id, dcr_ipac_mapping_id) VALUES ('MF5', 'CHK', 'PNS', 'PHP', 'PNB - DEPO SLIP CHQ - ON US', 5, 7)
INSERT INTO dcr_ipaclookup (prod_code, pay_code, pay_sub_code, pay_sub_cur, pay_sub_desc, product_type_id, dcr_ipac_mapping_id) VALUES ('MF5', 'CHK', 'PPL', 'PHP', 'BPI - DEPO SLIP CHQ - LOCAL', 5, 4)
INSERT INTO dcr_ipaclookup (prod_code, pay_code, pay_sub_code, pay_sub_cur, pay_sub_desc, product_type_id, dcr_ipac_mapping_id) VALUES ('MF5', 'CHK', 'PPO', 'PHP', 'BPI - DEPO SLIP CHQ -OUT OF TOWN', 5, 8)
INSERT INTO dcr_ipaclookup (prod_code, pay_code, pay_sub_code, pay_sub_cur, pay_sub_desc, product_type_id, dcr_ipac_mapping_id) VALUES ('MF5', 'CHK', 'PPR', 'PHP', 'BPI - DEPO SLIP CHQ - REGIONAL', 5, 5)
INSERT INTO dcr_ipaclookup (prod_code, pay_code, pay_sub_code, pay_sub_cur, pay_sub_desc, product_type_id, dcr_ipac_mapping_id) VALUES ('MF5', 'CHK', 'PPS', 'PHP', 'BPI - DEPO SLIP CHQ - ON US', 5, 7)
INSERT INTO dcr_ipaclookup (prod_code, pay_code, pay_sub_code, pay_sub_cur, pay_sub_desc, product_type_id, dcr_ipac_mapping_id) VALUES ('MF5', 'CHK', 'PRL', 'PHP', 'RCBC - DEPO SLIP CHQ - LOCAL', 5, 4)
INSERT INTO dcr_ipaclookup (prod_code, pay_code, pay_sub_code, pay_sub_cur, pay_sub_desc, product_type_id, dcr_ipac_mapping_id) VALUES ('MF5', 'CHK', 'PRO', 'PHP', 'RCBC - DEPO SLIP CHQ -OUT OF TOWN', 5, 8)
INSERT INTO dcr_ipaclookup (prod_code, pay_code, pay_sub_code, pay_sub_cur, pay_sub_desc, product_type_id, dcr_ipac_mapping_id) VALUES ('MF5', 'CHK', 'PRR', 'PHP', 'RCBC - DEPO SLIP CHQ - REGIONAL', 5, 5)
INSERT INTO dcr_ipaclookup (prod_code, pay_code, pay_sub_code, pay_sub_cur, pay_sub_desc, product_type_id, dcr_ipac_mapping_id) VALUES ('MF5', 'CHK', 'PRS', 'PHP', 'RCBC - DEPO SLIP CHQ - ON US', 5, 7)
INSERT INTO dcr_ipaclookup (prod_code, pay_code, pay_sub_code, pay_sub_cur, pay_sub_desc, product_type_id, dcr_ipac_mapping_id) VALUES ('MF5', 'CHK', 'PSL', 'PHP', 'SBTC - DEPO SLIP CHQ - LOCAL', 5, 4)
INSERT INTO dcr_ipaclookup (prod_code, pay_code, pay_sub_code, pay_sub_cur, pay_sub_desc, product_type_id, dcr_ipac_mapping_id) VALUES ('MF5', 'CHK', 'PSO', 'PHP', 'SBTC - DEPO SLIP CHQ -OUT OF TOWN', 5, 8)
INSERT INTO dcr_ipaclookup (prod_code, pay_code, pay_sub_code, pay_sub_cur, pay_sub_desc, product_type_id, dcr_ipac_mapping_id) VALUES ('MF5', 'CHK', 'PSR', 'PHP', 'SBTC - DEPO SLIP CHQ - REGIONAL', 5, 5)
INSERT INTO dcr_ipaclookup (prod_code, pay_code, pay_sub_code, pay_sub_cur, pay_sub_desc, product_type_id, dcr_ipac_mapping_id) VALUES ('MF5', 'CHK', 'PSS', 'PHP', 'SBTC - DEPO SLIP CHQ - ON US', 5, 7)
INSERT INTO dcr_ipaclookup (prod_code, pay_code, pay_sub_code, pay_sub_cur, pay_sub_desc, product_type_id, dcr_ipac_mapping_id) VALUES ('MF5', 'CHK', 'PTL', 'PHP', 'MBTC - DEPO SLIP CHQ - LOCAL', 5, 4)
INSERT INTO dcr_ipaclookup (prod_code, pay_code, pay_sub_code, pay_sub_cur, pay_sub_desc, product_type_id, dcr_ipac_mapping_id) VALUES ('MF5', 'CHK', 'PTO', 'PHP', 'MBTC - DEPO SLIP CHQ -OUT OF TOWN', 5, 8)
INSERT INTO dcr_ipaclookup (prod_code, pay_code, pay_sub_code, pay_sub_cur, pay_sub_desc, product_type_id, dcr_ipac_mapping_id) VALUES ('MF5', 'CHK', 'PTR', 'PHP', 'MBTC - DEPO SLIP CHQ - REGIONAL', 5, 5)
INSERT INTO dcr_ipaclookup (prod_code, pay_code, pay_sub_code, pay_sub_cur, pay_sub_desc, product_type_id, dcr_ipac_mapping_id) VALUES ('MF5', 'CHK', 'PTS', 'PHP', 'MBTC - DEPO SLIP CHQ - ON US', 5, 7)
INSERT INTO dcr_ipaclookup (prod_code, pay_code, pay_sub_code, pay_sub_cur, pay_sub_desc, product_type_id, dcr_ipac_mapping_id) VALUES ('MF5', 'CHK', 'PUL', 'PHP', 'UCPB - DEPO SLIP CHQ - LOCAL', 5, 4)
INSERT INTO dcr_ipaclookup (prod_code, pay_code, pay_sub_code, pay_sub_cur, pay_sub_desc, product_type_id, dcr_ipac_mapping_id) VALUES ('MF5', 'CHK', 'PUO', 'PHP', 'UCPB - DEPO SLIP CHQ -OUT OF TOWN', 5, 8)
INSERT INTO dcr_ipaclookup (prod_code, pay_code, pay_sub_code, pay_sub_cur, pay_sub_desc, product_type_id, dcr_ipac_mapping_id) VALUES ('MF5', 'CHK', 'PUR', 'PHP', 'UCPB - DEPO SLIP CHQ - REGIONAL', 5, 5)
INSERT INTO dcr_ipaclookup (prod_code, pay_code, pay_sub_code, pay_sub_cur, pay_sub_desc, product_type_id, dcr_ipac_mapping_id) VALUES ('MF5', 'CHK', 'PUS', 'PHP', 'UCPB - DEPO SLIP CHQ - ON US', 5, 7)
INSERT INTO dcr_ipaclookup (prod_code, pay_code, pay_sub_code, pay_sub_cur, pay_sub_desc, product_type_id, dcr_ipac_mapping_id) VALUES ('MF5', 'CHK', 'R/C', 'PHP', 'REGIONAL CHECK', 5, 10)
INSERT INTO dcr_ipaclookup (prod_code, pay_code, pay_sub_code, pay_sub_cur, pay_sub_desc, product_type_id, dcr_ipac_mapping_id) VALUES ('MF5', 'CHK', 'SCL', 'PHP', 'SCB - DEPO SLIP CHQ - LOCAL', 5, 4)
INSERT INTO dcr_ipaclookup (prod_code, pay_code, pay_sub_code, pay_sub_cur, pay_sub_desc, product_type_id, dcr_ipac_mapping_id) VALUES ('MF5', 'CHK', 'SCO', 'PHP', 'SCB - DEPO SLIP CHQ -OUT OF TOWN', 5, 8)
INSERT INTO dcr_ipaclookup (prod_code, pay_code, pay_sub_code, pay_sub_cur, pay_sub_desc, product_type_id, dcr_ipac_mapping_id) VALUES ('MF5', 'CHK', 'SCR', 'PHP', 'SCB - DEPO SLIP CHQ - REGIONAL', 5, 5)
INSERT INTO dcr_ipaclookup (prod_code, pay_code, pay_sub_code, pay_sub_cur, pay_sub_desc, product_type_id, dcr_ipac_mapping_id) VALUES ('MF5', 'CHK', 'SCS', 'PHP', 'SCB - DEPO SLIP CHQ - ON US', 5, 7)
INSERT INTO dcr_ipaclookup (prod_code, pay_code, pay_sub_code, pay_sub_cur, pay_sub_desc, product_type_id, dcr_ipac_mapping_id) VALUES ('MF6', 'CHK', 'DBO', 'USD', 'BDO - DEPO SLIP CHEQUE', 6, 5)
INSERT INTO dcr_ipaclookup (prod_code, pay_code, pay_sub_code, pay_sub_cur, pay_sub_desc, product_type_id, dcr_ipac_mapping_id) VALUES ('MF6', 'CHK', 'DBW', 'USD', 'BPI - DEPO SLIP CHEQUE - WITHIN NEW YORK', 6, 5)
INSERT INTO dcr_ipaclookup (prod_code, pay_code, pay_sub_code, pay_sub_cur, pay_sub_desc, product_type_id, dcr_ipac_mapping_id) VALUES ('MF6', 'CHK', 'DBY', 'USD', 'BPI - DEPO SLIP CHEQUE - OUTSIDE NEW YORK', 6, 5)
INSERT INTO dcr_ipaclookup (prod_code, pay_code, pay_sub_code, pay_sub_cur, pay_sub_desc, product_type_id, dcr_ipac_mapping_id) VALUES ('MF6', 'CHK', 'DCK', 'USD', 'DOLLAR CHEQUE', 6, 10)
INSERT INTO dcr_ipaclookup (prod_code, pay_code, pay_sub_code, pay_sub_cur, pay_sub_desc, product_type_id, dcr_ipac_mapping_id) VALUES ('MF6', 'CHK', 'DCT', 'USD', 'Chinatrust - DEPO SLIP CHEQUE', 6, 5)
INSERT INTO dcr_ipaclookup (prod_code, pay_code, pay_sub_code, pay_sub_cur, pay_sub_desc, product_type_id, dcr_ipac_mapping_id) VALUES ('MF6', 'CHK', 'DCU', 'USD', 'CITI - DEPO SLIP CHEQUE - WITHIN USA', 6, 5)
INSERT INTO dcr_ipaclookup (prod_code, pay_code, pay_sub_code, pay_sub_cur, pay_sub_desc, product_type_id, dcr_ipac_mapping_id) VALUES ('MF6', 'CHK', 'DDD', 'USD', 'DEUTSCHE - DEPO SLIP CHEQUE', 6, 5)
INSERT INTO dcr_ipaclookup (prod_code, pay_code, pay_sub_code, pay_sub_cur, pay_sub_desc, product_type_id, dcr_ipac_mapping_id) VALUES ('MF6', 'CHK', 'DEC', 'USD', 'EPCI - DEPO SLIP CHEQUE', 6, 5)
INSERT INTO dcr_ipaclookup (prod_code, pay_code, pay_sub_code, pay_sub_cur, pay_sub_desc, product_type_id, dcr_ipac_mapping_id) VALUES ('MF6', 'CHK', 'DHC', 'USD', 'HSBC - DEPO SLIP CHEQUE', 6, 5)
INSERT INTO dcr_ipaclookup (prod_code, pay_code, pay_sub_code, pay_sub_cur, pay_sub_desc, product_type_id, dcr_ipac_mapping_id) VALUES ('MF6', 'CHK', 'DMC', 'USD', 'MYB - DEPO SLIP CHEQUE', 6, 5)
INSERT INTO dcr_ipaclookup (prod_code, pay_code, pay_sub_code, pay_sub_cur, pay_sub_desc, product_type_id, dcr_ipac_mapping_id) VALUES ('MF6', 'CHK', 'DMW', 'USD', 'MBTC - DEPO SLIP CHEQUE - WITHIN USA', 6, 5)
INSERT INTO dcr_ipaclookup (prod_code, pay_code, pay_sub_code, pay_sub_cur, pay_sub_desc, product_type_id, dcr_ipac_mapping_id) VALUES ('MF6', 'CHK', 'DMY', 'USD', 'MBTC - DEPO SLIP CHEQUE - OUTSIDE USA / HK', 6, 5)
INSERT INTO dcr_ipaclookup (prod_code, pay_code, pay_sub_code, pay_sub_cur, pay_sub_desc, product_type_id, dcr_ipac_mapping_id) VALUES ('MF6', 'CHK', 'DPC', 'USD', 'PNB - DEPO SLIP CHEQUE', 6, 5)
INSERT INTO dcr_ipaclookup (prod_code, pay_code, pay_sub_code, pay_sub_cur, pay_sub_desc, product_type_id, dcr_ipac_mapping_id) VALUES ('MF6', 'CHK', 'DRC', 'USD', 'RCBC - DEPO SLIP CHEQUE', 6, 5)
INSERT INTO dcr_ipaclookup (prod_code, pay_code, pay_sub_code, pay_sub_cur, pay_sub_desc, product_type_id, dcr_ipac_mapping_id) VALUES ('MF6', 'CHK', 'DSB', 'USD', 'SBTC - DEPO SLIP CHEQUE', 6, 5)
INSERT INTO dcr_ipaclookup (prod_code, pay_code, pay_sub_code, pay_sub_cur, pay_sub_desc, product_type_id, dcr_ipac_mapping_id) VALUES ('MF6', 'CHK', 'DSC', 'USD', 'SCB - DEPO SLIP CHEQUE', 6, 5)
INSERT INTO dcr_ipaclookup (prod_code, pay_code, pay_sub_code, pay_sub_cur, pay_sub_desc, product_type_id, dcr_ipac_mapping_id) VALUES ('MF6', 'CHK', 'DUB', 'USD', 'UCPB - DEPO SLIP CHEQUE', 6, 5)
INSERT INTO dcr_ipaclookup (prod_code, pay_code, pay_sub_code, pay_sub_cur, pay_sub_desc, product_type_id, dcr_ipac_mapping_id) VALUES ('MF6', 'CSH', 'UBO', 'USD', 'BDO - DEPO SLIP CASH', 6, 1)
INSERT INTO dcr_ipaclookup (prod_code, pay_code, pay_sub_code, pay_sub_cur, pay_sub_desc, product_type_id, dcr_ipac_mapping_id) VALUES ('MF6', 'CSH', 'UBP', 'USD', 'BPI - DEPO SLIP CASH', 6, 1)
INSERT INTO dcr_ipaclookup (prod_code, pay_code, pay_sub_code, pay_sub_cur, pay_sub_desc, product_type_id, dcr_ipac_mapping_id) VALUES ('MF6', 'CSH', 'UCB', 'USD', 'CITI - DEPO SLIP CASH', 6, 1)
INSERT INTO dcr_ipaclookup (prod_code, pay_code, pay_sub_code, pay_sub_cur, pay_sub_desc, product_type_id, dcr_ipac_mapping_id) VALUES ('MF6', 'CSH', 'UCH', 'USD', '*DOLLAR CASH', 6, 3)
INSERT INTO dcr_ipaclookup (prod_code, pay_code, pay_sub_code, pay_sub_cur, pay_sub_desc, product_type_id, dcr_ipac_mapping_id) VALUES ('MF6', 'CSH', 'UCT', 'USD', 'Chinatrust - DEPO SLIP CASH', 6, 1)
INSERT INTO dcr_ipaclookup (prod_code, pay_code, pay_sub_code, pay_sub_cur, pay_sub_desc, product_type_id, dcr_ipac_mapping_id) VALUES ('MF6', 'CSH', 'UDD', 'USD', 'DEUTSCHE - DEPO SLIP CASH', 6, 1)
INSERT INTO dcr_ipaclookup (prod_code, pay_code, pay_sub_code, pay_sub_cur, pay_sub_desc, product_type_id, dcr_ipac_mapping_id) VALUES ('MF6', 'CSH', 'UEB', 'USD', 'EPCI - DEPO SLIP CASH', 6, 1)
INSERT INTO dcr_ipaclookup (prod_code, pay_code, pay_sub_code, pay_sub_cur, pay_sub_desc, product_type_id, dcr_ipac_mapping_id) VALUES ('MF6', 'CSH', 'UHK', 'USD', 'HSBC - DEPO SLIP CASH', 6, 1)
INSERT INTO dcr_ipaclookup (prod_code, pay_code, pay_sub_code, pay_sub_cur, pay_sub_desc, product_type_id, dcr_ipac_mapping_id) VALUES ('MF6', 'CSH', 'UMB', 'USD', 'MBTC - DEPO SLIP CASH', 6, 1)
INSERT INTO dcr_ipaclookup (prod_code, pay_code, pay_sub_code, pay_sub_cur, pay_sub_desc, product_type_id, dcr_ipac_mapping_id) VALUES ('MF6', 'CSH', 'UMY', 'USD', 'MYB - DEPO SLIP CASH', 6, 1)
INSERT INTO dcr_ipaclookup (prod_code, pay_code, pay_sub_code, pay_sub_cur, pay_sub_desc, product_type_id, dcr_ipac_mapping_id) VALUES ('MF6', 'CSH', 'UPN', 'USD', 'PNB - DEPO SLIP CASH', 6, 1)
INSERT INTO dcr_ipaclookup (prod_code, pay_code, pay_sub_code, pay_sub_cur, pay_sub_desc, product_type_id, dcr_ipac_mapping_id) VALUES ('MF6', 'CSH', 'URC', 'USD', 'UCPB - DEPO SLIP CASH', 6, 1)
INSERT INTO dcr_ipaclookup (prod_code, pay_code, pay_sub_code, pay_sub_cur, pay_sub_desc, product_type_id, dcr_ipac_mapping_id) VALUES ('MF6', 'CSH', 'USB', 'USD', 'RCBC - DEPO SLIP CASH', 6, 1)
INSERT INTO dcr_ipaclookup (prod_code, pay_code, pay_sub_code, pay_sub_cur, pay_sub_desc, product_type_id, dcr_ipac_mapping_id) VALUES ('MF6', 'CSH', 'USC', 'USD', 'SBTC - DEPO SLIP CASH', 6, 1)
INSERT INTO dcr_ipaclookup (prod_code, pay_code, pay_sub_code, pay_sub_cur, pay_sub_desc, product_type_id, dcr_ipac_mapping_id) VALUES ('MF6', 'CSH', 'UUP', 'USD', 'SCB - DEPO SLIP CASH', 6, 1)
INSERT INTO dcr_ipaclookup (prod_code, pay_code, pay_sub_code, pay_sub_cur, pay_sub_desc, product_type_id, dcr_ipac_mapping_id) VALUES ('MF7', 'CSH', 'C/M', 'PHP', 'CREDIT MEMO', 7, 23)
INSERT INTO dcr_ipaclookup (prod_code, pay_code, pay_sub_code, pay_sub_cur, pay_sub_desc, product_type_id, dcr_ipac_mapping_id) VALUES ('MF7', 'CSH', 'CPH', 'PHP', 'PESO CASH', 7, 3)
INSERT INTO dcr_ipaclookup (prod_code, pay_code, pay_sub_code, pay_sub_cur, pay_sub_desc, product_type_id, dcr_ipac_mapping_id) VALUES ('MF7', 'CSH', 'MBT', 'PHP', 'MBTC - DEPO SLIP CASH', 7, 1)
INSERT INTO dcr_ipaclookup (prod_code, pay_code, pay_sub_code, pay_sub_cur, pay_sub_desc, product_type_id, dcr_ipac_mapping_id) VALUES ('MF7', 'CSH', 'MCB', 'PHP', 'BDO - DEPO SLIP CASH', 7, 1)
INSERT INTO dcr_ipaclookup (prod_code, pay_code, pay_sub_code, pay_sub_cur, pay_sub_desc, product_type_id, dcr_ipac_mapping_id) VALUES ('MF7', 'CSH', 'MCC', 'PHP', 'CITI - DEPO SLIP CASH', 7, 1)
INSERT INTO dcr_ipaclookup (prod_code, pay_code, pay_sub_code, pay_sub_cur, pay_sub_desc, product_type_id, dcr_ipac_mapping_id) VALUES ('MF7', 'CSH', 'MCE', 'PHP', 'EPCI - DEPO SLIP CASH', 7, 1)
INSERT INTO dcr_ipaclookup (prod_code, pay_code, pay_sub_code, pay_sub_cur, pay_sub_desc, product_type_id, dcr_ipac_mapping_id) VALUES ('MF7', 'CSH', 'MCH', 'PHP', 'HSBC - DEPO SLIP CASH', 7, 1)
INSERT INTO dcr_ipaclookup (prod_code, pay_code, pay_sub_code, pay_sub_cur, pay_sub_desc, product_type_id, dcr_ipac_mapping_id) VALUES ('MF7', 'CSH', 'MCL', 'PHP', 'LBP - DEPO SLIP CASH', 7, 1)
INSERT INTO dcr_ipaclookup (prod_code, pay_code, pay_sub_code, pay_sub_cur, pay_sub_desc, product_type_id, dcr_ipac_mapping_id) VALUES ('MF7', 'CSH', 'MCM', 'PHP', 'MYB - DEPO SLIP CASH', 7, 1)
INSERT INTO dcr_ipaclookup (prod_code, pay_code, pay_sub_code, pay_sub_cur, pay_sub_desc, product_type_id, dcr_ipac_mapping_id) VALUES ('MF7', 'CSH', 'MCN', 'PHP', 'UCPB - DEPO SLIP CASH', 7, 1)
INSERT INTO dcr_ipaclookup (prod_code, pay_code, pay_sub_code, pay_sub_cur, pay_sub_desc, product_type_id, dcr_ipac_mapping_id) VALUES ('MF7', 'CSH', 'MCP', 'PHP', 'PNB - DEPO SLIP CASH', 7, 1)
INSERT INTO dcr_ipaclookup (prod_code, pay_code, pay_sub_code, pay_sub_cur, pay_sub_desc, product_type_id, dcr_ipac_mapping_id) VALUES ('MF7', 'CSH', 'MCR', 'PHP', 'Chinabank - DEPO CASH', 7, 1)
INSERT INTO dcr_ipaclookup (prod_code, pay_code, pay_sub_code, pay_sub_cur, pay_sub_desc, product_type_id, dcr_ipac_mapping_id) VALUES ('MF7', 'CSH', 'MCS', 'PHP', 'SBTC - DEPO SLIP CASH', 7, 1)
INSERT INTO dcr_ipaclookup (prod_code, pay_code, pay_sub_code, pay_sub_cur, pay_sub_desc, product_type_id, dcr_ipac_mapping_id) VALUES ('MF7', 'CSH', 'MCT', 'PHP', 'BPI - DEPO SLIP CASH', 7, 1)
INSERT INTO dcr_ipaclookup (prod_code, pay_code, pay_sub_code, pay_sub_cur, pay_sub_desc, product_type_id, dcr_ipac_mapping_id) VALUES ('MF7', 'CSH', 'MCU', 'PHP', 'SCB - DEPO SLIP CASH', 7, 1)
INSERT INTO dcr_ipaclookup (prod_code, pay_code, pay_sub_code, pay_sub_cur, pay_sub_desc, product_type_id, dcr_ipac_mapping_id) VALUES ('MF7', 'CSH', 'MSB', 'PHP', 'RCBC - DEPO SLIP CASH', 7, 1)
INSERT INTO dcr_ipaclookup (prod_code, pay_code, pay_sub_code, pay_sub_cur, pay_sub_desc, product_type_id, dcr_ipac_mapping_id) VALUES ('MF7', 'CSH', 'MTB', 'PHP', 'Chinatrust - DEPO SLIP CASH', 7, 1)
INSERT INTO dcr_ipaclookup (prod_code, pay_code, pay_sub_code, pay_sub_cur, pay_sub_desc, product_type_id, dcr_ipac_mapping_id) VALUES ('MF7', 'CHK', 'CHL', 'PHP', 'Chinabank - DEPO SLIP CHQ - LOCAL', 7, 4)
INSERT INTO dcr_ipaclookup (prod_code, pay_code, pay_sub_code, pay_sub_cur, pay_sub_desc, product_type_id, dcr_ipac_mapping_id) VALUES ('MF7', 'CHK', 'CHO', 'PHP', 'Chinabank - DEPO SLIP CHQ -OUT OF TOWN', 7, 8)
INSERT INTO dcr_ipaclookup (prod_code, pay_code, pay_sub_code, pay_sub_cur, pay_sub_desc, product_type_id, dcr_ipac_mapping_id) VALUES ('MF7', 'CHK', 'CHR', 'PHP', 'Chinabank - DEPO SLIP CHQ - REGIONAL', 7, 5)
INSERT INTO dcr_ipaclookup (prod_code, pay_code, pay_sub_code, pay_sub_cur, pay_sub_desc, product_type_id, dcr_ipac_mapping_id) VALUES ('MF7', 'CHK', 'CHS', 'PHP', 'Chinabank - DEPO SLIP CHQ - ON US', 7, 7)
INSERT INTO dcr_ipaclookup (prod_code, pay_code, pay_sub_code, pay_sub_cur, pay_sub_desc, product_type_id, dcr_ipac_mapping_id) VALUES ('MF7', 'CHK', 'CTL', 'PHP', 'Chinatrust -  DEPO SLIP CHQ - LOCAL', 7, 4)
INSERT INTO dcr_ipaclookup (prod_code, pay_code, pay_sub_code, pay_sub_cur, pay_sub_desc, product_type_id, dcr_ipac_mapping_id) VALUES ('MF7', 'CHK', 'CTO', 'PHP', 'Chinatrust - DEPO SLIP CHQ -OUT OF TOWN', 7, 8)
INSERT INTO dcr_ipaclookup (prod_code, pay_code, pay_sub_code, pay_sub_cur, pay_sub_desc, product_type_id, dcr_ipac_mapping_id) VALUES ('MF7', 'CHK', 'CTR', 'PHP', 'Chinatrust - DEPO SLIP CHQ - REGIONAL', 7, 5)
INSERT INTO dcr_ipaclookup (prod_code, pay_code, pay_sub_code, pay_sub_cur, pay_sub_desc, product_type_id, dcr_ipac_mapping_id) VALUES ('MF7', 'CHK', 'CTS', 'PHP', 'Chinatrust - DEPO SLIP CHQ - ON US', 7, 7)
INSERT INTO dcr_ipaclookup (prod_code, pay_code, pay_sub_code, pay_sub_cur, pay_sub_desc, product_type_id, dcr_ipac_mapping_id) VALUES ('MF7', 'CHK', 'L/C', 'PHP', 'LOCAL CHECK', 7, 9)
INSERT INTO dcr_ipaclookup (prod_code, pay_code, pay_sub_code, pay_sub_cur, pay_sub_desc, product_type_id, dcr_ipac_mapping_id) VALUES ('MF7', 'CHK', 'O/C', 'PHP', 'OUT-OF-TOWN CHECK', 7, 12)
INSERT INTO dcr_ipaclookup (prod_code, pay_code, pay_sub_code, pay_sub_cur, pay_sub_desc, product_type_id, dcr_ipac_mapping_id) VALUES ('MF7', 'CHK', 'OUC', 'PHP', 'ON US CHECK', 7, 11)
INSERT INTO dcr_ipaclookup (prod_code, pay_code, pay_sub_code, pay_sub_cur, pay_sub_desc, product_type_id, dcr_ipac_mapping_id) VALUES ('MF7', 'CHK', 'PBL', 'PHP', 'BDO - DEPO SLIP CHQ - LOCAL', 7, 4)
INSERT INTO dcr_ipaclookup (prod_code, pay_code, pay_sub_code, pay_sub_cur, pay_sub_desc, product_type_id, dcr_ipac_mapping_id) VALUES ('MF7', 'CHK', 'PBO', 'PHP', 'BDO - DEPO SLIP CHQ -OUT OF TOWN', 7, 8)
INSERT INTO dcr_ipaclookup (prod_code, pay_code, pay_sub_code, pay_sub_cur, pay_sub_desc, product_type_id, dcr_ipac_mapping_id) VALUES ('MF7', 'CHK', 'PBR', 'PHP', 'BDO - DEPO SLIP CHQ - REGIONAL', 7, 5)
INSERT INTO dcr_ipaclookup (prod_code, pay_code, pay_sub_code, pay_sub_cur, pay_sub_desc, product_type_id, dcr_ipac_mapping_id) VALUES ('MF7', 'CHK', 'PBS', 'PHP', 'BDO - DEPO SLIP CHQ - ON US', 7, 7)
INSERT INTO dcr_ipaclookup (prod_code, pay_code, pay_sub_code, pay_sub_cur, pay_sub_desc, product_type_id, dcr_ipac_mapping_id) VALUES ('MF7', 'CHK', 'PCL', 'PHP', 'CITI - DEPO SLIP CHQ - LOCAL', 7, 4)
INSERT INTO dcr_ipaclookup (prod_code, pay_code, pay_sub_code, pay_sub_cur, pay_sub_desc, product_type_id, dcr_ipac_mapping_id) VALUES ('MF7', 'CHK', 'PCO', 'PHP', 'CITI - DEPO SLIP CHQ -OUT OF TOWN', 7, 8)
INSERT INTO dcr_ipaclookup (prod_code, pay_code, pay_sub_code, pay_sub_cur, pay_sub_desc, product_type_id, dcr_ipac_mapping_id) VALUES ('MF7', 'CHK', 'PCR', 'PHP', 'CITI - DEPO SLIP CHQ - REGIONAL', 7, 5)
INSERT INTO dcr_ipaclookup (prod_code, pay_code, pay_sub_code, pay_sub_cur, pay_sub_desc, product_type_id, dcr_ipac_mapping_id) VALUES ('MF7', 'CHK', 'PCS', 'PHP', 'CITI - DEPO SLIP CHQ - ON US', 7, 7)
INSERT INTO dcr_ipaclookup (prod_code, pay_code, pay_sub_code, pay_sub_cur, pay_sub_desc, product_type_id, dcr_ipac_mapping_id) VALUES ('MF7', 'CHK', 'PEL', 'PHP', 'EPCI - DEPO SLIP CHQ - LOCAL', 7, 4)
INSERT INTO dcr_ipaclookup (prod_code, pay_code, pay_sub_code, pay_sub_cur, pay_sub_desc, product_type_id, dcr_ipac_mapping_id) VALUES ('MF7', 'CHK', 'PEO', 'PHP', 'EPCI - DEPO SLIP CHQ -OUT OF TOWN', 7, 8)
INSERT INTO dcr_ipaclookup (prod_code, pay_code, pay_sub_code, pay_sub_cur, pay_sub_desc, product_type_id, dcr_ipac_mapping_id) VALUES ('MF7', 'CHK', 'PER', 'PHP', 'EPCI - DEPO SLIP CHQ - REGIONAL', 7, 5)
INSERT INTO dcr_ipaclookup (prod_code, pay_code, pay_sub_code, pay_sub_cur, pay_sub_desc, product_type_id, dcr_ipac_mapping_id) VALUES ('MF7', 'CHK', 'PES', 'PHP', 'EPCI - DEPO SLIP CHQ - ON US', 7, 7)
INSERT INTO dcr_ipaclookup (prod_code, pay_code, pay_sub_code, pay_sub_cur, pay_sub_desc, product_type_id, dcr_ipac_mapping_id) VALUES ('MF7', 'CHK', 'PHL', 'PHP', 'HSBC - DEPO SLIP CHQ - LOCAL', 7, 4)
INSERT INTO dcr_ipaclookup (prod_code, pay_code, pay_sub_code, pay_sub_cur, pay_sub_desc, product_type_id, dcr_ipac_mapping_id) VALUES ('MF7', 'CHK', 'PHO', 'PHP', 'HSBC - DEPO SLIP CHQ -OUT OF TOWN', 7, 8)
INSERT INTO dcr_ipaclookup (prod_code, pay_code, pay_sub_code, pay_sub_cur, pay_sub_desc, product_type_id, dcr_ipac_mapping_id) VALUES ('MF7', 'CHK', 'PHR', 'PHP', 'HSBC - DEPO SLIP CHQ - REGIONAL', 7, 5)
INSERT INTO dcr_ipaclookup (prod_code, pay_code, pay_sub_code, pay_sub_cur, pay_sub_desc, product_type_id, dcr_ipac_mapping_id) VALUES ('MF7', 'CHK', 'PHS', 'PHP', 'HSBC - DEPO SLIP CHQ - ON US', 7, 7)
INSERT INTO dcr_ipaclookup (prod_code, pay_code, pay_sub_code, pay_sub_cur, pay_sub_desc, product_type_id, dcr_ipac_mapping_id) VALUES ('MF7', 'CHK', 'PLL', 'PHP', 'LBP - DEPO SLIP CHQ - LOCAL', 7, 4)
INSERT INTO dcr_ipaclookup (prod_code, pay_code, pay_sub_code, pay_sub_cur, pay_sub_desc, product_type_id, dcr_ipac_mapping_id) VALUES ('MF7', 'CHK', 'PLO', 'PHP', 'LBP - DEPO SLIP CHQ -OUT OF TOWN', 7, 8)
INSERT INTO dcr_ipaclookup (prod_code, pay_code, pay_sub_code, pay_sub_cur, pay_sub_desc, product_type_id, dcr_ipac_mapping_id) VALUES ('MF7', 'CHK', 'PLR', 'PHP', 'LBP - DEPO SLIP CHQ - REGIONAL', 7, 5)
INSERT INTO dcr_ipaclookup (prod_code, pay_code, pay_sub_code, pay_sub_cur, pay_sub_desc, product_type_id, dcr_ipac_mapping_id) VALUES ('MF7', 'CHK', 'PLS', 'PHP', 'LBP - DEPO SLIP CHQ - ON US', 7, 7)
INSERT INTO dcr_ipaclookup (prod_code, pay_code, pay_sub_code, pay_sub_cur, pay_sub_desc, product_type_id, dcr_ipac_mapping_id) VALUES ('MF7', 'CHK', 'PML', 'PHP', 'MYB - DEPO SLIP CHQ - LOCAL', 7, 4)
INSERT INTO dcr_ipaclookup (prod_code, pay_code, pay_sub_code, pay_sub_cur, pay_sub_desc, product_type_id, dcr_ipac_mapping_id) VALUES ('MF7', 'CHK', 'PMO', 'PHP', 'MYB - DEPO SLIP CHQ -OUT OF TOWN', 7, 8)
INSERT INTO dcr_ipaclookup (prod_code, pay_code, pay_sub_code, pay_sub_cur, pay_sub_desc, product_type_id, dcr_ipac_mapping_id) VALUES ('MF7', 'CHK', 'PMR', 'PHP', 'MYB - DEPO SLIP CHQ - REGIONAL', 7, 5)
INSERT INTO dcr_ipaclookup (prod_code, pay_code, pay_sub_code, pay_sub_cur, pay_sub_desc, product_type_id, dcr_ipac_mapping_id) VALUES ('MF7', 'CHK', 'PMS', 'PHP', 'MYB - DEPO SLIP CHQ - ON US', 7, 7)
INSERT INTO dcr_ipaclookup (prod_code, pay_code, pay_sub_code, pay_sub_cur, pay_sub_desc, product_type_id, dcr_ipac_mapping_id) VALUES ('MF7', 'CHK', 'PNL', 'PHP', 'PNB - DEPO SLIP CHQ - LOCAL', 7, 4)
INSERT INTO dcr_ipaclookup (prod_code, pay_code, pay_sub_code, pay_sub_cur, pay_sub_desc, product_type_id, dcr_ipac_mapping_id) VALUES ('MF7', 'CHK', 'PNO', 'PHP', 'PNB - DEPO SLIP CHQ -OUT OF TOWN', 7, 8)
INSERT INTO dcr_ipaclookup (prod_code, pay_code, pay_sub_code, pay_sub_cur, pay_sub_desc, product_type_id, dcr_ipac_mapping_id) VALUES ('MF7', 'CHK', 'PNR', 'PHP', 'PNB - DEPO SLIP CHQ - REGIONAL', 7, 5)
INSERT INTO dcr_ipaclookup (prod_code, pay_code, pay_sub_code, pay_sub_cur, pay_sub_desc, product_type_id, dcr_ipac_mapping_id) VALUES ('MF7', 'CHK', 'PNS', 'PHP', 'PNB - DEPO SLIP CHQ - ON US', 7, 7)
INSERT INTO dcr_ipaclookup (prod_code, pay_code, pay_sub_code, pay_sub_cur, pay_sub_desc, product_type_id, dcr_ipac_mapping_id) VALUES ('MF7', 'CHK', 'PPL', 'PHP', 'BPI - DEPO SLIP CHQ - LOCAL', 7, 4)
INSERT INTO dcr_ipaclookup (prod_code, pay_code, pay_sub_code, pay_sub_cur, pay_sub_desc, product_type_id, dcr_ipac_mapping_id) VALUES ('MF7', 'CHK', 'PPO', 'PHP', 'BPI - DEPO SLIP CHQ -OUT OF TOWN', 7, 8)
INSERT INTO dcr_ipaclookup (prod_code, pay_code, pay_sub_code, pay_sub_cur, pay_sub_desc, product_type_id, dcr_ipac_mapping_id) VALUES ('MF7', 'CHK', 'PPR', 'PHP', 'BPI - DEPO SLIP CHQ - REGIONAL', 7, 5)
INSERT INTO dcr_ipaclookup (prod_code, pay_code, pay_sub_code, pay_sub_cur, pay_sub_desc, product_type_id, dcr_ipac_mapping_id) VALUES ('MF7', 'CHK', 'PPS', 'PHP', 'BPI - DEPO SLIP CHQ - ON US', 7, 7)
INSERT INTO dcr_ipaclookup (prod_code, pay_code, pay_sub_code, pay_sub_cur, pay_sub_desc, product_type_id, dcr_ipac_mapping_id) VALUES ('MF7', 'CHK', 'PRL', 'PHP', 'RCBC - DEPO SLIP CHQ - LOCAL', 7, 4)
INSERT INTO dcr_ipaclookup (prod_code, pay_code, pay_sub_code, pay_sub_cur, pay_sub_desc, product_type_id, dcr_ipac_mapping_id) VALUES ('MF7', 'CHK', 'PRO', 'PHP', 'RCBC - DEPO SLIP CHQ -OUT OF TOWN', 7, 8)
INSERT INTO dcr_ipaclookup (prod_code, pay_code, pay_sub_code, pay_sub_cur, pay_sub_desc, product_type_id, dcr_ipac_mapping_id) VALUES ('MF7', 'CHK', 'PRR', 'PHP', 'RCBC - DEPO SLIP CHQ - REGIONAL', 7, 5)
INSERT INTO dcr_ipaclookup (prod_code, pay_code, pay_sub_code, pay_sub_cur, pay_sub_desc, product_type_id, dcr_ipac_mapping_id) VALUES ('MF7', 'CHK', 'PRS', 'PHP', 'RCBC - DEPO SLIP CHQ - ON US', 7, 7)
INSERT INTO dcr_ipaclookup (prod_code, pay_code, pay_sub_code, pay_sub_cur, pay_sub_desc, product_type_id, dcr_ipac_mapping_id) VALUES ('MF7', 'CHK', 'PSL', 'PHP', 'SBTC - DEPO SLIP CHQ - LOCAL', 7, 4)
INSERT INTO dcr_ipaclookup (prod_code, pay_code, pay_sub_code, pay_sub_cur, pay_sub_desc, product_type_id, dcr_ipac_mapping_id) VALUES ('MF7', 'CHK', 'PSO', 'PHP', 'SBTC - DEPO SLIP CHQ -OUT OF TOWN', 7, 8)
INSERT INTO dcr_ipaclookup (prod_code, pay_code, pay_sub_code, pay_sub_cur, pay_sub_desc, product_type_id, dcr_ipac_mapping_id) VALUES ('MF7', 'CHK', 'PSR', 'PHP', 'SBTC - DEPO SLIP CHQ - REGIONAL', 7, 5)
INSERT INTO dcr_ipaclookup (prod_code, pay_code, pay_sub_code, pay_sub_cur, pay_sub_desc, product_type_id, dcr_ipac_mapping_id) VALUES ('MF7', 'CHK', 'PSS', 'PHP', 'SBTC - DEPO SLIP CHQ - ON US', 7, 7)
INSERT INTO dcr_ipaclookup (prod_code, pay_code, pay_sub_code, pay_sub_cur, pay_sub_desc, product_type_id, dcr_ipac_mapping_id) VALUES ('MF7', 'CHK', 'PTL', 'PHP', 'MBTC - DEPO SLIP CHQ - LOCAL', 7, 4)
INSERT INTO dcr_ipaclookup (prod_code, pay_code, pay_sub_code, pay_sub_cur, pay_sub_desc, product_type_id, dcr_ipac_mapping_id) VALUES ('MF7', 'CHK', 'PTO', 'PHP', 'MBTC - DEPO SLIP CHQ -OUT OF TOWN', 7, 8)
INSERT INTO dcr_ipaclookup (prod_code, pay_code, pay_sub_code, pay_sub_cur, pay_sub_desc, product_type_id, dcr_ipac_mapping_id) VALUES ('MF7', 'CHK', 'PTR', 'PHP', 'MBTC - DEPO SLIP CHQ - REGIONAL', 7, 5)
INSERT INTO dcr_ipaclookup (prod_code, pay_code, pay_sub_code, pay_sub_cur, pay_sub_desc, product_type_id, dcr_ipac_mapping_id) VALUES ('MF7', 'CHK', 'PTS', 'PHP', 'MBTC - DEPO SLIP CHQ - ON US', 7, 7)
INSERT INTO dcr_ipaclookup (prod_code, pay_code, pay_sub_code, pay_sub_cur, pay_sub_desc, product_type_id, dcr_ipac_mapping_id) VALUES ('MF7', 'CHK', 'PUL', 'PHP', 'UCPB - DEPO SLIP CHQ - LOCAL', 7, 4)
INSERT INTO dcr_ipaclookup (prod_code, pay_code, pay_sub_code, pay_sub_cur, pay_sub_desc, product_type_id, dcr_ipac_mapping_id) VALUES ('MF7', 'CHK', 'PUO', 'PHP', 'UCPB - DEPO SLIP CHQ -OUT OF TOWN', 7, 8)
INSERT INTO dcr_ipaclookup (prod_code, pay_code, pay_sub_code, pay_sub_cur, pay_sub_desc, product_type_id, dcr_ipac_mapping_id) VALUES ('MF7', 'CHK', 'PUR', 'PHP', 'UCPB - DEPO SLIP CHQ - REGIONAL', 7, 5)
INSERT INTO dcr_ipaclookup (prod_code, pay_code, pay_sub_code, pay_sub_cur, pay_sub_desc, product_type_id, dcr_ipac_mapping_id) VALUES ('MF7', 'CHK', 'PUS', 'PHP', 'UCPB - DEPO SLIP CHQ - ON US', 7, 7)
INSERT INTO dcr_ipaclookup (prod_code, pay_code, pay_sub_code, pay_sub_cur, pay_sub_desc, product_type_id, dcr_ipac_mapping_id) VALUES ('MF7', 'CHK', 'R/C', 'PHP', 'REGIONAL CHECK', 7, 10)
INSERT INTO dcr_ipaclookup (prod_code, pay_code, pay_sub_code, pay_sub_cur, pay_sub_desc, product_type_id, dcr_ipac_mapping_id) VALUES ('MF7', 'CHK', 'SCL', 'PHP', 'SCB - DEPO SLIP CHQ - LOCAL', 7, 4)
INSERT INTO dcr_ipaclookup (prod_code, pay_code, pay_sub_code, pay_sub_cur, pay_sub_desc, product_type_id, dcr_ipac_mapping_id) VALUES ('MF7', 'CHK', 'SCO', 'PHP', 'SCB - DEPO SLIP CHQ -OUT OF TOWN', 7, 8)
INSERT INTO dcr_ipaclookup (prod_code, pay_code, pay_sub_code, pay_sub_cur, pay_sub_desc, product_type_id, dcr_ipac_mapping_id) VALUES ('MF7', 'CHK', 'SCR', 'PHP', 'SCB - DEPO SLIP CHQ - REGIONAL', 7, 5)
INSERT INTO dcr_ipaclookup (prod_code, pay_code, pay_sub_code, pay_sub_cur, pay_sub_desc, product_type_id, dcr_ipac_mapping_id) VALUES ('MF7', 'CHK', 'SCS', 'PHP', 'SCB - DEPO SLIP CHQ - ON US', 7, 7)
INSERT INTO dcr_ipaclookup (prod_code, pay_code, pay_sub_code, pay_sub_cur, pay_sub_desc, product_type_id, dcr_ipac_mapping_id) VALUES ('MF20', 'CSH', 'C/M', 'PHP', 'CREDIT MEMO', 8, 23)
INSERT INTO dcr_ipaclookup (prod_code, pay_code, pay_sub_code, pay_sub_cur, pay_sub_desc, product_type_id, dcr_ipac_mapping_id) VALUES ('MF20', 'CSH', 'CPH', 'PHP', 'PESO CASH', 8, 3)
INSERT INTO dcr_ipaclookup (prod_code, pay_code, pay_sub_code, pay_sub_cur, pay_sub_desc, product_type_id, dcr_ipac_mapping_id) VALUES ('MF20', 'CSH', 'MBT', 'PHP', 'MBTC - DEPO SLIP CASH', 8, 1)
INSERT INTO dcr_ipaclookup (prod_code, pay_code, pay_sub_code, pay_sub_cur, pay_sub_desc, product_type_id, dcr_ipac_mapping_id) VALUES ('MF20', 'CSH', 'MCB', 'PHP', 'BDO - DEPO SLIP CASH', 8, 1)
INSERT INTO dcr_ipaclookup (prod_code, pay_code, pay_sub_code, pay_sub_cur, pay_sub_desc, product_type_id, dcr_ipac_mapping_id) VALUES ('MF20', 'CSH', 'MCC', 'PHP', 'CITI - DEPO SLIP CASH', 8, 1)
INSERT INTO dcr_ipaclookup (prod_code, pay_code, pay_sub_code, pay_sub_cur, pay_sub_desc, product_type_id, dcr_ipac_mapping_id) VALUES ('MF20', 'CSH', 'MCE', 'PHP', 'EPCI - DEPO SLIP CASH', 8, 1)
INSERT INTO dcr_ipaclookup (prod_code, pay_code, pay_sub_code, pay_sub_cur, pay_sub_desc, product_type_id, dcr_ipac_mapping_id) VALUES ('MF20', 'CSH', 'MCH', 'PHP', 'HSBC - DEPO SLIP CASH', 8, 1)
INSERT INTO dcr_ipaclookup (prod_code, pay_code, pay_sub_code, pay_sub_cur, pay_sub_desc, product_type_id, dcr_ipac_mapping_id) VALUES ('MF20', 'CSH', 'MCL', 'PHP', 'LBP - DEPO SLIP CASH', 8, 1)
INSERT INTO dcr_ipaclookup (prod_code, pay_code, pay_sub_code, pay_sub_cur, pay_sub_desc, product_type_id, dcr_ipac_mapping_id) VALUES ('MF20', 'CSH', 'MCM', 'PHP', 'MYB - DEPO SLIP CASH', 8, 1)
INSERT INTO dcr_ipaclookup (prod_code, pay_code, pay_sub_code, pay_sub_cur, pay_sub_desc, product_type_id, dcr_ipac_mapping_id) VALUES ('MF20', 'CSH', 'MCN', 'PHP', 'UCPB - DEPO SLIP CASH', 8, 1)
INSERT INTO dcr_ipaclookup (prod_code, pay_code, pay_sub_code, pay_sub_cur, pay_sub_desc, product_type_id, dcr_ipac_mapping_id) VALUES ('MF20', 'CSH', 'MCP', 'PHP', 'PNB - DEPO SLIP CASH', 8, 1)
INSERT INTO dcr_ipaclookup (prod_code, pay_code, pay_sub_code, pay_sub_cur, pay_sub_desc, product_type_id, dcr_ipac_mapping_id) VALUES ('MF20', 'CSH', 'MCR', 'PHP', 'Chinabank - DEPO CASH', 8, 1)
INSERT INTO dcr_ipaclookup (prod_code, pay_code, pay_sub_code, pay_sub_cur, pay_sub_desc, product_type_id, dcr_ipac_mapping_id) VALUES ('MF20', 'CSH', 'MCS', 'PHP', 'SBTC - DEPO SLIP CASH', 8, 1)
INSERT INTO dcr_ipaclookup (prod_code, pay_code, pay_sub_code, pay_sub_cur, pay_sub_desc, product_type_id, dcr_ipac_mapping_id) VALUES ('MF20', 'CSH', 'MCT', 'PHP', 'BPI - DEPO SLIP CASH', 8, 1)
INSERT INTO dcr_ipaclookup (prod_code, pay_code, pay_sub_code, pay_sub_cur, pay_sub_desc, product_type_id, dcr_ipac_mapping_id) VALUES ('MF20', 'CSH', 'MCU', 'PHP', 'SCB - DEPO SLIP CASH', 8, 1)
INSERT INTO dcr_ipaclookup (prod_code, pay_code, pay_sub_code, pay_sub_cur, pay_sub_desc, product_type_id, dcr_ipac_mapping_id) VALUES ('MF20', 'CSH', 'MSB', 'PHP', 'RCBC - DEPO SLIP CASH', 8, 1)
INSERT INTO dcr_ipaclookup (prod_code, pay_code, pay_sub_code, pay_sub_cur, pay_sub_desc, product_type_id, dcr_ipac_mapping_id) VALUES ('MF20', 'CSH', 'MTB', 'PHP', 'Chinatrust - DEPO SLIP CASH', 8, 1)
INSERT INTO dcr_ipaclookup (prod_code, pay_code, pay_sub_code, pay_sub_cur, pay_sub_desc, product_type_id, dcr_ipac_mapping_id) VALUES ('MF20', 'CHK', 'CHL', 'PHP', 'Chinabank - DEPO SLIP CHQ - LOCAL', 8, 4)
INSERT INTO dcr_ipaclookup (prod_code, pay_code, pay_sub_code, pay_sub_cur, pay_sub_desc, product_type_id, dcr_ipac_mapping_id) VALUES ('MF20', 'CHK', 'CHO', 'PHP', 'Chinabank - DEPO SLIP CHQ -OUT OF TOWN', 8, 8)
INSERT INTO dcr_ipaclookup (prod_code, pay_code, pay_sub_code, pay_sub_cur, pay_sub_desc, product_type_id, dcr_ipac_mapping_id) VALUES ('MF20', 'CHK', 'CHR', 'PHP', 'Chinabank - DEPO SLIP CHQ - REGIONAL', 8, 5)
INSERT INTO dcr_ipaclookup (prod_code, pay_code, pay_sub_code, pay_sub_cur, pay_sub_desc, product_type_id, dcr_ipac_mapping_id) VALUES ('MF20', 'CHK', 'CHS', 'PHP', 'Chinabank - DEPO SLIP CHQ - ON US', 8, 7)
INSERT INTO dcr_ipaclookup (prod_code, pay_code, pay_sub_code, pay_sub_cur, pay_sub_desc, product_type_id, dcr_ipac_mapping_id) VALUES ('MF20', 'CHK', 'CTL', 'PHP', 'Chinatrust -  DEPO SLIP CHQ - LOCAL', 8, 4)
INSERT INTO dcr_ipaclookup (prod_code, pay_code, pay_sub_code, pay_sub_cur, pay_sub_desc, product_type_id, dcr_ipac_mapping_id) VALUES ('MF20', 'CHK', 'CTO', 'PHP', 'Chinatrust - DEPO SLIP CHQ -OUT OF TOWN', 8, 8)
INSERT INTO dcr_ipaclookup (prod_code, pay_code, pay_sub_code, pay_sub_cur, pay_sub_desc, product_type_id, dcr_ipac_mapping_id) VALUES ('MF20', 'CHK', 'CTR', 'PHP', 'Chinatrust - DEPO SLIP CHQ - REGIONAL', 8, 5)
INSERT INTO dcr_ipaclookup (prod_code, pay_code, pay_sub_code, pay_sub_cur, pay_sub_desc, product_type_id, dcr_ipac_mapping_id) VALUES ('MF20', 'CHK', 'CTS', 'PHP', 'Chinatrust - DEPO SLIP CHQ - ON US', 8, 7)
INSERT INTO dcr_ipaclookup (prod_code, pay_code, pay_sub_code, pay_sub_cur, pay_sub_desc, product_type_id, dcr_ipac_mapping_id) VALUES ('MF20', 'CHK', 'L/C', 'PHP', 'LOCAL CHECK', 8, 9)
INSERT INTO dcr_ipaclookup (prod_code, pay_code, pay_sub_code, pay_sub_cur, pay_sub_desc, product_type_id, dcr_ipac_mapping_id) VALUES ('MF20', 'CHK', 'O/C', 'PHP', 'OUT-OF-TOWN CHECK', 8, 12)
INSERT INTO dcr_ipaclookup (prod_code, pay_code, pay_sub_code, pay_sub_cur, pay_sub_desc, product_type_id, dcr_ipac_mapping_id) VALUES ('MF20', 'CHK', 'OUC', 'PHP', 'ON US CHECK', 8, 11)
INSERT INTO dcr_ipaclookup (prod_code, pay_code, pay_sub_code, pay_sub_cur, pay_sub_desc, product_type_id, dcr_ipac_mapping_id) VALUES ('MF20', 'CHK', 'PBL', 'PHP', 'BDO - DEPO SLIP CHQ - LOCAL', 8, 4)
INSERT INTO dcr_ipaclookup (prod_code, pay_code, pay_sub_code, pay_sub_cur, pay_sub_desc, product_type_id, dcr_ipac_mapping_id) VALUES ('MF20', 'CHK', 'PBO', 'PHP', 'BDO - DEPO SLIP CHQ -OUT OF TOWN', 8, 8)
INSERT INTO dcr_ipaclookup (prod_code, pay_code, pay_sub_code, pay_sub_cur, pay_sub_desc, product_type_id, dcr_ipac_mapping_id) VALUES ('MF20', 'CHK', 'PBR', 'PHP', 'BDO - DEPO SLIP CHQ - REGIONAL', 8, 5)
INSERT INTO dcr_ipaclookup (prod_code, pay_code, pay_sub_code, pay_sub_cur, pay_sub_desc, product_type_id, dcr_ipac_mapping_id) VALUES ('MF20', 'CHK', 'PBS', 'PHP', 'BDO - DEPO SLIP CHQ - ON US', 8, 7)
INSERT INTO dcr_ipaclookup (prod_code, pay_code, pay_sub_code, pay_sub_cur, pay_sub_desc, product_type_id, dcr_ipac_mapping_id) VALUES ('MF20', 'CHK', 'PCL', 'PHP', 'CITI - DEPO SLIP CHQ - LOCAL', 8, 4)
INSERT INTO dcr_ipaclookup (prod_code, pay_code, pay_sub_code, pay_sub_cur, pay_sub_desc, product_type_id, dcr_ipac_mapping_id) VALUES ('MF20', 'CHK', 'PCO', 'PHP', 'CITI - DEPO SLIP CHQ -OUT OF TOWN', 8, 8)
INSERT INTO dcr_ipaclookup (prod_code, pay_code, pay_sub_code, pay_sub_cur, pay_sub_desc, product_type_id, dcr_ipac_mapping_id) VALUES ('MF20', 'CHK', 'PCR', 'PHP', 'CITI - DEPO SLIP CHQ - REGIONAL', 8, 5)
INSERT INTO dcr_ipaclookup (prod_code, pay_code, pay_sub_code, pay_sub_cur, pay_sub_desc, product_type_id, dcr_ipac_mapping_id) VALUES ('MF20', 'CHK', 'PCS', 'PHP', 'CITI - DEPO SLIP CHQ - ON US', 8, 7)
INSERT INTO dcr_ipaclookup (prod_code, pay_code, pay_sub_code, pay_sub_cur, pay_sub_desc, product_type_id, dcr_ipac_mapping_id) VALUES ('MF20', 'CHK', 'PEL', 'PHP', 'EPCI - DEPO SLIP CHQ - LOCAL', 8, 4)
INSERT INTO dcr_ipaclookup (prod_code, pay_code, pay_sub_code, pay_sub_cur, pay_sub_desc, product_type_id, dcr_ipac_mapping_id) VALUES ('MF20', 'CHK', 'PEO', 'PHP', 'EPCI - DEPO SLIP CHQ -OUT OF TOWN', 8, 8)
INSERT INTO dcr_ipaclookup (prod_code, pay_code, pay_sub_code, pay_sub_cur, pay_sub_desc, product_type_id, dcr_ipac_mapping_id) VALUES ('MF20', 'CHK', 'PER', 'PHP', 'EPCI - DEPO SLIP CHQ - REGIONAL', 8, 5)
INSERT INTO dcr_ipaclookup (prod_code, pay_code, pay_sub_code, pay_sub_cur, pay_sub_desc, product_type_id, dcr_ipac_mapping_id) VALUES ('MF20', 'CHK', 'PES', 'PHP', 'EPCI - DEPO SLIP CHQ - ON US', 8, 7)
INSERT INTO dcr_ipaclookup (prod_code, pay_code, pay_sub_code, pay_sub_cur, pay_sub_desc, product_type_id, dcr_ipac_mapping_id) VALUES ('MF20', 'CHK', 'PHL', 'PHP', 'HSBC - DEPO SLIP CHQ - LOCAL', 8, 4)
INSERT INTO dcr_ipaclookup (prod_code, pay_code, pay_sub_code, pay_sub_cur, pay_sub_desc, product_type_id, dcr_ipac_mapping_id) VALUES ('MF20', 'CHK', 'PHO', 'PHP', 'HSBC - DEPO SLIP CHQ -OUT OF TOWN', 8, 8)
INSERT INTO dcr_ipaclookup (prod_code, pay_code, pay_sub_code, pay_sub_cur, pay_sub_desc, product_type_id, dcr_ipac_mapping_id) VALUES ('MF20', 'CHK', 'PHR', 'PHP', 'HSBC - DEPO SLIP CHQ - REGIONAL', 8, 5)
INSERT INTO dcr_ipaclookup (prod_code, pay_code, pay_sub_code, pay_sub_cur, pay_sub_desc, product_type_id, dcr_ipac_mapping_id) VALUES ('MF20', 'CHK', 'PHS', 'PHP', 'HSBC - DEPO SLIP CHQ - ON US', 8, 7)
INSERT INTO dcr_ipaclookup (prod_code, pay_code, pay_sub_code, pay_sub_cur, pay_sub_desc, product_type_id, dcr_ipac_mapping_id) VALUES ('MF20', 'CHK', 'PLL', 'PHP', 'LBP - DEPO SLIP CHQ - LOCAL', 8, 4)
INSERT INTO dcr_ipaclookup (prod_code, pay_code, pay_sub_code, pay_sub_cur, pay_sub_desc, product_type_id, dcr_ipac_mapping_id) VALUES ('MF20', 'CHK', 'PLO', 'PHP', 'LBP - DEPO SLIP CHQ -OUT OF TOWN', 8, 8)
INSERT INTO dcr_ipaclookup (prod_code, pay_code, pay_sub_code, pay_sub_cur, pay_sub_desc, product_type_id, dcr_ipac_mapping_id) VALUES ('MF20', 'CHK', 'PLR', 'PHP', 'LBP - DEPO SLIP CHQ - REGIONAL', 8, 5)
INSERT INTO dcr_ipaclookup (prod_code, pay_code, pay_sub_code, pay_sub_cur, pay_sub_desc, product_type_id, dcr_ipac_mapping_id) VALUES ('MF20', 'CHK', 'PLS', 'PHP', 'LBP - DEPO SLIP CHQ - ON US', 8, 7)
INSERT INTO dcr_ipaclookup (prod_code, pay_code, pay_sub_code, pay_sub_cur, pay_sub_desc, product_type_id, dcr_ipac_mapping_id) VALUES ('MF20', 'CHK', 'PML', 'PHP', 'MYB - DEPO SLIP CHQ - LOCAL', 8, 4)
INSERT INTO dcr_ipaclookup (prod_code, pay_code, pay_sub_code, pay_sub_cur, pay_sub_desc, product_type_id, dcr_ipac_mapping_id) VALUES ('MF20', 'CHK', 'PMO', 'PHP', 'MYB - DEPO SLIP CHQ -OUT OF TOWN', 8, 8)
INSERT INTO dcr_ipaclookup (prod_code, pay_code, pay_sub_code, pay_sub_cur, pay_sub_desc, product_type_id, dcr_ipac_mapping_id) VALUES ('MF20', 'CHK', 'PMR', 'PHP', 'MYB - DEPO SLIP CHQ - REGIONAL', 8, 5)
INSERT INTO dcr_ipaclookup (prod_code, pay_code, pay_sub_code, pay_sub_cur, pay_sub_desc, product_type_id, dcr_ipac_mapping_id) VALUES ('MF20', 'CHK', 'PMS', 'PHP', 'MYB - DEPO SLIP CHQ - ON US', 8, 7)
INSERT INTO dcr_ipaclookup (prod_code, pay_code, pay_sub_code, pay_sub_cur, pay_sub_desc, product_type_id, dcr_ipac_mapping_id) VALUES ('MF20', 'CHK', 'PNL', 'PHP', 'PNB - DEPO SLIP CHQ - LOCAL', 8, 4)
INSERT INTO dcr_ipaclookup (prod_code, pay_code, pay_sub_code, pay_sub_cur, pay_sub_desc, product_type_id, dcr_ipac_mapping_id) VALUES ('MF20', 'CHK', 'PNO', 'PHP', 'PNB - DEPO SLIP CHQ -OUT OF TOWN', 8, 8)
INSERT INTO dcr_ipaclookup (prod_code, pay_code, pay_sub_code, pay_sub_cur, pay_sub_desc, product_type_id, dcr_ipac_mapping_id) VALUES ('MF20', 'CHK', 'PNR', 'PHP', 'PNB - DEPO SLIP CHQ - REGIONAL', 8, 5)
INSERT INTO dcr_ipaclookup (prod_code, pay_code, pay_sub_code, pay_sub_cur, pay_sub_desc, product_type_id, dcr_ipac_mapping_id) VALUES ('MF20', 'CHK', 'PNS', 'PHP', 'PNB - DEPO SLIP CHQ - ON US', 8, 7)
INSERT INTO dcr_ipaclookup (prod_code, pay_code, pay_sub_code, pay_sub_cur, pay_sub_desc, product_type_id, dcr_ipac_mapping_id) VALUES ('MF20', 'CHK', 'PPL', 'PHP', 'BPI - DEPO SLIP CHQ - LOCAL', 8, 4)
INSERT INTO dcr_ipaclookup (prod_code, pay_code, pay_sub_code, pay_sub_cur, pay_sub_desc, product_type_id, dcr_ipac_mapping_id) VALUES ('MF20', 'CHK', 'PPO', 'PHP', 'BPI - DEPO SLIP CHQ -OUT OF TOWN', 8, 8)
INSERT INTO dcr_ipaclookup (prod_code, pay_code, pay_sub_code, pay_sub_cur, pay_sub_desc, product_type_id, dcr_ipac_mapping_id) VALUES ('MF20', 'CHK', 'PPR', 'PHP', 'BPI - DEPO SLIP CHQ - REGIONAL', 8, 5)
INSERT INTO dcr_ipaclookup (prod_code, pay_code, pay_sub_code, pay_sub_cur, pay_sub_desc, product_type_id, dcr_ipac_mapping_id) VALUES ('MF20', 'CHK', 'PPS', 'PHP', 'BPI - DEPO SLIP CHQ - ON US', 8, 7)
INSERT INTO dcr_ipaclookup (prod_code, pay_code, pay_sub_code, pay_sub_cur, pay_sub_desc, product_type_id, dcr_ipac_mapping_id) VALUES ('MF20', 'CHK', 'PRL', 'PHP', 'RCBC - DEPO SLIP CHQ - LOCAL', 8, 4)
INSERT INTO dcr_ipaclookup (prod_code, pay_code, pay_sub_code, pay_sub_cur, pay_sub_desc, product_type_id, dcr_ipac_mapping_id) VALUES ('MF20', 'CHK', 'PRO', 'PHP', 'RCBC - DEPO SLIP CHQ -OUT OF TOWN', 8, 8)
INSERT INTO dcr_ipaclookup (prod_code, pay_code, pay_sub_code, pay_sub_cur, pay_sub_desc, product_type_id, dcr_ipac_mapping_id) VALUES ('MF20', 'CHK', 'PRR', 'PHP', 'RCBC - DEPO SLIP CHQ - REGIONAL', 8, 5)
INSERT INTO dcr_ipaclookup (prod_code, pay_code, pay_sub_code, pay_sub_cur, pay_sub_desc, product_type_id, dcr_ipac_mapping_id) VALUES ('MF20', 'CHK', 'PRS', 'PHP', 'RCBC - DEPO SLIP CHQ - ON US', 8, 7)
INSERT INTO dcr_ipaclookup (prod_code, pay_code, pay_sub_code, pay_sub_cur, pay_sub_desc, product_type_id, dcr_ipac_mapping_id) VALUES ('MF20', 'CHK', 'PSL', 'PHP', 'SBTC - DEPO SLIP CHQ - LOCAL', 8, 4)
INSERT INTO dcr_ipaclookup (prod_code, pay_code, pay_sub_code, pay_sub_cur, pay_sub_desc, product_type_id, dcr_ipac_mapping_id) VALUES ('MF20', 'CHK', 'PSO', 'PHP', 'SBTC - DEPO SLIP CHQ -OUT OF TOWN', 8, 8)
INSERT INTO dcr_ipaclookup (prod_code, pay_code, pay_sub_code, pay_sub_cur, pay_sub_desc, product_type_id, dcr_ipac_mapping_id) VALUES ('MF20', 'CHK', 'PSR', 'PHP', 'SBTC - DEPO SLIP CHQ - REGIONAL', 8, 5)
INSERT INTO dcr_ipaclookup (prod_code, pay_code, pay_sub_code, pay_sub_cur, pay_sub_desc, product_type_id, dcr_ipac_mapping_id) VALUES ('MF20', 'CHK', 'PSS', 'PHP', 'SBTC - DEPO SLIP CHQ - ON US', 8, 7)
INSERT INTO dcr_ipaclookup (prod_code, pay_code, pay_sub_code, pay_sub_cur, pay_sub_desc, product_type_id, dcr_ipac_mapping_id) VALUES ('MF20', 'CHK', 'PTL', 'PHP', 'MBTC - DEPO SLIP CHQ - LOCAL', 8, 4)
INSERT INTO dcr_ipaclookup (prod_code, pay_code, pay_sub_code, pay_sub_cur, pay_sub_desc, product_type_id, dcr_ipac_mapping_id) VALUES ('MF20', 'CHK', 'PTO', 'PHP', 'MBTC - DEPO SLIP CHQ -OUT OF TOWN', 8, 8)
INSERT INTO dcr_ipaclookup (prod_code, pay_code, pay_sub_code, pay_sub_cur, pay_sub_desc, product_type_id, dcr_ipac_mapping_id) VALUES ('MF20', 'CHK', 'PTR', 'PHP', 'MBTC - DEPO SLIP CHQ - REGIONAL', 8, 5)
INSERT INTO dcr_ipaclookup (prod_code, pay_code, pay_sub_code, pay_sub_cur, pay_sub_desc, product_type_id, dcr_ipac_mapping_id) VALUES ('MF20', 'CHK', 'PTS', 'PHP', 'MBTC - DEPO SLIP CHQ - ON US', 8, 7)
INSERT INTO dcr_ipaclookup (prod_code, pay_code, pay_sub_code, pay_sub_cur, pay_sub_desc, product_type_id, dcr_ipac_mapping_id) VALUES ('MF20', 'CHK', 'PUL', 'PHP', 'UCPB - DEPO SLIP CHQ - LOCAL', 8, 4)
INSERT INTO dcr_ipaclookup (prod_code, pay_code, pay_sub_code, pay_sub_cur, pay_sub_desc, product_type_id, dcr_ipac_mapping_id) VALUES ('MF20', 'CHK', 'PUO', 'PHP', 'UCPB - DEPO SLIP CHQ -OUT OF TOWN', 8, 8)
INSERT INTO dcr_ipaclookup (prod_code, pay_code, pay_sub_code, pay_sub_cur, pay_sub_desc, product_type_id, dcr_ipac_mapping_id) VALUES ('MF20', 'CHK', 'PUR', 'PHP', 'UCPB - DEPO SLIP CHQ - REGIONAL', 8, 5)
INSERT INTO dcr_ipaclookup (prod_code, pay_code, pay_sub_code, pay_sub_cur, pay_sub_desc, product_type_id, dcr_ipac_mapping_id) VALUES ('MF20', 'CHK', 'PUS', 'PHP', 'UCPB - DEPO SLIP CHQ - ON US', 8, 7)
INSERT INTO dcr_ipaclookup (prod_code, pay_code, pay_sub_code, pay_sub_cur, pay_sub_desc, product_type_id, dcr_ipac_mapping_id) VALUES ('MF20', 'CHK', 'R/C', 'PHP', 'REGIONAL CHECK', 8, 10)
INSERT INTO dcr_ipaclookup (prod_code, pay_code, pay_sub_code, pay_sub_cur, pay_sub_desc, product_type_id, dcr_ipac_mapping_id) VALUES ('MF20', 'CHK', 'SCL', 'PHP', 'SCB - DEPO SLIP CHQ - LOCAL', 8, 4)
INSERT INTO dcr_ipaclookup (prod_code, pay_code, pay_sub_code, pay_sub_cur, pay_sub_desc, product_type_id, dcr_ipac_mapping_id) VALUES ('MF20', 'CHK', 'SCO', 'PHP', 'SCB - DEPO SLIP CHQ -OUT OF TOWN', 8, 8)
INSERT INTO dcr_ipaclookup (prod_code, pay_code, pay_sub_code, pay_sub_cur, pay_sub_desc, product_type_id, dcr_ipac_mapping_id) VALUES ('MF20', 'CHK', 'SCR', 'PHP', 'SCB - DEPO SLIP CHQ - REGIONAL', 8, 5)
INSERT INTO dcr_ipaclookup (prod_code, pay_code, pay_sub_code, pay_sub_cur, pay_sub_desc, product_type_id, dcr_ipac_mapping_id) VALUES ('MF20', 'CHK', 'SCS', 'PHP', 'SCB - DEPO SLIP CHQ - ON US', 8, 7)
INSERT INTO dcr_ipaclookup (prod_code, pay_code, pay_sub_code, pay_sub_cur, pay_sub_desc, product_type_id, dcr_ipac_mapping_id) VALUES ('MF21', 'CHK', 'DBO', 'USD', 'BDO - DEPO SLIP CHEQUE', 9, 5)
INSERT INTO dcr_ipaclookup (prod_code, pay_code, pay_sub_code, pay_sub_cur, pay_sub_desc, product_type_id, dcr_ipac_mapping_id) VALUES ('MF21', 'CHK', 'DBW', 'USD', 'BPI - DEPO SLIP CHEQUE - WITHIN NEW YORK', 9, 5)
INSERT INTO dcr_ipaclookup (prod_code, pay_code, pay_sub_code, pay_sub_cur, pay_sub_desc, product_type_id, dcr_ipac_mapping_id) VALUES ('MF21', 'CHK', 'DBY', 'USD', 'BPI - DEPO SLIP CHEQUE - OUTSIDE NEW YORK', 9, 5)
INSERT INTO dcr_ipaclookup (prod_code, pay_code, pay_sub_code, pay_sub_cur, pay_sub_desc, product_type_id, dcr_ipac_mapping_id) VALUES ('MF21', 'CHK', 'DCK', 'USD', 'DOLLAR CHEQUE', 9, 10)
INSERT INTO dcr_ipaclookup (prod_code, pay_code, pay_sub_code, pay_sub_cur, pay_sub_desc, product_type_id, dcr_ipac_mapping_id) VALUES ('MF21', 'CHK', 'DCT', 'USD', 'Chinatrust - DEPO SLIP CHEQUE', 9, 5)
INSERT INTO dcr_ipaclookup (prod_code, pay_code, pay_sub_code, pay_sub_cur, pay_sub_desc, product_type_id, dcr_ipac_mapping_id) VALUES ('MF21', 'CHK', 'DCU', 'USD', 'CITI - DEPO SLIP CHEQUE - WITHIN USA', 9, 5)
INSERT INTO dcr_ipaclookup (prod_code, pay_code, pay_sub_code, pay_sub_cur, pay_sub_desc, product_type_id, dcr_ipac_mapping_id) VALUES ('MF21', 'CHK', 'DDD', 'USD', 'DEUTSCHE - DEPO SLIP CHEQUE', 9, 5)
INSERT INTO dcr_ipaclookup (prod_code, pay_code, pay_sub_code, pay_sub_cur, pay_sub_desc, product_type_id, dcr_ipac_mapping_id) VALUES ('MF21', 'CHK', 'DEC', 'USD', 'EPCI - DEPO SLIP CHEQUE', 9, 5)
INSERT INTO dcr_ipaclookup (prod_code, pay_code, pay_sub_code, pay_sub_cur, pay_sub_desc, product_type_id, dcr_ipac_mapping_id) VALUES ('MF21', 'CHK', 'DHC', 'USD', 'HSBC - DEPO SLIP CHEQUE', 9, 5)
INSERT INTO dcr_ipaclookup (prod_code, pay_code, pay_sub_code, pay_sub_cur, pay_sub_desc, product_type_id, dcr_ipac_mapping_id) VALUES ('MF21', 'CHK', 'DMC', 'USD', 'MYB - DEPO SLIP CHEQUE', 9, 5)
INSERT INTO dcr_ipaclookup (prod_code, pay_code, pay_sub_code, pay_sub_cur, pay_sub_desc, product_type_id, dcr_ipac_mapping_id) VALUES ('MF21', 'CHK', 'DMW', 'USD', 'MBTC - DEPO SLIP CHEQUE - WITHIN USA', 9, 5)
INSERT INTO dcr_ipaclookup (prod_code, pay_code, pay_sub_code, pay_sub_cur, pay_sub_desc, product_type_id, dcr_ipac_mapping_id) VALUES ('MF21', 'CHK', 'DMY', 'USD', 'MBTC - DEPO SLIP CHEQUE - OUTSIDE USA / HK', 9, 5)
INSERT INTO dcr_ipaclookup (prod_code, pay_code, pay_sub_code, pay_sub_cur, pay_sub_desc, product_type_id, dcr_ipac_mapping_id) VALUES ('MF21', 'CHK', 'DPC', 'USD', 'PNB - DEPO SLIP CHEQUE', 9, 5)
INSERT INTO dcr_ipaclookup (prod_code, pay_code, pay_sub_code, pay_sub_cur, pay_sub_desc, product_type_id, dcr_ipac_mapping_id) VALUES ('MF21', 'CHK', 'DRC', 'USD', 'RCBC - DEPO SLIP CHEQUE', 9, 5)
INSERT INTO dcr_ipaclookup (prod_code, pay_code, pay_sub_code, pay_sub_cur, pay_sub_desc, product_type_id, dcr_ipac_mapping_id) VALUES ('MF21', 'CHK', 'DSB', 'USD', 'SBTC - DEPO SLIP CHEQUE', 9, 5)
INSERT INTO dcr_ipaclookup (prod_code, pay_code, pay_sub_code, pay_sub_cur, pay_sub_desc, product_type_id, dcr_ipac_mapping_id) VALUES ('MF21', 'CHK', 'DSC', 'USD', 'SCB - DEPO SLIP CHEQUE', 9, 5)
INSERT INTO dcr_ipaclookup (prod_code, pay_code, pay_sub_code, pay_sub_cur, pay_sub_desc, product_type_id, dcr_ipac_mapping_id) VALUES ('MF21', 'CHK', 'DUB', 'USD', 'UCPB - DEPO SLIP CHEQUE', 9, 5)
INSERT INTO dcr_ipaclookup (prod_code, pay_code, pay_sub_code, pay_sub_cur, pay_sub_desc, product_type_id, dcr_ipac_mapping_id) VALUES ('MF21', 'CSH', 'UBO', 'USD', 'BDO - DEPO SLIP CASH', 9, 1)
INSERT INTO dcr_ipaclookup (prod_code, pay_code, pay_sub_code, pay_sub_cur, pay_sub_desc, product_type_id, dcr_ipac_mapping_id) VALUES ('MF21', 'CSH', 'UBP', 'USD', 'BPI - DEPO SLIP CASH', 9, 1)
INSERT INTO dcr_ipaclookup (prod_code, pay_code, pay_sub_code, pay_sub_cur, pay_sub_desc, product_type_id, dcr_ipac_mapping_id) VALUES ('MF21', 'CSH', 'UCB', 'USD', 'CITI - DEPO SLIP CASH', 9, 1)
INSERT INTO dcr_ipaclookup (prod_code, pay_code, pay_sub_code, pay_sub_cur, pay_sub_desc, product_type_id, dcr_ipac_mapping_id) VALUES ('MF21', 'CSH', 'UCH', 'USD', '*DOLLAR CASH', 9, 3)
INSERT INTO dcr_ipaclookup (prod_code, pay_code, pay_sub_code, pay_sub_cur, pay_sub_desc, product_type_id, dcr_ipac_mapping_id) VALUES ('MF21', 'CSH', 'UCT', 'USD', 'Chinatrust - DEPO SLIP CASH', 9, 1)
INSERT INTO dcr_ipaclookup (prod_code, pay_code, pay_sub_code, pay_sub_cur, pay_sub_desc, product_type_id, dcr_ipac_mapping_id) VALUES ('MF21', 'CSH', 'UDD', 'USD', 'DEUTSCHE - DEPO SLIP CASH', 9, 1)
INSERT INTO dcr_ipaclookup (prod_code, pay_code, pay_sub_code, pay_sub_cur, pay_sub_desc, product_type_id, dcr_ipac_mapping_id) VALUES ('MF21', 'CSH', 'UEB', 'USD', 'EPCI - DEPO SLIP CASH', 9, 1)
INSERT INTO dcr_ipaclookup (prod_code, pay_code, pay_sub_code, pay_sub_cur, pay_sub_desc, product_type_id, dcr_ipac_mapping_id) VALUES ('MF21', 'CSH', 'UHK', 'USD', 'HSBC - DEPO SLIP CASH', 9, 1)
INSERT INTO dcr_ipaclookup (prod_code, pay_code, pay_sub_code, pay_sub_cur, pay_sub_desc, product_type_id, dcr_ipac_mapping_id) VALUES ('MF21', 'CSH', 'UMB', 'USD', 'MBTC - DEPO SLIP CASH', 9, 1)
INSERT INTO dcr_ipaclookup (prod_code, pay_code, pay_sub_code, pay_sub_cur, pay_sub_desc, product_type_id, dcr_ipac_mapping_id) VALUES ('MF21', 'CSH', 'UMY', 'USD', 'MYB - DEPO SLIP CASH', 9, 1)
INSERT INTO dcr_ipaclookup (prod_code, pay_code, pay_sub_code, pay_sub_cur, pay_sub_desc, product_type_id, dcr_ipac_mapping_id) VALUES ('MF21', 'CSH', 'UPN', 'USD', 'PNB - DEPO SLIP CASH', 9, 1)
INSERT INTO dcr_ipaclookup (prod_code, pay_code, pay_sub_code, pay_sub_cur, pay_sub_desc, product_type_id, dcr_ipac_mapping_id) VALUES ('MF21', 'CSH', 'URC', 'USD', 'UCPB - DEPO SLIP CASH', 9, 1)
INSERT INTO dcr_ipaclookup (prod_code, pay_code, pay_sub_code, pay_sub_cur, pay_sub_desc, product_type_id, dcr_ipac_mapping_id) VALUES ('MF21', 'CSH', 'USB', 'USD', 'RCBC - DEPO SLIP CASH', 9, 1)
INSERT INTO dcr_ipaclookup (prod_code, pay_code, pay_sub_code, pay_sub_cur, pay_sub_desc, product_type_id, dcr_ipac_mapping_id) VALUES ('MF21', 'CSH', 'USC', 'USD', 'SBTC - DEPO SLIP CASH', 9, 1)
INSERT INTO dcr_ipaclookup (prod_code, pay_code, pay_sub_code, pay_sub_cur, pay_sub_desc, product_type_id, dcr_ipac_mapping_id) VALUES ('MF21', 'CSH', 'UUP', 'USD', 'SCB - DEPO SLIP CASH', 9, 1)
INSERT INTO dcr_ipaclookup (prod_code, pay_code, pay_sub_code, pay_sub_cur, pay_sub_desc, product_type_id, dcr_ipac_mapping_id) VALUES ('PN', 'CSH', 'C/M', 'PHP', 'CREDIT MEMO', 11, 23)
INSERT INTO dcr_ipaclookup (prod_code, pay_code, pay_sub_code, pay_sub_cur, pay_sub_desc, product_type_id, dcr_ipac_mapping_id) VALUES ('PN', 'CSH', 'CPH', 'PHP', 'PESO CASH', 11, 3)
INSERT INTO dcr_ipaclookup (prod_code, pay_code, pay_sub_code, pay_sub_cur, pay_sub_desc, product_type_id, dcr_ipac_mapping_id) VALUES ('PN', 'CSH', 'DPB', 'PHP', 'BPI - DEPOSIT SLIP CASH', 11, 1)
INSERT INTO dcr_ipaclookup (prod_code, pay_code, pay_sub_code, pay_sub_cur, pay_sub_desc, product_type_id, dcr_ipac_mapping_id) VALUES ('PN', 'CSH', 'DPC', 'PHP', 'CITI - DEPOSIT SLIP CASH', 11, 1)
INSERT INTO dcr_ipaclookup (prod_code, pay_code, pay_sub_code, pay_sub_cur, pay_sub_desc, product_type_id, dcr_ipac_mapping_id) VALUES ('PN', 'CSH', 'DPE', 'PHP', 'EPCI - DEPOSIT SLIP CASH', 11, 1)
INSERT INTO dcr_ipaclookup (prod_code, pay_code, pay_sub_code, pay_sub_cur, pay_sub_desc, product_type_id, dcr_ipac_mapping_id) VALUES ('PN', 'CSH', 'DPH', 'PHP', 'CSC - DEPOSIT SLIP CASH', 11, 1)
INSERT INTO dcr_ipaclookup (prod_code, pay_code, pay_sub_code, pay_sub_cur, pay_sub_desc, product_type_id, dcr_ipac_mapping_id) VALUES ('PN', 'CSH', 'DPM', 'PHP', 'MBTC - DEPOSIT SLIP CASH', 11, 1)
INSERT INTO dcr_ipaclookup (prod_code, pay_code, pay_sub_code, pay_sub_cur, pay_sub_desc, product_type_id, dcr_ipac_mapping_id) VALUES ('PN', 'CSH', 'DPO', 'PHP', 'BDO - DEPOSIT SLIP CASH', 11, 1)
INSERT INTO dcr_ipaclookup (prod_code, pay_code, pay_sub_code, pay_sub_cur, pay_sub_desc, product_type_id, dcr_ipac_mapping_id) VALUES ('PN', 'CSH', 'DPP', 'PHP', 'PNB - DEPOSIT SLIP CASH', 11, 1)
INSERT INTO dcr_ipaclookup (prod_code, pay_code, pay_sub_code, pay_sub_cur, pay_sub_desc, product_type_id, dcr_ipac_mapping_id) VALUES ('PN', 'CSH', 'DPR', 'PHP', 'RCBC - DEPOSIT SLIP CASH', 11, 1)
INSERT INTO dcr_ipaclookup (prod_code, pay_code, pay_sub_code, pay_sub_cur, pay_sub_desc, product_type_id, dcr_ipac_mapping_id) VALUES ('PN', 'CSH', 'DPS', 'PHP', 'SBC - DEPOSIT SLIP CASH', 11, 1)
INSERT INTO dcr_ipaclookup (prod_code, pay_code, pay_sub_code, pay_sub_cur, pay_sub_desc, product_type_id, dcr_ipac_mapping_id) VALUES ('PN', 'CSH', 'DSP', 'PHP', 'DEPOSIT SLIP PESO CASH', 11, 1)
INSERT INTO dcr_ipaclookup (prod_code, pay_code, pay_sub_code, pay_sub_cur, pay_sub_desc, product_type_id, dcr_ipac_mapping_id) VALUES ('PN', 'CSH', 'TTL', 'PHP', 'TELEGRAPHIC TRANSFER LOCAL', 11, 2)
INSERT INTO dcr_ipaclookup (prod_code, pay_code, pay_sub_code, pay_sub_cur, pay_sub_desc, product_type_id, dcr_ipac_mapping_id) VALUES ('PN', 'CHK', 'CGD', 'PHP', 'PAYMENT OF CGD FROM INSURER', 11, 23)
INSERT INTO dcr_ipaclookup (prod_code, pay_code, pay_sub_code, pay_sub_cur, pay_sub_desc, product_type_id, dcr_ipac_mapping_id) VALUES ('PN', 'CHK', 'CGL', 'PHP', 'PAYMENT OF CGL FROM INSURER', 11, 23)
INSERT INTO dcr_ipaclookup (prod_code, pay_code, pay_sub_code, pay_sub_cur, pay_sub_desc, product_type_id, dcr_ipac_mapping_id) VALUES ('PN', 'CHK', 'DBO', 'PHP', 'BDO - DEPOSIT SLIP CHEQUE', 11, 4)
INSERT INTO dcr_ipaclookup (prod_code, pay_code, pay_sub_code, pay_sub_cur, pay_sub_desc, product_type_id, dcr_ipac_mapping_id) VALUES ('PN', 'CHK', 'DCB', 'PHP', 'BPI - DEPOSIT SLIP CHEQUE', 11, 4)
INSERT INTO dcr_ipaclookup (prod_code, pay_code, pay_sub_code, pay_sub_cur, pay_sub_desc, product_type_id, dcr_ipac_mapping_id) VALUES ('PN', 'CHK', 'DCC', 'PHP', 'CITI - DEPOSIT SLIP CHEQUE', 11, 4)
INSERT INTO dcr_ipaclookup (prod_code, pay_code, pay_sub_code, pay_sub_cur, pay_sub_desc, product_type_id, dcr_ipac_mapping_id) VALUES ('PN', 'CHK', 'DCE', 'PHP', 'EPCI - DEPOSIT SLIP CHEQUE', 11, 4)
INSERT INTO dcr_ipaclookup (prod_code, pay_code, pay_sub_code, pay_sub_cur, pay_sub_desc, product_type_id, dcr_ipac_mapping_id) VALUES ('PN', 'CHK', 'DCH', 'PHP', 'CSC - DEPOSIT SLIP CHEUQE', 11, 4)
INSERT INTO dcr_ipaclookup (prod_code, pay_code, pay_sub_code, pay_sub_cur, pay_sub_desc, product_type_id, dcr_ipac_mapping_id) VALUES ('PN', 'CHK', 'DCM', 'PHP', 'MBTC - DEPOSIT SLIP CHEQUE', 11, 4)
INSERT INTO dcr_ipaclookup (prod_code, pay_code, pay_sub_code, pay_sub_cur, pay_sub_desc, product_type_id, dcr_ipac_mapping_id) VALUES ('PN', 'CHK', 'DCP', 'PHP', 'PNB - DEPOSIT SLIP CHEQUE', 11, 4)
INSERT INTO dcr_ipaclookup (prod_code, pay_code, pay_sub_code, pay_sub_cur, pay_sub_desc, product_type_id, dcr_ipac_mapping_id) VALUES ('PN', 'CHK', 'DCR', 'PHP', 'RCBC - DEPOSIT SLIP CHEQUE', 11, 4)
INSERT INTO dcr_ipaclookup (prod_code, pay_code, pay_sub_code, pay_sub_cur, pay_sub_desc, product_type_id, dcr_ipac_mapping_id) VALUES ('PN', 'CHK', 'DCS', 'PHP', 'SBC - DEPOSIT SLIP CHEQUE', 11, 4)
INSERT INTO dcr_ipaclookup (prod_code, pay_code, pay_sub_code, pay_sub_cur, pay_sub_desc, product_type_id, dcr_ipac_mapping_id) VALUES ('PN', 'CHK', 'GYR', 'PHP', 'PAYMENT TO GYRT FROM INSURER', 11, 23)
INSERT INTO dcr_ipaclookup (prod_code, pay_code, pay_sub_code, pay_sub_cur, pay_sub_desc, product_type_id, dcr_ipac_mapping_id) VALUES ('PN', 'CHK', 'L/C', 'PHP', 'LOCAL CHECK', 11, 9)
INSERT INTO dcr_ipaclookup (prod_code, pay_code, pay_sub_code, pay_sub_cur, pay_sub_desc, product_type_id, dcr_ipac_mapping_id) VALUES ('PN', 'CHK', 'O/C', 'PHP', 'OUT-OF-TOWN CHECK', 11, 12)
INSERT INTO dcr_ipaclookup (prod_code, pay_code, pay_sub_code, pay_sub_cur, pay_sub_desc, product_type_id, dcr_ipac_mapping_id) VALUES ('PN', 'CHK', 'OUC', 'PHP', 'ON US CHECK', 11, 11)
INSERT INTO dcr_ipaclookup (prod_code, pay_code, pay_sub_code, pay_sub_cur, pay_sub_desc, product_type_id, dcr_ipac_mapping_id) VALUES ('PN', 'CHK', 'PMO', 'PHP', 'POSTAL MONEY ORDER', 11, 23)
INSERT INTO dcr_ipaclookup (prod_code, pay_code, pay_sub_code, pay_sub_cur, pay_sub_desc, product_type_id, dcr_ipac_mapping_id) VALUES ('PN', 'CHK', 'R/C', 'PHP', 'REGIONAL CHECK', 11, 10)
INSERT INTO dcr_ipaclookup (prod_code, pay_code, pay_sub_code, pay_sub_cur, pay_sub_desc, product_type_id, dcr_ipac_mapping_id) VALUES ('PN', 'CRD', 'BMP', 'PHP', 'MDS - BPI', 11, 17)
INSERT INTO dcr_ipaclookup (prod_code, pay_code, pay_sub_code, pay_sub_cur, pay_sub_desc, product_type_id, dcr_ipac_mapping_id) VALUES ('PN', 'CRD', 'BPP', 'PHP', 'POS - BPI', 11, 13)
INSERT INTO dcr_ipaclookup (prod_code, pay_code, pay_sub_code, pay_sub_cur, pay_sub_desc, product_type_id, dcr_ipac_mapping_id) VALUES ('PN', 'CRD', 'CMP', 'PHP', 'MDS - CITIBANK', 11, 18)
INSERT INTO dcr_ipaclookup (prod_code, pay_code, pay_sub_code, pay_sub_cur, pay_sub_desc, product_type_id, dcr_ipac_mapping_id) VALUES ('PN', 'CRD', 'CPP', 'PHP', 'POS - CITIBANK', 11, 14)
INSERT INTO dcr_ipaclookup (prod_code, pay_code, pay_sub_code, pay_sub_cur, pay_sub_desc, product_type_id, dcr_ipac_mapping_id) VALUES ('PN', 'CRD', 'EMP', 'PHP', 'MDS - EQUITABLE', 11, 23)
INSERT INTO dcr_ipaclookup (prod_code, pay_code, pay_sub_code, pay_sub_cur, pay_sub_desc, product_type_id, dcr_ipac_mapping_id) VALUES ('PN', 'CRD', 'EPP', 'PHP', 'POS - EQUITABLE', 11, 23)
INSERT INTO dcr_ipaclookup (prod_code, pay_code, pay_sub_code, pay_sub_cur, pay_sub_desc, product_type_id, dcr_ipac_mapping_id) VALUES ('PN', 'CRD', 'HMP', 'PHP', 'MDS - HSBC', 11, 19)
INSERT INTO dcr_ipaclookup (prod_code, pay_code, pay_sub_code, pay_sub_cur, pay_sub_desc, product_type_id, dcr_ipac_mapping_id) VALUES ('PN', 'CRD', 'HPP', 'PHP', 'POS - HSBC', 11, 15)
INSERT INTO dcr_ipaclookup (prod_code, pay_code, pay_sub_code, pay_sub_cur, pay_sub_desc, product_type_id, dcr_ipac_mapping_id) VALUES ('PN', 'CRD', 'HSP', 'PHP', 'SUNLINK HSBC PESO', 11, 23)
INSERT INTO dcr_ipaclookup (prod_code, pay_code, pay_sub_code, pay_sub_cur, pay_sub_desc, product_type_id, dcr_ipac_mapping_id) VALUES ('PN', 'CRD', 'SMP', 'PHP', 'MDS - SCB', 11, 20)
INSERT INTO dcr_ipaclookup (prod_code, pay_code, pay_sub_code, pay_sub_cur, pay_sub_desc, product_type_id, dcr_ipac_mapping_id) VALUES ('PN', 'CRD', 'SPP', 'PHP', 'POS - SCB', 11, 16)
INSERT INTO dcr_ipaclookup (prod_code, pay_code, pay_sub_code, pay_sub_cur, pay_sub_desc, product_type_id, dcr_ipac_mapping_id) VALUES ('PN', 'NCSH', 'CRD', 'PHP', 'PLAN CREDITING', 11, 23)
INSERT INTO dcr_ipaclookup (prod_code, pay_code, pay_sub_code, pay_sub_cur, pay_sub_desc, product_type_id, dcr_ipac_mapping_id) VALUES ('PN', 'NCSH', 'CSV', 'PHP', 'CASH SURRENDER VALUE', 11, 23)
INSERT INTO dcr_ipaclookup (prod_code, pay_code, pay_sub_code, pay_sub_cur, pay_sub_desc, product_type_id, dcr_ipac_mapping_id) VALUES ('PN', 'NCSH', 'DEP', 'PHP', 'DEBIT APPLICATION', 11, 23)
INSERT INTO dcr_ipaclookup (prod_code, pay_code, pay_sub_code, pay_sub_cur, pay_sub_desc, product_type_id, dcr_ipac_mapping_id) VALUES ('PN', 'NCSH', 'DIV', 'PHP', 'DIVIDEND', 11, 23)
INSERT INTO dcr_ipaclookup (prod_code, pay_code, pay_sub_code, pay_sub_cur, pay_sub_desc, product_type_id, dcr_ipac_mapping_id) VALUES ('PN', 'NCSH', 'DSC', 'PHP', 'A/R DISCOUNT COMPRESSED', 11, 23)
INSERT INTO dcr_ipaclookup (prod_code, pay_code, pay_sub_code, pay_sub_cur, pay_sub_desc, product_type_id, dcr_ipac_mapping_id) VALUES ('PN', 'NCSH', 'END', 'PHP', 'ENDOWMENT PAYOUT', 11, 23)
INSERT INTO dcr_ipaclookup (prod_code, pay_code, pay_sub_code, pay_sub_cur, pay_sub_desc, product_type_id, dcr_ipac_mapping_id) VALUES ('PN', 'NCSH', 'LPR', 'PHP', 'LOAN APPLIED TO PREMIUM', 11, 23)
INSERT INTO dcr_ipaclookup (prod_code, pay_code, pay_sub_code, pay_sub_cur, pay_sub_desc, product_type_id, dcr_ipac_mapping_id) VALUES ('PN', 'NCSH', 'PFW', 'PHP', 'FUND WITHDRAWAL', 11, 23)
INSERT INTO dcr_ipaclookup (prod_code, pay_code, pay_sub_code, pay_sub_cur, pay_sub_desc, product_type_id, dcr_ipac_mapping_id) VALUES ('PN', 'NCSH', 'SFE', 'PHP', 'A/R SERVICE FEE', 11, 23)
INSERT INTO dcr_ipaclookup (prod_code, pay_code, pay_sub_code, pay_sub_cur, pay_sub_desc, product_type_id, dcr_ipac_mapping_id) VALUES ('PN', 'NCSH', 'SFT', 'PHP', 'A/R SERVICE FEE TAX', 11, 23)
INSERT INTO dcr_ipaclookup (prod_code, pay_code, pay_sub_code, pay_sub_cur, pay_sub_desc, product_type_id, dcr_ipac_mapping_id) VALUES ('PN', 'NCSH', 'SLF', 'PHP', 'A/R SLFPI', 11, 23)
INSERT INTO dcr_ipaclookup (prod_code, pay_code, pay_sub_code, pay_sub_cur, pay_sub_desc, product_type_id, dcr_ipac_mapping_id) VALUES ('PN', 'NCSH', 'SLP', 'PHP', 'A/R SLOCPI', 11, 23)
INSERT INTO dcr_ipaclookup (prod_code, pay_code, pay_sub_code, pay_sub_cur, pay_sub_desc, product_type_id, dcr_ipac_mapping_id) VALUES ('PN', 'NCSH', 'SMC', 'PHP', 'A/R SLAMC', 11, 23)
INSERT INTO dcr_ipaclookup (prod_code, pay_code, pay_sub_code, pay_sub_cur, pay_sub_desc, product_type_id, dcr_ipac_mapping_id) VALUES ('PN', 'NCSH', 'TRF', 'PHP', 'PAYMENT TRANSFER', 11, 23)
INSERT INTO dcr_ipaclookup (prod_code, pay_code, pay_sub_code, pay_sub_cur, pay_sub_desc, product_type_id, dcr_ipac_mapping_id) VALUES ('PN', 'NCSH', 'WTX', 'PHP', 'A/R WITHHOLDING TAX', 11, 23)
INSERT INTO dcr_ipaclookup (prod_code, pay_code, pay_sub_code, pay_sub_cur, pay_sub_desc, product_type_id, dcr_ipac_mapping_id) VALUES ('RG', 'NCSH', 'E/R', 'PHP', 'EXPERIENCE REFUND', 12, 23)
INSERT INTO dcr_ipaclookup (prod_code, pay_code, pay_sub_code, pay_sub_cur, pay_sub_desc, product_type_id, dcr_ipac_mapping_id) VALUES ('RG', 'NCSH', 'GLS', 'PHP', 'GROUP LIFE - SALARY DEDUCTION', 12, 23)
INSERT INTO dcr_ipaclookup (prod_code, pay_code, pay_sub_code, pay_sub_cur, pay_sub_desc, product_type_id, dcr_ipac_mapping_id) VALUES ('RG', 'NCSH', 'MRI', 'PHP', 'MRI LOAN PAYMENT -SALARY DEDUCTION', 12, 23)
INSERT INTO dcr_ipaclookup (prod_code, pay_code, pay_sub_code, pay_sub_cur, pay_sub_desc, product_type_id, dcr_ipac_mapping_id) VALUES ('RL', 'NCSH', 'CSV', 'PHP', 'CASH SURRENDER VALUE', 12, 23)
INSERT INTO dcr_ipaclookup (prod_code, pay_code, pay_sub_code, pay_sub_cur, pay_sub_desc, product_type_id, dcr_ipac_mapping_id) VALUES ('RL', 'NCSH', 'DIV', 'PHP', 'DIVIDEND', 12, 23)
INSERT INTO dcr_ipaclookup (prod_code, pay_code, pay_sub_code, pay_sub_cur, pay_sub_desc, product_type_id, dcr_ipac_mapping_id) VALUES ('RL', 'NCSH', 'END', 'PHP', 'ENDOWMENT PAYOUT', 12, 23)
INSERT INTO dcr_ipaclookup (prod_code, pay_code, pay_sub_code, pay_sub_cur, pay_sub_desc, product_type_id, dcr_ipac_mapping_id) VALUES ('RL', 'NCSH', 'LPR', 'PHP', 'LOAN APPLIED TO PREMIUM', 12, 23)
INSERT INTO dcr_ipaclookup (prod_code, pay_code, pay_sub_code, pay_sub_cur, pay_sub_desc, product_type_id, dcr_ipac_mapping_id) VALUES ('RL', 'NCSH', 'PFW', 'PHP', 'FUND WITHDRAWAL', 12, 23)
INSERT INTO dcr_ipaclookup (prod_code, pay_code, pay_sub_code, pay_sub_cur, pay_sub_desc, product_type_id, dcr_ipac_mapping_id) VALUES ('RV', 'NCSH', 'CSV', 'PHP', 'CASH SURRENDER VALUE', 12, 23)
INSERT INTO dcr_ipaclookup (prod_code, pay_code, pay_sub_code, pay_sub_cur, pay_sub_desc, product_type_id, dcr_ipac_mapping_id) VALUES ('RV', 'NCSH', 'DIV', 'PHP', 'DIVIDEND', 12, 23)
INSERT INTO dcr_ipaclookup (prod_code, pay_code, pay_sub_code, pay_sub_cur, pay_sub_desc, product_type_id, dcr_ipac_mapping_id) VALUES ('RV', 'NCSH', 'END', 'PHP', 'ENDOWMENT PAYOUT', 12, 23)
INSERT INTO dcr_ipaclookup (prod_code, pay_code, pay_sub_code, pay_sub_cur, pay_sub_desc, product_type_id, dcr_ipac_mapping_id) VALUES ('RV', 'NCSH', 'LPR', 'PHP', 'LOAN APPLIED TO PREMIUM', 12, 23)
INSERT INTO dcr_ipaclookup (prod_code, pay_code, pay_sub_code, pay_sub_cur, pay_sub_desc, product_type_id, dcr_ipac_mapping_id) VALUES ('RV', 'NCSH', 'PFW', 'PHP', 'FUND WITHDRAWAL', 12, 23)
INSERT INTO dcr_ipaclookup (prod_code, pay_code, pay_sub_code, pay_sub_cur, pay_sub_desc, product_type_id, dcr_ipac_mapping_id) VALUES ('RV', 'NCSH', 'PRC', 'PHP', 'REDEMPTION FROM SLAMC', 12, 23)
INSERT INTO dcr_ipaclookup (prod_code, pay_code, pay_sub_code, pay_sub_cur, pay_sub_desc, product_type_id, dcr_ipac_mapping_id) VALUES ('RG', 'CRD', 'RMM', 'PHP', 'RCBC - AUTOCHARGE', 12, null)
INSERT INTO dcr_ipaclookup (prod_code, pay_code, pay_sub_code, pay_sub_cur, pay_sub_desc, product_type_id, dcr_ipac_mapping_id) VALUES ('RG', 'CRD', 'RMP', 'PHP', 'MDS - RCBC', 12, 25)
INSERT INTO dcr_ipaclookup (prod_code, pay_code, pay_sub_code, pay_sub_cur, pay_sub_desc, product_type_id, dcr_ipac_mapping_id) VALUES ('RG', 'CRD', 'RPP', 'PHP', 'POS - RCBC', 12, 24)
INSERT INTO dcr_ipaclookup (prod_code, pay_code, pay_sub_code, pay_sub_cur, pay_sub_desc, product_type_id, dcr_ipac_mapping_id) VALUES ('RL', 'CRD', 'RMM', 'PHP', 'RCBC - AUTOCHARGE', 12, null)
INSERT INTO dcr_ipaclookup (prod_code, pay_code, pay_sub_code, pay_sub_cur, pay_sub_desc, product_type_id, dcr_ipac_mapping_id) VALUES ('RL', 'CRD', 'RMP', 'PHP', 'MDS - RCBC', 12, 25)
INSERT INTO dcr_ipaclookup (prod_code, pay_code, pay_sub_code, pay_sub_cur, pay_sub_desc, product_type_id, dcr_ipac_mapping_id) VALUES ('RL', 'CRD', 'RPP', 'PHP', 'POS - RCBC', 12, 24)
INSERT INTO dcr_ipaclookup (prod_code, pay_code, pay_sub_code, pay_sub_cur, pay_sub_desc, product_type_id, dcr_ipac_mapping_id) VALUES ('RG', 'CHK', 'BCP', 'PHP', 'BANK OTC CHECK PAYMENT (PESO)', 12, null)
INSERT INTO dcr_ipaclookup (prod_code, pay_code, pay_sub_code, pay_sub_cur, pay_sub_desc, product_type_id, dcr_ipac_mapping_id) VALUES ('RG', 'CSH', 'C/M', 'PHP', 'CREDIT MEMO', 12, 23)
INSERT INTO dcr_ipaclookup (prod_code, pay_code, pay_sub_code, pay_sub_cur, pay_sub_desc, product_type_id, dcr_ipac_mapping_id) VALUES ('RG', 'CSH', 'CPH', 'PHP', 'PESO CASH', 12, 3)
INSERT INTO dcr_ipaclookup (prod_code, pay_code, pay_sub_code, pay_sub_cur, pay_sub_desc, product_type_id, dcr_ipac_mapping_id) VALUES ('RV', 'CHK', 'BCP', 'PHP', 'BANK OTC CHECK PAYMENT (PESO)', 12, null)
INSERT INTO dcr_ipaclookup (prod_code, pay_code, pay_sub_code, pay_sub_cur, pay_sub_desc, product_type_id, dcr_ipac_mapping_id) VALUES ('RG', 'CSH', 'DSP', 'PHP', 'DEPOSIT SLIP PESO CASH', 12, 1)
INSERT INTO dcr_ipaclookup (prod_code, pay_code, pay_sub_code, pay_sub_cur, pay_sub_desc, product_type_id, dcr_ipac_mapping_id) VALUES ('RG', 'CSH', 'TTL', 'PHP', 'TELEGRAPHIC TRANSFER LOCAL', 12, 2)
INSERT INTO dcr_ipaclookup (prod_code, pay_code, pay_sub_code, pay_sub_cur, pay_sub_desc, product_type_id, dcr_ipac_mapping_id) VALUES ('RL', 'CSH', 'C/M', 'PHP', 'CREDIT MEMO', 12, 23)
INSERT INTO dcr_ipaclookup (prod_code, pay_code, pay_sub_code, pay_sub_cur, pay_sub_desc, product_type_id, dcr_ipac_mapping_id) VALUES ('RL', 'CSH', 'CPH', 'PHP', 'PESO CASH', 12, 3)
INSERT INTO dcr_ipaclookup (prod_code, pay_code, pay_sub_code, pay_sub_cur, pay_sub_desc, product_type_id, dcr_ipac_mapping_id) VALUES ('RL', 'CSH', 'DSP', 'PHP', 'DEPOSIT SLIP PESO CASH', 12, 1)
INSERT INTO dcr_ipaclookup (prod_code, pay_code, pay_sub_code, pay_sub_cur, pay_sub_desc, product_type_id, dcr_ipac_mapping_id) VALUES ('RG', 'CHK', 'DSK', 'PHP', 'DEPOSIT SLIP PESO CHECK', 12, 4)
INSERT INTO dcr_ipaclookup (prod_code, pay_code, pay_sub_code, pay_sub_cur, pay_sub_desc, product_type_id, dcr_ipac_mapping_id) VALUES ('RG', 'CHK', 'L/C', 'PHP', 'LOCAL CHECK', 12, 9)
INSERT INTO dcr_ipaclookup (prod_code, pay_code, pay_sub_code, pay_sub_cur, pay_sub_desc, product_type_id, dcr_ipac_mapping_id) VALUES ('RG', 'CHK', 'OUC', 'PHP', 'ON US CHECK', 12, 11)
INSERT INTO dcr_ipaclookup (prod_code, pay_code, pay_sub_code, pay_sub_cur, pay_sub_desc, product_type_id, dcr_ipac_mapping_id) VALUES ('RG', 'CHK', 'PMO', 'PHP', 'POSTAL MONEY ORDER', 12, null)
INSERT INTO dcr_ipaclookup (prod_code, pay_code, pay_sub_code, pay_sub_cur, pay_sub_desc, product_type_id, dcr_ipac_mapping_id) VALUES ('RG', 'CHK', 'R/C', 'PHP', 'REGIONAL CHECK', 12, 10)
INSERT INTO dcr_ipaclookup (prod_code, pay_code, pay_sub_code, pay_sub_cur, pay_sub_desc, product_type_id, dcr_ipac_mapping_id) VALUES ('RL', 'CHK', 'BCP', 'PHP', 'BANK OTC CHECK PAYMENT (PESO)', 12, null)
INSERT INTO dcr_ipaclookup (prod_code, pay_code, pay_sub_code, pay_sub_cur, pay_sub_desc, product_type_id, dcr_ipac_mapping_id) VALUES ('RL', 'CHK', 'DSK', 'PHP', 'DEPOSIT SLIP PESO CHECK', 12, 4)
INSERT INTO dcr_ipaclookup (prod_code, pay_code, pay_sub_code, pay_sub_cur, pay_sub_desc, product_type_id, dcr_ipac_mapping_id) VALUES ('RL', 'CHK', 'L/C', 'PHP', 'LOCAL CHECK', 12, 9)
INSERT INTO dcr_ipaclookup (prod_code, pay_code, pay_sub_code, pay_sub_cur, pay_sub_desc, product_type_id, dcr_ipac_mapping_id) VALUES ('RL', 'CHK', 'OUC', 'PHP', 'ON US CHECK', 12, 11)
INSERT INTO dcr_ipaclookup (prod_code, pay_code, pay_sub_code, pay_sub_cur, pay_sub_desc, product_type_id, dcr_ipac_mapping_id) VALUES ('RL', 'CHK', 'PMO', 'PHP', 'POSTAL MONEY ORDER', 12, null)
INSERT INTO dcr_ipaclookup (prod_code, pay_code, pay_sub_code, pay_sub_cur, pay_sub_desc, product_type_id, dcr_ipac_mapping_id) VALUES ('RL', 'CHK', 'R/C', 'PHP', 'REGIONAL CHECK', 12, 10)
INSERT INTO dcr_ipaclookup (prod_code, pay_code, pay_sub_code, pay_sub_cur, pay_sub_desc, product_type_id, dcr_ipac_mapping_id) VALUES ('RV', 'CHK', 'DSK', 'PHP', 'DEPOSIT SLIP PESO CHECK', 12, 4)
INSERT INTO dcr_ipaclookup (prod_code, pay_code, pay_sub_code, pay_sub_cur, pay_sub_desc, product_type_id, dcr_ipac_mapping_id) VALUES ('RV', 'CHK', 'L/C', 'PHP', 'LOCAL CHECK', 12, 9)
INSERT INTO dcr_ipaclookup (prod_code, pay_code, pay_sub_code, pay_sub_cur, pay_sub_desc, product_type_id, dcr_ipac_mapping_id) VALUES ('RV', 'CHK', 'OUC', 'PHP', 'ON US CHECK', 12, 11)
INSERT INTO dcr_ipaclookup (prod_code, pay_code, pay_sub_code, pay_sub_cur, pay_sub_desc, product_type_id, dcr_ipac_mapping_id) VALUES ('RV', 'CHK', 'PMO', 'PHP', 'POSTAL MONEY ORDER', 12, null)
INSERT INTO dcr_ipaclookup (prod_code, pay_code, pay_sub_code, pay_sub_cur, pay_sub_desc, product_type_id, dcr_ipac_mapping_id) VALUES ('RV', 'CHK', 'R/C', 'PHP', 'REGIONAL CHECK', 12, 10)
INSERT INTO dcr_ipaclookup (prod_code, pay_code, pay_sub_code, pay_sub_cur, pay_sub_desc, product_type_id, dcr_ipac_mapping_id) VALUES ('RL', 'CSH', 'TTL', 'PHP', 'TELEGRAPHIC TRANSFER LOCAL', 12, 2)
INSERT INTO dcr_ipaclookup (prod_code, pay_code, pay_sub_code, pay_sub_cur, pay_sub_desc, product_type_id, dcr_ipac_mapping_id) VALUES ('RV', 'CSH', 'C/M', 'PHP', 'CREDIT MEMO', 12, 23)
INSERT INTO dcr_ipaclookup (prod_code, pay_code, pay_sub_code, pay_sub_cur, pay_sub_desc, product_type_id, dcr_ipac_mapping_id) VALUES ('RV', 'CSH', 'CPH', 'PHP', 'PESO CASH', 12, 3)
INSERT INTO dcr_ipaclookup (prod_code, pay_code, pay_sub_code, pay_sub_cur, pay_sub_desc, product_type_id, dcr_ipac_mapping_id) VALUES ('RV', 'CSH', 'TTL', 'PHP', 'TELEGRAPHIC TRANSFER LOCAL', 12, 2)
INSERT INTO dcr_ipaclookup (prod_code, pay_code, pay_sub_code, pay_sub_cur, pay_sub_desc, product_type_id, dcr_ipac_mapping_id) VALUES ('RV', 'CSH', 'DSP', 'PHP', 'DEPOSIT SLIP PESO CASH', 12, 1)
INSERT INTO dcr_ipaclookup (prod_code, pay_code, pay_sub_code, pay_sub_cur, pay_sub_desc, product_type_id, dcr_ipac_mapping_id) VALUES ('RV', 'CSH', 'TTI', 'USD', 'TELEGRAPHIC TRANSFER INTL', 13, 2)
INSERT INTO dcr_ipaclookup (prod_code, pay_code, pay_sub_code, pay_sub_cur, pay_sub_desc, product_type_id, dcr_ipac_mapping_id) VALUES ('RV', 'CSH', 'TTP', 'USD', 'TEL TRANSFER - 0 CLEARING', 13, 2)
INSERT INTO dcr_ipaclookup (prod_code, pay_code, pay_sub_code, pay_sub_cur, pay_sub_desc, product_type_id, dcr_ipac_mapping_id) VALUES ('RV', 'CSH', 'UCH', 'USD', 'DOLLAR CASH', 13, 3)
INSERT INTO dcr_ipaclookup (prod_code, pay_code, pay_sub_code, pay_sub_cur, pay_sub_desc, product_type_id, dcr_ipac_mapping_id) VALUES ('RV', 'CSH', 'UCM', 'USD', 'CREDIT MEMO', 13, 23)
INSERT INTO dcr_ipaclookup (prod_code, pay_code, pay_sub_code, pay_sub_cur, pay_sub_desc, product_type_id, dcr_ipac_mapping_id) VALUES ('RV', 'CSH', 'DSD', 'USD', 'DEPOSIT SLIP DOLLAR CASH', 13, 1)
INSERT INTO dcr_ipaclookup (prod_code, pay_code, pay_sub_code, pay_sub_cur, pay_sub_desc, product_type_id, dcr_ipac_mapping_id) VALUES ('RL', 'CSH', 'TTP', 'USD', 'TEL TRANSFER - 0 CLEARING', 13, 2)
INSERT INTO dcr_ipaclookup (prod_code, pay_code, pay_sub_code, pay_sub_cur, pay_sub_desc, product_type_id, dcr_ipac_mapping_id) VALUES ('RL', 'CSH', 'UCH', 'USD', 'DOLLAR CASH', 13, 3)
INSERT INTO dcr_ipaclookup (prod_code, pay_code, pay_sub_code, pay_sub_cur, pay_sub_desc, product_type_id, dcr_ipac_mapping_id) VALUES ('RL', 'CSH', 'UCM', 'USD', 'CREDIT MEMO', 13, 23)
INSERT INTO dcr_ipaclookup (prod_code, pay_code, pay_sub_code, pay_sub_cur, pay_sub_desc, product_type_id, dcr_ipac_mapping_id) VALUES ('RL', 'CHK', 'CDM', 'USD', 'US CHECK DRAWN IN MANILA', 13, 10)
INSERT INTO dcr_ipaclookup (prod_code, pay_code, pay_sub_code, pay_sub_cur, pay_sub_desc, product_type_id, dcr_ipac_mapping_id) VALUES ('RL', 'CHK', 'COP', 'USD', 'US CHECK DRAWN OUTSIDE PH', 13, 10)
INSERT INTO dcr_ipaclookup (prod_code, pay_code, pay_sub_code, pay_sub_cur, pay_sub_desc, product_type_id, dcr_ipac_mapping_id) VALUES ('RL', 'CHK', 'DDK', 'USD', 'DEPOSIT SLIP DOLLAR CHECK', 13, 5)
INSERT INTO dcr_ipaclookup (prod_code, pay_code, pay_sub_code, pay_sub_cur, pay_sub_desc, product_type_id, dcr_ipac_mapping_id) VALUES ('RL', 'CSH', 'TTI', 'USD', 'TELEGRAPHIC TRANSFER INTL', 13, 2)
INSERT INTO dcr_ipaclookup (prod_code, pay_code, pay_sub_code, pay_sub_cur, pay_sub_desc, product_type_id, dcr_ipac_mapping_id) VALUES ('RL', 'CSH', 'DSD', 'USD', 'DEPOSIT SLIP DOLLAR CASH', 13, 1)
INSERT INTO dcr_ipaclookup (prod_code, pay_code, pay_sub_code, pay_sub_cur, pay_sub_desc, product_type_id, dcr_ipac_mapping_id) VALUES ('RG', 'CSH', 'TTP', 'USD', 'TEL TRANSFER - 0 CLEARING', 13, 2)
INSERT INTO dcr_ipaclookup (prod_code, pay_code, pay_sub_code, pay_sub_cur, pay_sub_desc, product_type_id, dcr_ipac_mapping_id) VALUES ('RG', 'CSH', 'UCH', 'USD', 'DOLLAR CASH', 13, 3)
INSERT INTO dcr_ipaclookup (prod_code, pay_code, pay_sub_code, pay_sub_cur, pay_sub_desc, product_type_id, dcr_ipac_mapping_id) VALUES ('RG', 'CSH', 'UCM', 'USD', 'CREDIT MEMO', 13, 23)
INSERT INTO dcr_ipaclookup (prod_code, pay_code, pay_sub_code, pay_sub_cur, pay_sub_desc, product_type_id, dcr_ipac_mapping_id) VALUES ('RG', 'CSH', 'TTI', 'USD', 'TELEGRAPHIC TRANSFER INTL', 13, 2)
INSERT INTO dcr_ipaclookup (prod_code, pay_code, pay_sub_code, pay_sub_cur, pay_sub_desc, product_type_id, dcr_ipac_mapping_id) VALUES ('RV', 'CHK', 'BCU', 'USD', 'BANK OTC CHECK PAYMENT (DOLLAR)', 13, null)
INSERT INTO dcr_ipaclookup (prod_code, pay_code, pay_sub_code, pay_sub_cur, pay_sub_desc, product_type_id, dcr_ipac_mapping_id) VALUES ('RV', 'CHK', 'CDM', 'USD', 'US CHECK DRAWN IN MANILA', 13, 10)
INSERT INTO dcr_ipaclookup (prod_code, pay_code, pay_sub_code, pay_sub_cur, pay_sub_desc, product_type_id, dcr_ipac_mapping_id) VALUES ('RV', 'CHK', 'COP', 'USD', 'US CHECK DRAWN OUTSIDE PH', 13, 10)
INSERT INTO dcr_ipaclookup (prod_code, pay_code, pay_sub_code, pay_sub_cur, pay_sub_desc, product_type_id, dcr_ipac_mapping_id) VALUES ('RV', 'CHK', 'DDK', 'USD', 'DEPOSIT SLIP DOLLAR CHECK', 13, 5)
INSERT INTO dcr_ipaclookup (prod_code, pay_code, pay_sub_code, pay_sub_cur, pay_sub_desc, product_type_id, dcr_ipac_mapping_id) VALUES ('RG', 'CSH', 'DSD', 'USD', 'DEPOSIT SLIP DOLLAR CASH', 13, 1)
INSERT INTO dcr_ipaclookup (prod_code, pay_code, pay_sub_code, pay_sub_cur, pay_sub_desc, product_type_id, dcr_ipac_mapping_id) VALUES ('RG', 'CHK', 'CDM', 'USD', 'US CHECK DRAWN IN MANILA', 13, 10)
INSERT INTO dcr_ipaclookup (prod_code, pay_code, pay_sub_code, pay_sub_cur, pay_sub_desc, product_type_id, dcr_ipac_mapping_id) VALUES ('RG', 'CHK', 'COP', 'USD', 'US CHECK DRAWN OUTSIDE PH', 13, 10)
INSERT INTO dcr_ipaclookup (prod_code, pay_code, pay_sub_code, pay_sub_cur, pay_sub_desc, product_type_id, dcr_ipac_mapping_id) VALUES ('RG', 'CHK', 'DDK', 'USD', 'DEPOSIT SLIP DOLLAR CHECK', 13, 5)
INSERT INTO dcr_ipaclookup (prod_code, pay_code, pay_sub_code, pay_sub_cur, pay_sub_desc, product_type_id, dcr_ipac_mapping_id) VALUES ('RL', 'CRD', 'RPU', 'USD', 'POS - RCBC', 13, 24)
INSERT INTO dcr_ipaclookup (prod_code, pay_code, pay_sub_code, pay_sub_cur, pay_sub_desc, product_type_id, dcr_ipac_mapping_id) VALUES ('RL', 'CRD', 'RMU', 'USD', 'MDS - RCBC', 13, 25)
INSERT INTO dcr_ipaclookup (prod_code, pay_code, pay_sub_code, pay_sub_cur, pay_sub_desc, product_type_id, dcr_ipac_mapping_id) VALUES ('RG', 'CRD', 'RPU', 'USD', 'POS - RCBC', 13, 24)
INSERT INTO dcr_ipaclookup (prod_code, pay_code, pay_sub_code, pay_sub_cur, pay_sub_desc, product_type_id, dcr_ipac_mapping_id) VALUES ('RL', 'CRD', 'RAU', 'USD', 'RCBC - AUTOCHARGE', 13, null)
INSERT INTO dcr_ipaclookup (prod_code, pay_code, pay_sub_code, pay_sub_cur, pay_sub_desc, product_type_id, dcr_ipac_mapping_id) VALUES ('RG', 'CRD', 'RMU', 'USD', 'MDS - RCBC', 13, 25)
INSERT INTO dcr_ipaclookup (prod_code, pay_code, pay_sub_code, pay_sub_cur, pay_sub_desc, product_type_id, dcr_ipac_mapping_id) VALUES ('RG', 'CRD', 'RAU', 'USD', 'RCBC - AUTOCHARGE', 13, null)
INSERT INTO dcr_ipaclookup (prod_code, pay_code, pay_sub_code, pay_sub_cur, pay_sub_desc, product_type_id, dcr_ipac_mapping_id) VALUES ('RV', 'NCSH', 'UCV', 'USD', 'CASH SURRENDER VALUE', 13, 23)
INSERT INTO dcr_ipaclookup (prod_code, pay_code, pay_sub_code, pay_sub_cur, pay_sub_desc, product_type_id, dcr_ipac_mapping_id) VALUES ('RV', 'NCSH', 'UDV', 'USD', 'DIVIDEND', 13, 23)
INSERT INTO dcr_ipaclookup (prod_code, pay_code, pay_sub_code, pay_sub_cur, pay_sub_desc, product_type_id, dcr_ipac_mapping_id) VALUES ('RV', 'NCSH', 'UED', 'USD', 'ENDOWMENT PAYOUT', 13, 23)
INSERT INTO dcr_ipaclookup (prod_code, pay_code, pay_sub_code, pay_sub_cur, pay_sub_desc, product_type_id, dcr_ipac_mapping_id) VALUES ('RV', 'NCSH', 'UFW', 'USD', 'FUND WITHDRAWAL', 13, 23)
INSERT INTO dcr_ipaclookup (prod_code, pay_code, pay_sub_code, pay_sub_cur, pay_sub_desc, product_type_id, dcr_ipac_mapping_id) VALUES ('RV', 'NCSH', 'ULR', 'USD', 'LOAN APPLIED TO PREMIUM', 13, 23)
INSERT INTO dcr_ipaclookup (prod_code, pay_code, pay_sub_code, pay_sub_cur, pay_sub_desc, product_type_id, dcr_ipac_mapping_id) VALUES ('RV', 'NCSH', 'URC', 'USD', 'REDEMPTION FROM SLAMC', 13, 23)
INSERT INTO dcr_ipaclookup (prod_code, pay_code, pay_sub_code, pay_sub_cur, pay_sub_desc, product_type_id, dcr_ipac_mapping_id) VALUES ('RL', 'NCSH', 'UCV', 'USD', 'CASH SURRENDER VALUE', 13, 23)
INSERT INTO dcr_ipaclookup (prod_code, pay_code, pay_sub_code, pay_sub_cur, pay_sub_desc, product_type_id, dcr_ipac_mapping_id) VALUES ('RL', 'NCSH', 'UDV', 'USD', 'DIVIDEND', 13, 23)
INSERT INTO dcr_ipaclookup (prod_code, pay_code, pay_sub_code, pay_sub_cur, pay_sub_desc, product_type_id, dcr_ipac_mapping_id) VALUES ('RL', 'NCSH', 'UED', 'USD', 'ENDOWMENT PAYOUT', 13, 23)
INSERT INTO dcr_ipaclookup (prod_code, pay_code, pay_sub_code, pay_sub_cur, pay_sub_desc, product_type_id, dcr_ipac_mapping_id) VALUES ('RL', 'NCSH', 'UFW', 'USD', 'FUND WITHDRAWAL', 13, 23)
INSERT INTO dcr_ipaclookup (prod_code, pay_code, pay_sub_code, pay_sub_cur, pay_sub_desc, product_type_id, dcr_ipac_mapping_id) VALUES ('RL', 'NCSH', 'ULR', 'USD', 'LOAN APPLIED TO PREMIUM', 13, 23)
INSERT INTO dcr_ipaclookup (prod_code, pay_code, pay_sub_code, pay_sub_cur, pay_sub_desc, product_type_id, dcr_ipac_mapping_id) VALUES ('RG', 'NCSH', 'UCV', 'USD', 'CASH SURRENDER VALUE', 13, 23)
INSERT INTO dcr_ipaclookup (prod_code, pay_code, pay_sub_code, pay_sub_cur, pay_sub_desc, product_type_id, dcr_ipac_mapping_id) VALUES ('RG', 'NCSH', 'UDV', 'USD', 'DIVIDEND', 13, 23)
INSERT INTO dcr_ipaclookup (prod_code, pay_code, pay_sub_code, pay_sub_cur, pay_sub_desc, product_type_id, dcr_ipac_mapping_id) VALUES ('RG', 'NCSH', 'UED', 'USD', 'ENDOWMENT PAYOUT', 13, 23)
INSERT INTO dcr_ipaclookup (prod_code, pay_code, pay_sub_code, pay_sub_cur, pay_sub_desc, product_type_id, dcr_ipac_mapping_id) VALUES ('RG', 'NCSH', 'UFW', 'USD', 'FUND WITHDRAWAL', 13, 23)
INSERT INTO dcr_ipaclookup (prod_code, pay_code, pay_sub_code, pay_sub_cur, pay_sub_desc, product_type_id, dcr_ipac_mapping_id) VALUES ('RG', 'NCSH', 'ULR', 'USD', 'LOAN APPLIED TO PREMIUM', 13, 23)
INSERT INTO dcr_ipaclookup (prod_code, pay_code, pay_sub_code, pay_sub_cur, pay_sub_desc, product_type_id, dcr_ipac_mapping_id) VALUES ('RU', 'NCSH', 'CSV', 'PHP', 'CASH SURRENDER VALUE', 14, 23)
INSERT INTO dcr_ipaclookup (prod_code, pay_code, pay_sub_code, pay_sub_cur, pay_sub_desc, product_type_id, dcr_ipac_mapping_id) VALUES ('RU', 'NCSH', 'DIV', 'PHP', 'DIVIDEND', 14, 23)
INSERT INTO dcr_ipaclookup (prod_code, pay_code, pay_sub_code, pay_sub_cur, pay_sub_desc, product_type_id, dcr_ipac_mapping_id) VALUES ('RU', 'NCSH', 'END', 'PHP', 'ENDOWMENT PAYOUT', 14, 23)
INSERT INTO dcr_ipaclookup (prod_code, pay_code, pay_sub_code, pay_sub_cur, pay_sub_desc, product_type_id, dcr_ipac_mapping_id) VALUES ('RU', 'NCSH', 'LPR', 'PHP', 'LOAN APPLIED TO PREMIUM', 14, 23)
INSERT INTO dcr_ipaclookup (prod_code, pay_code, pay_sub_code, pay_sub_cur, pay_sub_desc, product_type_id, dcr_ipac_mapping_id) VALUES ('RU', 'NCSH', 'PFW', 'PHP', 'FUND WITHDRAWAL', 14, 23)
INSERT INTO dcr_ipaclookup (prod_code, pay_code, pay_sub_code, pay_sub_cur, pay_sub_desc, product_type_id, dcr_ipac_mapping_id) VALUES ('RU', 'CRD', 'RMM', 'PHP', 'RCBC - AUTOCHARGE', 14, null)
INSERT INTO dcr_ipaclookup (prod_code, pay_code, pay_sub_code, pay_sub_cur, pay_sub_desc, product_type_id, dcr_ipac_mapping_id) VALUES ('RU', 'CRD', 'RMP', 'PHP', 'MDS - RCBC', 14, 25)
INSERT INTO dcr_ipaclookup (prod_code, pay_code, pay_sub_code, pay_sub_cur, pay_sub_desc, product_type_id, dcr_ipac_mapping_id) VALUES ('RU', 'CRD', 'RPP', 'PHP', 'POS - RCBC', 14, null)
INSERT INTO dcr_ipaclookup (prod_code, pay_code, pay_sub_code, pay_sub_cur, pay_sub_desc, product_type_id, dcr_ipac_mapping_id) VALUES ('RU', 'CHK', 'BCP', 'PHP', 'BANK OTC CHECK PAYMENT (PESO)', 14, null)
INSERT INTO dcr_ipaclookup (prod_code, pay_code, pay_sub_code, pay_sub_cur, pay_sub_desc, product_type_id, dcr_ipac_mapping_id) VALUES ('RU', 'CHK', 'DSK', 'PHP', 'DEPOSIT SLIP PESO CHECK', 14, 4)
INSERT INTO dcr_ipaclookup (prod_code, pay_code, pay_sub_code, pay_sub_cur, pay_sub_desc, product_type_id, dcr_ipac_mapping_id) VALUES ('RU', 'CHK', 'L/C', 'PHP', 'LOCAL CHECK', 14, 9)
INSERT INTO dcr_ipaclookup (prod_code, pay_code, pay_sub_code, pay_sub_cur, pay_sub_desc, product_type_id, dcr_ipac_mapping_id) VALUES ('RU', 'CHK', 'OUC', 'PHP', 'ON US CHECK', 14, 11)
INSERT INTO dcr_ipaclookup (prod_code, pay_code, pay_sub_code, pay_sub_cur, pay_sub_desc, product_type_id, dcr_ipac_mapping_id) VALUES ('RU', 'CHK', 'PMO', 'PHP', 'POSTAL MONEY ORDER', 14, null)
INSERT INTO dcr_ipaclookup (prod_code, pay_code, pay_sub_code, pay_sub_cur, pay_sub_desc, product_type_id, dcr_ipac_mapping_id) VALUES ('RU', 'CHK', 'R/C', 'PHP', 'REGIONAL CHECK', 14, 10)
INSERT INTO dcr_ipaclookup (prod_code, pay_code, pay_sub_code, pay_sub_cur, pay_sub_desc, product_type_id, dcr_ipac_mapping_id) VALUES ('RU', 'CSH', 'C/M', 'PHP', 'CREDIT MEMO', 14, 23)
INSERT INTO dcr_ipaclookup (prod_code, pay_code, pay_sub_code, pay_sub_cur, pay_sub_desc, product_type_id, dcr_ipac_mapping_id) VALUES ('RU', 'CSH', 'CPH', 'PHP', 'PESO CASH', 14, 3)
INSERT INTO dcr_ipaclookup (prod_code, pay_code, pay_sub_code, pay_sub_cur, pay_sub_desc, product_type_id, dcr_ipac_mapping_id) VALUES ('RU', 'CSH', 'TTL', 'PHP', 'TELEGRAPHIC TRANSFER LOCAL', 14, 2)
INSERT INTO dcr_ipaclookup (prod_code, pay_code, pay_sub_code, pay_sub_cur, pay_sub_desc, product_type_id, dcr_ipac_mapping_id) VALUES ('RU', 'CSH', 'DSP', 'PHP', 'DEPOSIT SLIP PESO CASH', 14, 1)
INSERT INTO dcr_ipaclookup (prod_code, pay_code, pay_sub_code, pay_sub_cur, pay_sub_desc, product_type_id, dcr_ipac_mapping_id) VALUES ('RU', 'CSH', 'TTI', 'USD', 'TELEGRAPHIC TRANSFER INTL', 15, 2)
INSERT INTO dcr_ipaclookup (prod_code, pay_code, pay_sub_code, pay_sub_cur, pay_sub_desc, product_type_id, dcr_ipac_mapping_id) VALUES ('RU', 'CSH', 'TTP', 'USD', 'TEL TRANSFER - 0 CLEARING', 15, 2)
INSERT INTO dcr_ipaclookup (prod_code, pay_code, pay_sub_code, pay_sub_cur, pay_sub_desc, product_type_id, dcr_ipac_mapping_id) VALUES ('RU', 'CSH', 'UCH', 'USD', 'DOLLAR CASH', 15, 3)
INSERT INTO dcr_ipaclookup (prod_code, pay_code, pay_sub_code, pay_sub_cur, pay_sub_desc, product_type_id, dcr_ipac_mapping_id) VALUES ('RU', 'CSH', 'UCM', 'USD', 'CREDIT MEMO', 15, 23)
INSERT INTO dcr_ipaclookup (prod_code, pay_code, pay_sub_code, pay_sub_cur, pay_sub_desc, product_type_id, dcr_ipac_mapping_id) VALUES ('RU', 'CSH', 'DSD', 'USD', 'DEPOSIT SLIP DOLLAR CASH', 15, 1)
INSERT INTO dcr_ipaclookup (prod_code, pay_code, pay_sub_code, pay_sub_cur, pay_sub_desc, product_type_id, dcr_ipac_mapping_id) VALUES ('RU', 'CHK', 'CDM', 'USD', 'US CHECK DRAWN IN MANILA', 15, 10)
INSERT INTO dcr_ipaclookup (prod_code, pay_code, pay_sub_code, pay_sub_cur, pay_sub_desc, product_type_id, dcr_ipac_mapping_id) VALUES ('RU', 'CHK', 'COP', 'USD', 'US CHECK DRAWN OUTSIDE PH', 15, 10)
INSERT INTO dcr_ipaclookup (prod_code, pay_code, pay_sub_code, pay_sub_cur, pay_sub_desc, product_type_id, dcr_ipac_mapping_id) VALUES ('RU', 'CHK', 'DDK', 'USD', 'DEPOSIT SLIP DOLLAR CHECK', 15, 5)
INSERT INTO dcr_ipaclookup (prod_code, pay_code, pay_sub_code, pay_sub_cur, pay_sub_desc, product_type_id, dcr_ipac_mapping_id) VALUES ('RU', 'CRD', 'RPU', 'USD', 'POS - RCBC', 15, 24)
INSERT INTO dcr_ipaclookup (prod_code, pay_code, pay_sub_code, pay_sub_cur, pay_sub_desc, product_type_id, dcr_ipac_mapping_id) VALUES ('RU', 'CRD', 'RMU', 'USD', 'MDS - RCBC', 15, 25)
INSERT INTO dcr_ipaclookup (prod_code, pay_code, pay_sub_code, pay_sub_cur, pay_sub_desc, product_type_id, dcr_ipac_mapping_id) VALUES ('RU', 'CRD', 'RAU', 'USD', 'RCBC - AUTOCHARGE', 15, null)
INSERT INTO dcr_ipaclookup (prod_code, pay_code, pay_sub_code, pay_sub_cur, pay_sub_desc, product_type_id, dcr_ipac_mapping_id) VALUES ('RU', 'NCSH', 'UCV', 'USD', 'CASH SURRENDER VALUE', 15, 23)
INSERT INTO dcr_ipaclookup (prod_code, pay_code, pay_sub_code, pay_sub_cur, pay_sub_desc, product_type_id, dcr_ipac_mapping_id) VALUES ('RU', 'NCSH', 'UDV', 'USD', 'DIVIDEND', 15, 23)
INSERT INTO dcr_ipaclookup (prod_code, pay_code, pay_sub_code, pay_sub_cur, pay_sub_desc, product_type_id, dcr_ipac_mapping_id) VALUES ('RU', 'NCSH', 'UED', 'USD', 'ENDOWMENT PAYOUT', 15, 23)
INSERT INTO dcr_ipaclookup (prod_code, pay_code, pay_sub_code, pay_sub_cur, pay_sub_desc, product_type_id, dcr_ipac_mapping_id) VALUES ('RU', 'NCSH', 'UFW', 'USD', 'FUND WITHDRAWAL', 15, 23)
INSERT INTO dcr_ipaclookup (prod_code, pay_code, pay_sub_code, pay_sub_cur, pay_sub_desc, product_type_id, dcr_ipac_mapping_id) VALUES ('RU', 'NCSH', 'ULR', 'USD', 'LOAN APPLIED TO PREMIUM', 15, 23)
INSERT INTO dcr_ipaclookup (prod_code, pay_code, pay_sub_code, pay_sub_cur, pay_sub_desc, product_type_id, dcr_ipac_mapping_id) VALUES ('VL', 'NCSH', 'CSV', 'PHP', 'CASH SURRENDER VALUE', 16, 23)
INSERT INTO dcr_ipaclookup (prod_code, pay_code, pay_sub_code, pay_sub_cur, pay_sub_desc, product_type_id, dcr_ipac_mapping_id) VALUES ('VL', 'NCSH', 'DIV', 'PHP', 'DIVIDEND', 16, 23)
INSERT INTO dcr_ipaclookup (prod_code, pay_code, pay_sub_code, pay_sub_cur, pay_sub_desc, product_type_id, dcr_ipac_mapping_id) VALUES ('VL', 'NCSH', 'END', 'PHP', 'ENDOWMENT PAYOUT', 16, 23)
INSERT INTO dcr_ipaclookup (prod_code, pay_code, pay_sub_code, pay_sub_cur, pay_sub_desc, product_type_id, dcr_ipac_mapping_id) VALUES ('VL', 'NCSH', 'LPR', 'PHP', 'LOAN APPLIED TO PREMIUM', 16, 23)
INSERT INTO dcr_ipaclookup (prod_code, pay_code, pay_sub_code, pay_sub_cur, pay_sub_desc, product_type_id, dcr_ipac_mapping_id) VALUES ('VL', 'NCSH', 'PFW', 'PHP', 'FUND WITHDRAWAL', 16, 23)
INSERT INTO dcr_ipaclookup (prod_code, pay_code, pay_sub_code, pay_sub_cur, pay_sub_desc, product_type_id, dcr_ipac_mapping_id) VALUES ('VL', 'NCSH', 'PRC', 'PHP', 'REDEMPTION FROM SLAMC', 16, 23)
INSERT INTO dcr_ipaclookup (prod_code, pay_code, pay_sub_code, pay_sub_cur, pay_sub_desc, product_type_id, dcr_ipac_mapping_id) VALUES ('IL', 'CHK', 'BCP', 'PHP', 'BANK OTC CHECK PAYMENT (PESO)', 16, 23)
INSERT INTO dcr_ipaclookup (prod_code, pay_code, pay_sub_code, pay_sub_cur, pay_sub_desc, product_type_id, dcr_ipac_mapping_id) VALUES ('IL', 'CRD', 'SPP', 'PHP', 'POS - SCB', 16, 16)
INSERT INTO dcr_ipaclookup (prod_code, pay_code, pay_sub_code, pay_sub_cur, pay_sub_desc, product_type_id, dcr_ipac_mapping_id) VALUES ('IL', 'NCSH', 'CSV', 'PHP', 'CASH SURRENDER VALUE', 16, 23)
INSERT INTO dcr_ipaclookup (prod_code, pay_code, pay_sub_code, pay_sub_cur, pay_sub_desc, product_type_id, dcr_ipac_mapping_id) VALUES ('IL', 'NCSH', 'DIV', 'PHP', 'DIVIDEND', 16, 23)
INSERT INTO dcr_ipaclookup (prod_code, pay_code, pay_sub_code, pay_sub_cur, pay_sub_desc, product_type_id, dcr_ipac_mapping_id) VALUES ('IL', 'NCSH', 'END', 'PHP', 'ENDOWMENT PAYOUT', 16, 23)
INSERT INTO dcr_ipaclookup (prod_code, pay_code, pay_sub_code, pay_sub_cur, pay_sub_desc, product_type_id, dcr_ipac_mapping_id) VALUES ('IL', 'NCSH', 'LPR', 'PHP', 'LOAN APPLIED TO PREMIUM', 16, 23)
INSERT INTO dcr_ipaclookup (prod_code, pay_code, pay_sub_code, pay_sub_cur, pay_sub_desc, product_type_id, dcr_ipac_mapping_id) VALUES ('IL', 'NCSH', 'PFW', 'PHP', 'FUND WITHDRAWAL', 16, 23)
INSERT INTO dcr_ipaclookup (prod_code, pay_code, pay_sub_code, pay_sub_cur, pay_sub_desc, product_type_id, dcr_ipac_mapping_id) VALUES ('IL', 'CRD', 'BMP', 'PHP', 'MDS - BPI', 16, 17)
INSERT INTO dcr_ipaclookup (prod_code, pay_code, pay_sub_code, pay_sub_cur, pay_sub_desc, product_type_id, dcr_ipac_mapping_id) VALUES ('IL', 'CRD', 'BPP', 'PHP', 'POS - BPI', 16, 13)
INSERT INTO dcr_ipaclookup (prod_code, pay_code, pay_sub_code, pay_sub_cur, pay_sub_desc, product_type_id, dcr_ipac_mapping_id) VALUES ('IL', 'CRD', 'CMM', 'PHP', 'CITIBANK (AUTOCHARGE)', 16, null)
INSERT INTO dcr_ipaclookup (prod_code, pay_code, pay_sub_code, pay_sub_cur, pay_sub_desc, product_type_id, dcr_ipac_mapping_id) VALUES ('IL', 'CRD', 'CMP', 'PHP', 'MDS - CITIBANK', 16, 18)
INSERT INTO dcr_ipaclookup (prod_code, pay_code, pay_sub_code, pay_sub_cur, pay_sub_desc, product_type_id, dcr_ipac_mapping_id) VALUES ('IL', 'CRD', 'CPP', 'PHP', 'POS - CITIBANK ', 16, 14)
INSERT INTO dcr_ipaclookup (prod_code, pay_code, pay_sub_code, pay_sub_cur, pay_sub_desc, product_type_id, dcr_ipac_mapping_id) VALUES ('IL', 'CRD', 'EMP', 'PHP', 'MDS - BDO', 16, 22)
INSERT INTO dcr_ipaclookup (prod_code, pay_code, pay_sub_code, pay_sub_cur, pay_sub_desc, product_type_id, dcr_ipac_mapping_id) VALUES ('IL', 'CRD', 'EPP', 'PHP', 'POS - BDO', 16, 21)
INSERT INTO dcr_ipaclookup (prod_code, pay_code, pay_sub_code, pay_sub_cur, pay_sub_desc, product_type_id, dcr_ipac_mapping_id) VALUES ('IL', 'CRD', 'EPS', 'PHP', 'EPS - BPI', 16, null)
INSERT INTO dcr_ipaclookup (prod_code, pay_code, pay_sub_code, pay_sub_cur, pay_sub_desc, product_type_id, dcr_ipac_mapping_id) VALUES ('IL', 'CRD', 'HMP', 'PHP', 'MDS - HSBC', 16, 19)
INSERT INTO dcr_ipaclookup (prod_code, pay_code, pay_sub_code, pay_sub_cur, pay_sub_desc, product_type_id, dcr_ipac_mapping_id) VALUES ('IL', 'CRD', 'HPP', 'PHP', 'POS - HSBC', 16, 15)
INSERT INTO dcr_ipaclookup (prod_code, pay_code, pay_sub_code, pay_sub_cur, pay_sub_desc, product_type_id, dcr_ipac_mapping_id) VALUES ('IL', 'CRD', 'HSP', 'PHP', 'SUNLINK HSBC DOLLAR', 16, null)
INSERT INTO dcr_ipaclookup (prod_code, pay_code, pay_sub_code, pay_sub_cur, pay_sub_desc, product_type_id, dcr_ipac_mapping_id) VALUES ('IL', 'CRD', 'ICT', 'PHP', 'SUNLINK ONLINE', 16, null)
INSERT INTO dcr_ipaclookup (prod_code, pay_code, pay_sub_code, pay_sub_cur, pay_sub_desc, product_type_id, dcr_ipac_mapping_id) VALUES ('IL', 'CRD', 'SMM', 'PHP', 'SCB (AUTOCHARGE)', 16, null)
INSERT INTO dcr_ipaclookup (prod_code, pay_code, pay_sub_code, pay_sub_cur, pay_sub_desc, product_type_id, dcr_ipac_mapping_id) VALUES ('IL', 'CRD', 'SMP', 'PHP', 'MDS - SCB', 16, 20)
INSERT INTO dcr_ipaclookup (prod_code, pay_code, pay_sub_code, pay_sub_cur, pay_sub_desc, product_type_id, dcr_ipac_mapping_id) VALUES ('IL', 'CSH', 'C/M', 'PHP', 'CREDIT MEMO', 16, 23)
INSERT INTO dcr_ipaclookup (prod_code, pay_code, pay_sub_code, pay_sub_cur, pay_sub_desc, product_type_id, dcr_ipac_mapping_id) VALUES ('IL', 'CSH', 'CPH', 'PHP', 'PESO CASH', 16, 3)
INSERT INTO dcr_ipaclookup (prod_code, pay_code, pay_sub_code, pay_sub_cur, pay_sub_desc, product_type_id, dcr_ipac_mapping_id) VALUES ('VL', 'CHK', 'DSK', 'PHP', 'DEPOSIT SLIP PESO CHECK', 16, 4)
INSERT INTO dcr_ipaclookup (prod_code, pay_code, pay_sub_code, pay_sub_cur, pay_sub_desc, product_type_id, dcr_ipac_mapping_id) VALUES ('VL', 'CHK', 'L/C', 'PHP', 'LOCAL CHECK', 16, 9)
INSERT INTO dcr_ipaclookup (prod_code, pay_code, pay_sub_code, pay_sub_cur, pay_sub_desc, product_type_id, dcr_ipac_mapping_id) VALUES ('VL', 'CHK', 'OUC', 'PHP', 'ON US CHECK', 16, 11)
INSERT INTO dcr_ipaclookup (prod_code, pay_code, pay_sub_code, pay_sub_cur, pay_sub_desc, product_type_id, dcr_ipac_mapping_id) VALUES ('VL', 'CHK', 'PMO', 'PHP', 'POSTAL MONEY ORDER', 16, null)
INSERT INTO dcr_ipaclookup (prod_code, pay_code, pay_sub_code, pay_sub_cur, pay_sub_desc, product_type_id, dcr_ipac_mapping_id) VALUES ('VL', 'CHK', 'R/C', 'PHP', 'REGIONAL CHECK', 16, 10)
INSERT INTO dcr_ipaclookup (prod_code, pay_code, pay_sub_code, pay_sub_cur, pay_sub_desc, product_type_id, dcr_ipac_mapping_id) VALUES ('IL', 'CSH', 'DSP', 'PHP', 'DEPOSIT SLIP PESO CASH', 16, 1)
INSERT INTO dcr_ipaclookup (prod_code, pay_code, pay_sub_code, pay_sub_cur, pay_sub_desc, product_type_id, dcr_ipac_mapping_id) VALUES ('IL', 'CSH', 'TTL', 'PHP', 'TELEGRAPHIC TRANSFER LOCAL', 16, 2)
INSERT INTO dcr_ipaclookup (prod_code, pay_code, pay_sub_code, pay_sub_cur, pay_sub_desc, product_type_id, dcr_ipac_mapping_id) VALUES ('IL', 'CHK', 'DSK', 'PHP', 'DEPOSIT SLIP PESO CHECK', 16, 4)
INSERT INTO dcr_ipaclookup (prod_code, pay_code, pay_sub_code, pay_sub_cur, pay_sub_desc, product_type_id, dcr_ipac_mapping_id) VALUES ('IL', 'CHK', 'L/C', 'PHP', 'LOCAL CHECK', 16, 9)
INSERT INTO dcr_ipaclookup (prod_code, pay_code, pay_sub_code, pay_sub_cur, pay_sub_desc, product_type_id, dcr_ipac_mapping_id) VALUES ('IL', 'CHK', 'O/C', 'PHP', 'OUT-OF-TOWN CHECK', 16, 12)
INSERT INTO dcr_ipaclookup (prod_code, pay_code, pay_sub_code, pay_sub_cur, pay_sub_desc, product_type_id, dcr_ipac_mapping_id) VALUES ('IL', 'CHK', 'OUC', 'PHP', 'ON US CHECK', 16, 11)
INSERT INTO dcr_ipaclookup (prod_code, pay_code, pay_sub_code, pay_sub_cur, pay_sub_desc, product_type_id, dcr_ipac_mapping_id) VALUES ('IL', 'CHK', 'PMO', 'PHP', 'POSTAL MONEY ORDER', 16, null)
INSERT INTO dcr_ipaclookup (prod_code, pay_code, pay_sub_code, pay_sub_cur, pay_sub_desc, product_type_id, dcr_ipac_mapping_id) VALUES ('IL', 'CHK', 'R/C', 'PHP', 'REGIONAL CHECK', 16, 10)
INSERT INTO dcr_ipaclookup (prod_code, pay_code, pay_sub_code, pay_sub_cur, pay_sub_desc, product_type_id, dcr_ipac_mapping_id) VALUES ('VL', 'CHK', 'BCP', 'PHP', 'BANK OTC CHECK PAYMENT (PESO)', 16, null)
INSERT INTO dcr_ipaclookup (prod_code, pay_code, pay_sub_code, pay_sub_cur, pay_sub_desc, product_type_id, dcr_ipac_mapping_id) VALUES ('VL', 'CSH', 'C/M', 'PHP', 'CREDIT MEMO', 16, 23)
INSERT INTO dcr_ipaclookup (prod_code, pay_code, pay_sub_code, pay_sub_cur, pay_sub_desc, product_type_id, dcr_ipac_mapping_id) VALUES ('VL', 'CSH', 'CPH', 'PHP', 'PESO CASH', 16, 3)
INSERT INTO dcr_ipaclookup (prod_code, pay_code, pay_sub_code, pay_sub_cur, pay_sub_desc, product_type_id, dcr_ipac_mapping_id) VALUES ('VL', 'CSH', 'DSP', 'PHP', 'DEPOSIT SLIP PESO CASH', 16, 1)
INSERT INTO dcr_ipaclookup (prod_code, pay_code, pay_sub_code, pay_sub_cur, pay_sub_desc, product_type_id, dcr_ipac_mapping_id) VALUES ('VL', 'CSH', 'EPS', 'PHP', 'EPS - BPI', 16, null)
INSERT INTO dcr_ipaclookup (prod_code, pay_code, pay_sub_code, pay_sub_cur, pay_sub_desc, product_type_id, dcr_ipac_mapping_id) VALUES ('VL', 'CSH', 'TTL', 'PHP', 'TELEGRAPHIC TRANSFER LOCAL', 16, 2)
INSERT INTO dcr_ipaclookup (prod_code, pay_code, pay_sub_code, pay_sub_cur, pay_sub_desc, product_type_id, dcr_ipac_mapping_id) VALUES ('VL', 'CSH', 'TTP', 'USD', 'TEL TRANSFER - 0 CLEARING', 17, 2)
INSERT INTO dcr_ipaclookup (prod_code, pay_code, pay_sub_code, pay_sub_cur, pay_sub_desc, product_type_id, dcr_ipac_mapping_id) VALUES ('VL', 'CSH', 'UCH', 'USD', 'DOLLAR CASH', 17, 3)
INSERT INTO dcr_ipaclookup (prod_code, pay_code, pay_sub_code, pay_sub_cur, pay_sub_desc, product_type_id, dcr_ipac_mapping_id) VALUES ('VL', 'CSH', 'UCM', 'USD', 'CREDIT MEMO', 17, 23)
INSERT INTO dcr_ipaclookup (prod_code, pay_code, pay_sub_code, pay_sub_cur, pay_sub_desc, product_type_id, dcr_ipac_mapping_id) VALUES ('VL', 'CSH', 'TTI', 'USD', 'TELEGRAPHIC TRANSFER INTL', 17, 2)
INSERT INTO dcr_ipaclookup (prod_code, pay_code, pay_sub_code, pay_sub_cur, pay_sub_desc, product_type_id, dcr_ipac_mapping_id) VALUES ('VL', 'CSH', 'DSD', 'USD', 'DEPOSIT SLIP DOLLAR CASH', 17, 1)
INSERT INTO dcr_ipaclookup (prod_code, pay_code, pay_sub_code, pay_sub_cur, pay_sub_desc, product_type_id, dcr_ipac_mapping_id) VALUES ('VL', 'CHK', 'CDM', 'USD', 'US CHECK DRAWN IN MANILA', 17, 10)
INSERT INTO dcr_ipaclookup (prod_code, pay_code, pay_sub_code, pay_sub_cur, pay_sub_desc, product_type_id, dcr_ipac_mapping_id) VALUES ('VL', 'CHK', 'COP', 'USD', 'US CHECK DRAWN OUTSIDE PH', 17, 10)
INSERT INTO dcr_ipaclookup (prod_code, pay_code, pay_sub_code, pay_sub_cur, pay_sub_desc, product_type_id, dcr_ipac_mapping_id) VALUES ('VL', 'CHK', 'DDK', 'USD', 'DEPOSIT SLIP DOLLAR CHECK', 17, 5)
INSERT INTO dcr_ipaclookup (prod_code, pay_code, pay_sub_code, pay_sub_cur, pay_sub_desc, product_type_id, dcr_ipac_mapping_id) VALUES ('IL', 'CSH', 'TTP', 'USD', 'TEL TRANSFER - 0 CLEARING', 17, 2)
INSERT INTO dcr_ipaclookup (prod_code, pay_code, pay_sub_code, pay_sub_cur, pay_sub_desc, product_type_id, dcr_ipac_mapping_id) VALUES ('IL', 'CSH', 'UCH', 'USD', 'DOLLAR CASH', 17, 3)
INSERT INTO dcr_ipaclookup (prod_code, pay_code, pay_sub_code, pay_sub_cur, pay_sub_desc, product_type_id, dcr_ipac_mapping_id) VALUES ('IL', 'CSH', 'UCM', 'USD', 'CREDIT MEMO', 17, 23)
INSERT INTO dcr_ipaclookup (prod_code, pay_code, pay_sub_code, pay_sub_cur, pay_sub_desc, product_type_id, dcr_ipac_mapping_id) VALUES ('IL', 'CSH', 'TTI', 'USD', 'TELEGRAPHIC TRANSFER INTL', 17, 2)
INSERT INTO dcr_ipaclookup (prod_code, pay_code, pay_sub_code, pay_sub_cur, pay_sub_desc, product_type_id, dcr_ipac_mapping_id) VALUES ('IL', 'CSH', 'DSD', 'USD', 'DEPOSIT SLIP DOLLAR CASH', 17, 1)
INSERT INTO dcr_ipaclookup (prod_code, pay_code, pay_sub_code, pay_sub_cur, pay_sub_desc, product_type_id, dcr_ipac_mapping_id) VALUES ('IL', 'CRD', 'SMU', 'USD', 'MDS - SCB', 17, 20)
INSERT INTO dcr_ipaclookup (prod_code, pay_code, pay_sub_code, pay_sub_cur, pay_sub_desc, product_type_id, dcr_ipac_mapping_id) VALUES ('IL', 'CRD', 'HSU', 'USD', 'SUNLINK HSBC DOLLAR', 17, null)
INSERT INTO dcr_ipaclookup (prod_code, pay_code, pay_sub_code, pay_sub_cur, pay_sub_desc, product_type_id, dcr_ipac_mapping_id) VALUES ('IL', 'CRD', 'HPU', 'USD', 'POS - HSBC', 17, 15)
INSERT INTO dcr_ipaclookup (prod_code, pay_code, pay_sub_code, pay_sub_cur, pay_sub_desc, product_type_id, dcr_ipac_mapping_id) VALUES ('IL', 'CRD', 'HMU', 'USD', 'MDS - HSBC', 17, 19)
INSERT INTO dcr_ipaclookup (prod_code, pay_code, pay_sub_code, pay_sub_cur, pay_sub_desc, product_type_id, dcr_ipac_mapping_id) VALUES ('IL', 'CRD', 'EMU', 'USD', 'MDS - EQUITABLE', 17, null)
INSERT INTO dcr_ipaclookup (prod_code, pay_code, pay_sub_code, pay_sub_cur, pay_sub_desc, product_type_id, dcr_ipac_mapping_id) VALUES ('IL', 'CRD', 'CPU', 'USD', 'POS - CITIBANK ', 17, 14)
INSERT INTO dcr_ipaclookup (prod_code, pay_code, pay_sub_code, pay_sub_cur, pay_sub_desc, product_type_id, dcr_ipac_mapping_id) VALUES ('IL', 'CRD', 'CMU', 'USD', 'MDS - CITIBANK', 17, 18)
INSERT INTO dcr_ipaclookup (prod_code, pay_code, pay_sub_code, pay_sub_cur, pay_sub_desc, product_type_id, dcr_ipac_mapping_id) VALUES ('IL', 'CRD', 'BPU', 'USD', 'POS - BPI', 17, 13)
INSERT INTO dcr_ipaclookup (prod_code, pay_code, pay_sub_code, pay_sub_cur, pay_sub_desc, product_type_id, dcr_ipac_mapping_id) VALUES ('IL', 'NCSH', 'UCV', 'USD', 'CASH SURRENDER VALUE', 17, 23)
INSERT INTO dcr_ipaclookup (prod_code, pay_code, pay_sub_code, pay_sub_cur, pay_sub_desc, product_type_id, dcr_ipac_mapping_id) VALUES ('IL', 'NCSH', 'UDV', 'USD', 'DIVIDEND', 17, 23)
INSERT INTO dcr_ipaclookup (prod_code, pay_code, pay_sub_code, pay_sub_cur, pay_sub_desc, product_type_id, dcr_ipac_mapping_id) VALUES ('IL', 'NCSH', 'UED', 'USD', 'ENDOWMENT PAYOUT', 17, 23)
INSERT INTO dcr_ipaclookup (prod_code, pay_code, pay_sub_code, pay_sub_cur, pay_sub_desc, product_type_id, dcr_ipac_mapping_id) VALUES ('IL', 'NCSH', 'UFW', 'USD', 'FUND WITHDRAWAL', 17, 23)
INSERT INTO dcr_ipaclookup (prod_code, pay_code, pay_sub_code, pay_sub_cur, pay_sub_desc, product_type_id, dcr_ipac_mapping_id) VALUES ('IL', 'NCSH', 'ULR', 'USD', 'LOAN APPLIED TO PREMIUM', 17, 23)
INSERT INTO dcr_ipaclookup (prod_code, pay_code, pay_sub_code, pay_sub_cur, pay_sub_desc, product_type_id, dcr_ipac_mapping_id) VALUES ('IL', 'CRD', 'SPU', 'USD', 'POS - SCB', 17, 16)
INSERT INTO dcr_ipaclookup (prod_code, pay_code, pay_sub_code, pay_sub_cur, pay_sub_desc, product_type_id, dcr_ipac_mapping_id) VALUES ('IL', 'CHK', 'CDM', 'USD', 'US CHECK DRAWN IN MANILA', 17, 10)
INSERT INTO dcr_ipaclookup (prod_code, pay_code, pay_sub_code, pay_sub_cur, pay_sub_desc, product_type_id, dcr_ipac_mapping_id) VALUES ('IL', 'CHK', 'COP', 'USD', 'US CHECK DRAWN OUTSIDE PH', 17, 10)
INSERT INTO dcr_ipaclookup (prod_code, pay_code, pay_sub_code, pay_sub_cur, pay_sub_desc, product_type_id, dcr_ipac_mapping_id) VALUES ('IL', 'CHK', 'DDK', 'USD', 'DEPOSIT SLIP DOLLAR CHECK', 17, 5)
INSERT INTO dcr_ipaclookup (prod_code, pay_code, pay_sub_code, pay_sub_cur, pay_sub_desc, product_type_id, dcr_ipac_mapping_id) VALUES ('VL', 'NCSH', 'UCV', 'USD', 'CASH SURRENDER VALUE', 17, 23)
INSERT INTO dcr_ipaclookup (prod_code, pay_code, pay_sub_code, pay_sub_cur, pay_sub_desc, product_type_id, dcr_ipac_mapping_id) VALUES ('VL', 'NCSH', 'UDV', 'USD', 'DIVIDEND', 17, 23)
INSERT INTO dcr_ipaclookup (prod_code, pay_code, pay_sub_code, pay_sub_cur, pay_sub_desc, product_type_id, dcr_ipac_mapping_id) VALUES ('VL', 'NCSH', 'UED', 'USD', 'ENDOWMENT PAYOUT', 17, 23)
INSERT INTO dcr_ipaclookup (prod_code, pay_code, pay_sub_code, pay_sub_cur, pay_sub_desc, product_type_id, dcr_ipac_mapping_id) VALUES ('VL', 'NCSH', 'UFW', 'USD', 'FUND WITHDRAWAL', 17, 23)
INSERT INTO dcr_ipaclookup (prod_code, pay_code, pay_sub_code, pay_sub_cur, pay_sub_desc, product_type_id, dcr_ipac_mapping_id) VALUES ('VL', 'NCSH', 'ULR', 'USD', 'LOAN APPLIED TO PREMIUM', 17, 23)
INSERT INTO dcr_ipaclookup (prod_code, pay_code, pay_sub_code, pay_sub_cur, pay_sub_desc, product_type_id, dcr_ipac_mapping_id) VALUES ('VL', 'NCSH', 'URC', 'USD', 'REDEMPTION FROM SLAMC', 17, 23)
INSERT INTO dcr_ipaclookup (prod_code, pay_code, pay_sub_code, pay_sub_cur, pay_sub_desc, product_type_id, dcr_ipac_mapping_id) VALUES ('GL', 'CRD', 'BMP', 'PHP', 'MDS - BPI', 18, 17)
INSERT INTO dcr_ipaclookup (prod_code, pay_code, pay_sub_code, pay_sub_cur, pay_sub_desc, product_type_id, dcr_ipac_mapping_id) VALUES ('GL', 'CRD', 'BPP', 'PHP', 'POS - BPI', 18, 13)
INSERT INTO dcr_ipaclookup (prod_code, pay_code, pay_sub_code, pay_sub_cur, pay_sub_desc, product_type_id, dcr_ipac_mapping_id) VALUES ('GL', 'CRD', 'CMM', 'PHP', 'CITIBANK (AUTOCHARGE)', 18, null)
INSERT INTO dcr_ipaclookup (prod_code, pay_code, pay_sub_code, pay_sub_cur, pay_sub_desc, product_type_id, dcr_ipac_mapping_id) VALUES ('GL', 'CRD', 'CMP', 'PHP', 'MDS - CITIBANK', 18, 18)
INSERT INTO dcr_ipaclookup (prod_code, pay_code, pay_sub_code, pay_sub_cur, pay_sub_desc, product_type_id, dcr_ipac_mapping_id) VALUES ('GL', 'CRD', 'CPP', 'PHP', 'POS - CITIBANK ', 18, 14)
INSERT INTO dcr_ipaclookup (prod_code, pay_code, pay_sub_code, pay_sub_cur, pay_sub_desc, product_type_id, dcr_ipac_mapping_id) VALUES ('GL', 'CRD', 'EMP', 'PHP', 'MDS - EQUITABLE', 18, null)
INSERT INTO dcr_ipaclookup (prod_code, pay_code, pay_sub_code, pay_sub_cur, pay_sub_desc, product_type_id, dcr_ipac_mapping_id) VALUES ('GL', 'CRD', 'EPP', 'PHP', 'POS - EQUITABLE', 18, null)
INSERT INTO dcr_ipaclookup (prod_code, pay_code, pay_sub_code, pay_sub_cur, pay_sub_desc, product_type_id, dcr_ipac_mapping_id) VALUES ('GL', 'CRD', 'EPS', 'PHP', 'EPS - BPI', 18, null)
INSERT INTO dcr_ipaclookup (prod_code, pay_code, pay_sub_code, pay_sub_cur, pay_sub_desc, product_type_id, dcr_ipac_mapping_id) VALUES ('GL', 'CRD', 'HMP', 'PHP', 'MDS - HSBC', 18, 19)
INSERT INTO dcr_ipaclookup (prod_code, pay_code, pay_sub_code, pay_sub_cur, pay_sub_desc, product_type_id, dcr_ipac_mapping_id) VALUES ('GL', 'CRD', 'HPP', 'PHP', 'POS - HSBC', 18, null)
INSERT INTO dcr_ipaclookup (prod_code, pay_code, pay_sub_code, pay_sub_cur, pay_sub_desc, product_type_id, dcr_ipac_mapping_id) VALUES ('GL', 'CRD', 'ICT', 'PHP', 'SUNLINK ONLINE', 18, null)
INSERT INTO dcr_ipaclookup (prod_code, pay_code, pay_sub_code, pay_sub_cur, pay_sub_desc, product_type_id, dcr_ipac_mapping_id) VALUES ('GL', 'CRD', 'SMM', 'PHP', 'SCB (AUTOCHARGE)', 18, null)
INSERT INTO dcr_ipaclookup (prod_code, pay_code, pay_sub_code, pay_sub_cur, pay_sub_desc, product_type_id, dcr_ipac_mapping_id) VALUES ('GL', 'CRD', 'SMP', 'PHP', 'MDS - SCB', 18, 20)
INSERT INTO dcr_ipaclookup (prod_code, pay_code, pay_sub_code, pay_sub_cur, pay_sub_desc, product_type_id, dcr_ipac_mapping_id) VALUES ('GL', 'CRD', 'SPP', 'PHP', 'POS - SCB', 18, 16)
INSERT INTO dcr_ipaclookup (prod_code, pay_code, pay_sub_code, pay_sub_cur, pay_sub_desc, product_type_id, dcr_ipac_mapping_id) VALUES ('GL', 'CHK', 'BCP', 'PHP', 'BANK OTC CHECK PAYMENT (PESO)', 18, null)
INSERT INTO dcr_ipaclookup (prod_code, pay_code, pay_sub_code, pay_sub_cur, pay_sub_desc, product_type_id, dcr_ipac_mapping_id) VALUES ('GL', 'CHK', 'DSK', 'PHP', 'DEPOSIT SLIP PESO CHECK', 18, 4)
INSERT INTO dcr_ipaclookup (prod_code, pay_code, pay_sub_code, pay_sub_cur, pay_sub_desc, product_type_id, dcr_ipac_mapping_id) VALUES ('GL', 'CHK', 'L/C', 'PHP', 'LOCAL CHECK', 18, 9)
INSERT INTO dcr_ipaclookup (prod_code, pay_code, pay_sub_code, pay_sub_cur, pay_sub_desc, product_type_id, dcr_ipac_mapping_id) VALUES ('GL', 'CHK', 'O/C', 'PHP', 'OUT-OF-TOWN CHECK', 18, 12)
INSERT INTO dcr_ipaclookup (prod_code, pay_code, pay_sub_code, pay_sub_cur, pay_sub_desc, product_type_id, dcr_ipac_mapping_id) VALUES ('GL', 'CHK', 'OUC', 'PHP', 'ON US CHECK', 18, 11)
INSERT INTO dcr_ipaclookup (prod_code, pay_code, pay_sub_code, pay_sub_cur, pay_sub_desc, product_type_id, dcr_ipac_mapping_id) VALUES ('GL', 'CHK', 'PMO', 'PHP', 'POSTAL MONEY ORDER', 18, null)
INSERT INTO dcr_ipaclookup (prod_code, pay_code, pay_sub_code, pay_sub_cur, pay_sub_desc, product_type_id, dcr_ipac_mapping_id) VALUES ('GL', 'CHK', 'R/C', 'PHP', 'REGIONAL CHECK', 18, 10)
INSERT INTO dcr_ipaclookup (prod_code, pay_code, pay_sub_code, pay_sub_cur, pay_sub_desc, product_type_id, dcr_ipac_mapping_id) VALUES ('GL', 'NCSH', 'E/R', 'PHP', 'EXPERIENCE REFUND', 18, 23)
INSERT INTO dcr_ipaclookup (prod_code, pay_code, pay_sub_code, pay_sub_cur, pay_sub_desc, product_type_id, dcr_ipac_mapping_id) VALUES ('GL', 'NCSH', 'GLS', 'PHP', 'GROUP LIFE - SALARY DEDUCTION', 18, 23)
INSERT INTO dcr_ipaclookup (prod_code, pay_code, pay_sub_code, pay_sub_cur, pay_sub_desc, product_type_id, dcr_ipac_mapping_id) VALUES ('GL', 'NCSH', 'MRI', 'PHP', 'MRI LOAN PAYMENT -SALARY DEDUCTION', 18, 23)
INSERT INTO dcr_ipaclookup (prod_code, pay_code, pay_sub_code, pay_sub_cur, pay_sub_desc, product_type_id, dcr_ipac_mapping_id) VALUES ('GL', 'NCSH', 'PAC', 'PHP', 'PA CARD - SALARY DEDUCTION', 18, 23)
INSERT INTO dcr_ipaclookup (prod_code, pay_code, pay_sub_code, pay_sub_cur, pay_sub_desc, product_type_id, dcr_ipac_mapping_id) VALUES ('GL', 'NCSH', 'PFP', 'PHP', 'PRO-FAMILY PAYMENT - SALARY DEDUCTION', 18, 23)
INSERT INTO dcr_ipaclookup (prod_code, pay_code, pay_sub_code, pay_sub_cur, pay_sub_desc, product_type_id, dcr_ipac_mapping_id) VALUES ('GL', 'NCSH', 'SCB', 'PHP', 'SCB CARDHOLDER CREDIT LIFE PAYMENT', 18, 23)
INSERT INTO dcr_ipaclookup (prod_code, pay_code, pay_sub_code, pay_sub_cur, pay_sub_desc, product_type_id, dcr_ipac_mapping_id) VALUES ('GL', 'CSH', 'C/M', 'PHP', 'CREDIT MEMO', 18, 23)
INSERT INTO dcr_ipaclookup (prod_code, pay_code, pay_sub_code, pay_sub_cur, pay_sub_desc, product_type_id, dcr_ipac_mapping_id) VALUES ('GL', 'CSH', 'CPH', 'PHP', 'PESO CASH', 18, 3)
INSERT INTO dcr_ipaclookup (prod_code, pay_code, pay_sub_code, pay_sub_cur, pay_sub_desc, product_type_id, dcr_ipac_mapping_id) VALUES ('GL', 'CSH', 'DSP', 'PHP', 'DEPOSIT SLIP PESO CASH', 18, 1)
INSERT INTO dcr_ipaclookup (prod_code, pay_code, pay_sub_code, pay_sub_cur, pay_sub_desc, product_type_id, dcr_ipac_mapping_id) VALUES ('GL', 'CSH', 'TTL', 'PHP', 'TELEGRAPHIC TRANSFER LOCAL', 18, 2)


insert into DCRError(error_id,error_name) values('ERRCCM01','No Attachment(s)');
insert into DCRError(error_id,error_name) values('ERRCCM02','Incorrect Card type');
insert into DCRError(error_id,error_name) values('ERRCCM03','Incomplete attachment');
insert into DCRError(error_id,error_name) values('ERRCCM04','Remarks missing');
insert into DCRError(error_id,error_name) values('ERRCCM05','PR series not indicated');
insert into DCRError(error_id,error_name) values('ERRCCM06','Undeposited collections');
insert into DCRError(error_id,error_name) values('ERRCCM07','Pickup date not indicated in VDIL');
insert into DCRError(error_id,error_name) values('ERRCCM08','Incorrect file uploaded');
insert into DCRError(error_id,error_name) values('ERRCCM09','Incomplete VDIL');
insert into DCRError(error_id,error_name) values('ERRCCM10','Comment not available');
insert into DCRError(error_id,error_name) values('ERRCCM11','Delayed collection recon');
insert into DCRError(error_id,error_name) values('ERRCCM12','Late submission of DCR report');
insert into DCRError(error_id,error_name) values('ERRCCM99','Other');

insert into DCRError(error_id,error_name) values('ERRPPA01','Total Cash Amount not tally with VDS');
insert into DCRError(error_id,error_name) values('ERRPPA02','Total Check Amount not tally with VDS');
insert into DCRError(error_id,error_name) values('ERRPPA03','Total Card Amount not tally with settlement slip');
insert into DCRError(error_id,error_name) values('ERRPPA04','Incorrect Cash classification');
insert into DCRError(error_id,error_name) values('ERRPPA05','Incorrect Check classification');
insert into DCRError(error_id,error_name) values('ERRPPA06','Incorrect Card classification');
insert into DCRError(error_id,error_name) values('ERRPPA07','Incomplete sale slip submitted');
insert into DCRError(error_id,error_name) values('ERRPPA08','Incomplete attachment re: 2nd endorsed check');
insert into DCRError(error_id,error_name) values('ERRPPA09','No email advice re: approved/processed OR cancellation attached');
insert into DCRError(error_id,error_name) values('ERRPPA10','POS sales slip unsigned');
insert into DCRError(error_id,error_name) values('ERRPPA11','MDS sales slip unsigned');
insert into DCRError(error_id,error_name) values('ERRPPA12','MDS with alterations not countersigned');
insert into DCRError(error_id,error_name) values('ERRPPA13','MDS without approval number');
insert into DCRError(error_id,error_name) values('ERRPPA14','MDS card details overwritten');
insert into DCRError(error_id,error_name) values('ERRPPA15','MDS card details unreadable');
insert into DCRError(error_id,error_name) values('ERRPPA16','Incorrect Site code used');
insert into DCRError(error_id,error_name) values('ERRPPA17','Collection deposited to incorrect LOB');
insert into DCRError(error_id,error_name) values('ERRPPA18','POS not settled within the day');
insert into DCRError(error_id,error_name) values('ERRPPA19','Card collection swiped to incorrect LOB');
insert into DCRError(error_id,error_name) values('ERRPPA99','Other');

insert into DCRStep(step_id,step_name) values('STPCCM01','For Review');
insert into DCRStep(step_id,step_name) values('STPCCM02','Awaiting Response');
insert into DCRStep(step_id,step_name) values('STPPPA01','Approved for Recon');
insert into DCRStep(step_id,step_name) values('STPPPA02','For Verification');

insert into DCRStepErrorLookup(step_id,error_id) values('STPCCM01','ERRCCM01');
insert into DCRStepErrorLookup(step_id,error_id) values('STPCCM01','ERRCCM02');
insert into DCRStepErrorLookup(step_id,error_id) values('STPCCM01','ERRCCM03');
insert into DCRStepErrorLookup(step_id,error_id) values('STPCCM01','ERRCCM04');
insert into DCRStepErrorLookup(step_id,error_id) values('STPCCM01','ERRCCM05');
insert into DCRStepErrorLookup(step_id,error_id) values('STPCCM01','ERRCCM06');
insert into DCRStepErrorLookup(step_id,error_id) values('STPCCM01','ERRCCM07');
insert into DCRStepErrorLookup(step_id,error_id) values('STPCCM01','ERRCCM08');
insert into DCRStepErrorLookup(step_id,error_id) values('STPCCM01','ERRCCM09');
insert into DCRStepErrorLookup(step_id,error_id) values('STPCCM01','ERRCCM10');
insert into DCRStepErrorLookup(step_id,error_id) values('STPCCM01','ERRCCM11');
insert into DCRStepErrorLookup(step_id,error_id) values('STPCCM01','ERRCCM12');
insert into DCRStepErrorLookup(step_id,error_id) values('STPCCM01','ERRCCM99');

insert into DCRStepErrorLookup(step_id,error_id) values('STPCCM02','ERRCCM01');
insert into DCRStepErrorLookup(step_id,error_id) values('STPCCM02','ERRCCM02');
insert into DCRStepErrorLookup(step_id,error_id) values('STPCCM02','ERRCCM03');
insert into DCRStepErrorLookup(step_id,error_id) values('STPCCM02','ERRCCM04');
insert into DCRStepErrorLookup(step_id,error_id) values('STPCCM02','ERRCCM05');
insert into DCRStepErrorLookup(step_id,error_id) values('STPCCM02','ERRCCM06');
insert into DCRStepErrorLookup(step_id,error_id) values('STPCCM02','ERRCCM07');
insert into DCRStepErrorLookup(step_id,error_id) values('STPCCM02','ERRCCM08');
insert into DCRStepErrorLookup(step_id,error_id) values('STPCCM02','ERRCCM09');
insert into DCRStepErrorLookup(step_id,error_id) values('STPCCM02','ERRCCM10');
insert into DCRStepErrorLookup(step_id,error_id) values('STPCCM02','ERRCCM11');
insert into DCRStepErrorLookup(step_id,error_id) values('STPCCM02','ERRCCM12');
insert into DCRStepErrorLookup(step_id,error_id) values('STPCCM02','ERRCCM99');

insert into DCRStepErrorLookup(step_id,error_id) values('STPPPA01','ERRPPA01');
insert into DCRStepErrorLookup(step_id,error_id) values('STPPPA01','ERRPPA02');
insert into DCRStepErrorLookup(step_id,error_id) values('STPPPA01','ERRPPA03');
insert into DCRStepErrorLookup(step_id,error_id) values('STPPPA01','ERRPPA04');
insert into DCRStepErrorLookup(step_id,error_id) values('STPPPA01','ERRPPA05');
insert into DCRStepErrorLookup(step_id,error_id) values('STPPPA01','ERRPPA06');
insert into DCRStepErrorLookup(step_id,error_id) values('STPPPA01','ERRPPA07');
insert into DCRStepErrorLookup(step_id,error_id) values('STPPPA01','ERRPPA08');
insert into DCRStepErrorLookup(step_id,error_id) values('STPPPA01','ERRPPA09');
insert into DCRStepErrorLookup(step_id,error_id) values('STPPPA01','ERRPPA10');
insert into DCRStepErrorLookup(step_id,error_id) values('STPPPA01','ERRPPA11');
insert into DCRStepErrorLookup(step_id,error_id) values('STPPPA01','ERRPPA12');
insert into DCRStepErrorLookup(step_id,error_id) values('STPPPA01','ERRPPA13');
insert into DCRStepErrorLookup(step_id,error_id) values('STPPPA01','ERRPPA14');
insert into DCRStepErrorLookup(step_id,error_id) values('STPPPA01','ERRPPA15');
insert into DCRStepErrorLookup(step_id,error_id) values('STPPPA01','ERRPPA16');
insert into DCRStepErrorLookup(step_id,error_id) values('STPPPA01','ERRPPA17');
insert into DCRStepErrorLookup(step_id,error_id) values('STPPPA01','ERRPPA18');
insert into DCRStepErrorLookup(step_id,error_id) values('STPPPA01','ERRPPA19');
insert into DCRStepErrorLookup(step_id,error_id) values('STPPPA01','ERRPPA99');

insert into DCRStepErrorLookup(step_id,error_id) values('STPPPA02','ERRPPA01');
insert into DCRStepErrorLookup(step_id,error_id) values('STPPPA02','ERRPPA02');
insert into DCRStepErrorLookup(step_id,error_id) values('STPPPA02','ERRPPA03');
insert into DCRStepErrorLookup(step_id,error_id) values('STPPPA02','ERRPPA04');
insert into DCRStepErrorLookup(step_id,error_id) values('STPPPA02','ERRPPA05');
insert into DCRStepErrorLookup(step_id,error_id) values('STPPPA02','ERRPPA06');
insert into DCRStepErrorLookup(step_id,error_id) values('STPPPA02','ERRPPA07');
insert into DCRStepErrorLookup(step_id,error_id) values('STPPPA02','ERRPPA08');
insert into DCRStepErrorLookup(step_id,error_id) values('STPPPA02','ERRPPA09');
insert into DCRStepErrorLookup(step_id,error_id) values('STPPPA02','ERRPPA10');
insert into DCRStepErrorLookup(step_id,error_id) values('STPPPA02','ERRPPA11');
insert into DCRStepErrorLookup(step_id,error_id) values('STPPPA02','ERRPPA12');
insert into DCRStepErrorLookup(step_id,error_id) values('STPPPA02','ERRPPA13');
insert into DCRStepErrorLookup(step_id,error_id) values('STPPPA02','ERRPPA14');
insert into DCRStepErrorLookup(step_id,error_id) values('STPPPA02','ERRPPA15');
insert into DCRStepErrorLookup(step_id,error_id) values('STPPPA02','ERRPPA16');
insert into DCRStepErrorLookup(step_id,error_id) values('STPPPA02','ERRPPA17');
insert into DCRStepErrorLookup(step_id,error_id) values('STPPPA02','ERRPPA18');
insert into DCRStepErrorLookup(step_id,error_id) values('STPPPA02','ERRPPA19');
insert into DCRStepErrorLookup(step_id,error_id) values('STPPPA02','ERRPPA99');