delete from ASSESSMENT_REQUESTS where REFERENCE_NUM in ('WFAR0001','WFAR0002','WFAR0003','WFAR0004','WFAR0005','WFAR0006');
insert into ASSESSMENT_REQUESTS(REFERENCE_NUM, LOB, SOURCE_SYSTEM, AMOUNT_COVERED, PREMIUM, INSURED_CLIENT_ID, OWNER_CLIENT_ID, BRANCH_ID, AGENT_ID, STATUS_ID, ASSIGNED_TO, UNDERWRITER, CREATED_BY) values
('WFAR0001','IL','ABACUS',1000,1500,'C01','C02','SUNLIFEHO','IUMDEV',1,'IUMDEV','MARAN','VTUBI');

insert into ASSESSMENT_REQUESTS(REFERENCE_NUM, LOB, SOURCE_SYSTEM, AMOUNT_COVERED, PREMIUM, INSURED_CLIENT_ID, OWNER_CLIENT_ID, BRANCH_ID, AGENT_ID, STATUS_ID, ASSIGNED_TO, UNDERWRITER, CREATED_BY) values
('WFAR0002','PN','ABACUS',1000,1500,'C01','C02','SUNLIFEHO','IUMDEV',2,'IUMDEV','MARAN','VTUBI');

insert into ASSESSMENT_REQUESTS(REFERENCE_NUM, LOB, SOURCE_SYSTEM, AMOUNT_COVERED, PREMIUM, INSURED_CLIENT_ID, OWNER_CLIENT_ID, BRANCH_ID, AGENT_ID, STATUS_ID, ASSIGNED_TO, UNDERWRITER, CREATED_BY) values
('WFAR0003','IL','ABACUS',1000,1500,'C01','C02','SUNLIFEHO','IUMDEV',1,'IUMDEV','MARAN','VTUBI');

insert into ASSESSMENT_REQUESTS(REFERENCE_NUM, LOB, SOURCE_SYSTEM, AMOUNT_COVERED, PREMIUM, INSURED_CLIENT_ID, OWNER_CLIENT_ID, BRANCH_ID, AGENT_ID, STATUS_ID, ASSIGNED_TO, UNDERWRITER, CREATED_BY) values
('WFAR0004','IL','ABACUS',1000,1500,'C01','C02','SUNLIFEHO','IUMDEV',4,'IUMDEV','MARAN','VTUBI');

insert into ASSESSMENT_REQUESTS(REFERENCE_NUM, LOB, SOURCE_SYSTEM, AMOUNT_COVERED, PREMIUM, INSURED_CLIENT_ID, OWNER_CLIENT_ID, BRANCH_ID, AGENT_ID, STATUS_ID, ASSIGNED_TO, UNDERWRITER, CREATED_BY) values
('WFAR0005','IL','ABACUS',1000,1500,'C01','C02','SUNLIFEHO','IUMDEV',7,'IUMDEV','MARAN','VTUBI');

insert into ASSESSMENT_REQUESTS(REFERENCE_NUM, LOB, SOURCE_SYSTEM, AMOUNT_COVERED, PREMIUM, INSURED_CLIENT_ID, OWNER_CLIENT_ID, BRANCH_ID, AGENT_ID, STATUS_ID, ASSIGNED_TO, UNDERWRITER, CREATED_BY) values
('WFAR0006','IL','ABACUS',1000,1500,'C01','C02','SUNLIFEHO','IUMDEV',12,'IUMDEV','MARAN','VTUBI');



delete from USER_PROCESS_PREFERENCES;
delete from USER_ROLES where USER_ID in ('WFUser1','WFUser2','WFUser3','WFUser4','WFUser5','WFUser6');
delete from USERS where USER_ID in ('WFUser1','WFUser2','WFUser3','WFUser4','WFUser5','WFUser6');

insert into USERS (USER_ID, USR_ACF2ID, USR_PASSWORD, USR_LAST_NAME, USR_FIRST_NAME, USR_MIDDLE_NAME, USR_CODE, USR_TYPE, USR_EMAIL_ADDRESS, USR_MOBILE_NUM, USR_NOTIFICATION_IND, USR_RECORDS_PER_VIEW, USR_SEX, USR_ROLE, SLO_ID, DEPT_ID, SEC_ID, CREATED_BY, CREATED_DATE, UPDATED_BY, UPDATED_DATE) values
('WFUser1','P174','password','WFLastName1',NULL,'WFFirstName1',NULL,NULL,'iumdev@pointwest.com.ph','091700000001','1',NULL,NULL,'NBSTAFF','SUNLIFEHO','CLIENTSVCS','NBREVIEW','IUMDEV',NULL,NULL,NULL);

insert into USERS (USER_ID, USR_ACF2ID, USR_PASSWORD, USR_LAST_NAME, USR_FIRST_NAME, USR_MIDDLE_NAME, USR_CODE, USR_TYPE, USR_EMAIL_ADDRESS, USR_MOBILE_NUM, USR_NOTIFICATION_IND, USR_RECORDS_PER_VIEW, USR_SEX, USR_ROLE, SLO_ID, DEPT_ID, SEC_ID, CREATED_BY, CREATED_DATE, UPDATED_BY, UPDATED_DATE) values
('WFUser2','P174','password','WFLastName2',NULL,'WFFirstName2',NULL,NULL,'iumdev@pointwest.com.ph','091700000002','1',NULL,NULL,'AGENT','SUNLIFEHO','CLIENTSVCS','NBREVIEW','IUMDEV',NULL,NULL,NULL);

insert into USERS (USER_ID, USR_ACF2ID, USR_PASSWORD, USR_LAST_NAME, USR_FIRST_NAME, USR_MIDDLE_NAME, USR_CODE, USR_TYPE, USR_EMAIL_ADDRESS, USR_MOBILE_NUM, USR_NOTIFICATION_IND, USR_RECORDS_PER_VIEW, USR_SEX, USR_ROLE, SLO_ID, DEPT_ID, SEC_ID, CREATED_BY, CREATED_DATE, UPDATED_BY, UPDATED_DATE) values
('WFUser3','P174','password','WFLastName3',NULL,'WFFirstName3',NULL,NULL,'iumdev@pointwest.com.ph','091700000003','1',NULL,NULL,'MKTGSTAFF','SUNLIFEHO','CLIENTSVCS','NBREVIEW','IUMDEV',NULL,NULL,NULL);

insert into USERS (USER_ID, USR_ACF2ID, USR_PASSWORD, USR_LAST_NAME, USR_FIRST_NAME, USR_MIDDLE_NAME, USR_CODE, USR_TYPE, USR_EMAIL_ADDRESS, USR_MOBILE_NUM, USR_NOTIFICATION_IND, USR_RECORDS_PER_VIEW, USR_SEX, USR_ROLE, SLO_ID, DEPT_ID, SEC_ID, CREATED_BY, CREATED_DATE, UPDATED_BY, UPDATED_DATE) values
('WFUser4','P174','password','WFLastName4',NULL,'WFFirstName4',NULL,NULL,'iumdev@pointwest.com.ph','091700000004','1',NULL,NULL,'FACILITATOR','SUNLIFEHO','CLIENTSVCS','NBREVIEW','IUMDEV',NULL,NULL,NULL);

insert into USERS (USER_ID, USR_ACF2ID, USR_PASSWORD, USR_LAST_NAME, USR_FIRST_NAME, USR_MIDDLE_NAME, USR_CODE, USR_TYPE, USR_EMAIL_ADDRESS, USR_MOBILE_NUM, USR_NOTIFICATION_IND, USR_RECORDS_PER_VIEW, USR_SEX, USR_ROLE, SLO_ID, DEPT_ID, SEC_ID, CREATED_BY, CREATED_DATE, UPDATED_BY, UPDATED_DATE) values
('WFUser5','P174','password','WFLastName5',NULL,'WFFirstName5',NULL,NULL,'iumdev@pointwest.com.ph','091700000005','1',NULL,NULL,'UNDERWRITER','SUNLIFEHO','CLIENTSVCS','NBREVIEW','IUMDEV',NULL,NULL,NULL);

insert into USERS (USER_ID, USR_ACF2ID, USR_PASSWORD, USR_LAST_NAME, USR_FIRST_NAME, USR_MIDDLE_NAME, USR_CODE, USR_TYPE, USR_EMAIL_ADDRESS, USR_MOBILE_NUM, USR_NOTIFICATION_IND, USR_RECORDS_PER_VIEW, USR_SEX, USR_ROLE, SLO_ID, DEPT_ID, SEC_ID, CREATED_BY, CREATED_DATE, UPDATED_BY, UPDATED_DATE) values
('WFUser6','P174','password','WFLastName6',NULL,'WFFirstName6',NULL,NULL,'iumdev@pointwest.com.ph','091700000006','1',NULL,NULL,'UWTNGSUPMGR','SUNLIFEHO','CLIENTSVCS','NBREVIEW','IUMDEV',NULL,NULL,NULL);

update USERS set USR_EMAIL_ADDRESS='iumdev@pointwest.com.ph' where USER_ID IN ('WFUser1','WFUser2','WFUser3','WFUser4','WFUser5','WFUser6');

insert into USER_ROLES(ROLE_CODE,USER_ID) values ('NBSTAFF','WFUser1');
insert into USER_ROLES(ROLE_CODE,USER_ID) values ('AGENT','WFUser2');
insert into USER_ROLES(ROLE_CODE,USER_ID) values ('MKTGSTAFF','WFUser3');
insert into USER_ROLES(ROLE_CODE,USER_ID) values ('FACILITATOR','WFUser4');
insert into USER_ROLES(ROLE_CODE,USER_ID) values ('UNDERWRITER','WFUser5');
insert into USER_ROLES(ROLE_CODE,USER_ID) values ('UWTNGSUPMGR','WFUser6');





delete NOTIFICATION_RECIPIENTS;
delete NOTIFICATION_TEMPLATES;


insert into NOTIFICATION_TEMPLATES
(NOT_ID,NOT_DESC,NOT_SUBJ,NOT_EMAIL_CONTENT,NOT_SENDER,NOT_NOTIFY_MOBILE_IND,NOT_MOBILE_CONTENT,CREATED_BY) values
(1,'Creation of Assessment Request','New Business Review For <Reference No>','
Hi,

The following <LOB> application has been submitted for your review:

Reference No: <Reference No>
Insured Client No: <Client No>

Link to Request: <URL>
','NBS','0',null,'JDACA');
insert into NOTIFICATION_RECIPIENTS (NOT_ID,ROLE_ID,NOTIFICATION_TYPE,LOB_CODE,NOT_PRIMARY_IND) values (1,'NBSTAFF','E','IL','1');
insert into NOTIFICATION_RECIPIENTS (NOT_ID,ROLE_ID,NOTIFICATION_TYPE,LOB_CODE,NOT_PRIMARY_IND) values (1,'NBSTAFF','E','GL','1');
insert into NOTIFICATION_RECIPIENTS (NOT_ID,ROLE_ID,NOTIFICATION_TYPE,LOB_CODE,NOT_PRIMARY_IND) values (1,'NBSTAFF','E','PN','1');


insert into NOTIFICATION_TEMPLATES
(NOT_ID,NOT_DESC,NOT_SUBJ,NOT_EMAIL_CONTENT,NOT_SENDER,NOT_NOTIFY_MOBILE_IND,NOT_MOBILE_CONTENT,CREATED_BY) values
(2,'For Transmittal','Assessment Request for <Reference No>','
Hi,

New Business has requested the assessment of a/an <LOB> application with the following details:

Reference No: <Reference No>
Insured Client No: <Client No>

Link to Assessment Request: <URL>
','NBS','0',null,'JDACA');
insert into NOTIFICATION_RECIPIENTS (NOT_ID,ROLE_ID,NOTIFICATION_TYPE,LOB_CODE,NOT_PRIMARY_IND) values (2,'FACILITATOR','E','IL','1');
insert into NOTIFICATION_RECIPIENTS (NOT_ID,ROLE_ID,NOTIFICATION_TYPE,LOB_CODE,NOT_PRIMARY_IND) values (2,'FACILITATOR','E','GL','1');
insert into NOTIFICATION_RECIPIENTS (NOT_ID,ROLE_ID,NOTIFICATION_TYPE,LOB_CODE,NOT_PRIMARY_IND) values (2,'FACILITATOR','E','PN','1');


insert into NOTIFICATION_TEMPLATES
(NOT_ID,NOT_DESC,NOT_SUBJ,NOT_EMAIL_CONTENT,NOT_SENDER,NOT_NOTIFY_MOBILE_IND,NOT_MOBILE_CONTENT,CREATED_BY) values
(3,'For Assessment','Assessment Request for <Reference No>','
Hi,

New Business has requested the assessment of a/an <LOB> application with the following details:

Reference No: <Reference No>
Insured Client No: <Client No>

Link to Request: <URL>
','FCLTOR','0',null,'JDACA');
insert into NOTIFICATION_RECIPIENTS (NOT_ID,ROLE_ID,NOTIFICATION_TYPE,LOB_CODE,NOT_PRIMARY_IND) values (3,'UNDERWRITER','E','IL','1');
insert into NOTIFICATION_RECIPIENTS (NOT_ID,ROLE_ID,NOTIFICATION_TYPE,LOB_CODE,NOT_PRIMARY_IND) values (3,'UNDERWRITER','E','GL','1');
insert into NOTIFICATION_RECIPIENTS (NOT_ID,ROLE_ID,NOTIFICATION_TYPE,LOB_CODE,NOT_PRIMARY_IND) values (3,'UNDERWRITER','E','PN','1');


insert into NOTIFICATION_TEMPLATES
(NOT_ID,NOT_DESC,NOT_SUBJ,NOT_EMAIL_CONTENT,NOT_SENDER,NOT_NOTIFY_MOBILE_IND,NOT_MOBILE_CONTENT,CREATED_BY) values
(4,'Reassignment','Reassignment of Assessment Requests','
Please take note of the change on the Underwriter assignment for the following application:

<Reasssignment Details>

Regards,
<USD Supervisor/Manager>
','USDSVR','0',null,'JDACA');
insert into NOTIFICATION_RECIPIENTS (NOT_ID,ROLE_ID,NOTIFICATION_TYPE,LOB_CODE,NOT_PRIMARY_IND) values (4,'UNDERWRITER','E','IL','1');
insert into NOTIFICATION_RECIPIENTS (NOT_ID,ROLE_ID,NOTIFICATION_TYPE,LOB_CODE,NOT_PRIMARY_IND) values (4,'UNDERWRITER','E','GL','1');
insert into NOTIFICATION_RECIPIENTS (NOT_ID,ROLE_ID,NOTIFICATION_TYPE,LOB_CODE,NOT_PRIMARY_IND) values (4,'UNDERWRITER','E','PN','1');


insert into NOTIFICATION_TEMPLATES
(NOT_ID,NOT_DESC,NOT_SUBJ,NOT_EMAIL_CONTENT,NOT_SENDER,NOT_NOTIFY_MOBILE_IND,NOT_MOBILE_CONTENT,CREATED_BY) values
(5,'Ordering of Requirements','New Requirements for Reference No. <Reference No> - <Client Name>','
Please submit the following requirement:

<Requirement Details>
<PDF Attachment>

Regards,
<Underwriter Name>
','UDRWTR','1','RE: PN <Reference No> ON THE LIFE OF <Client Name>. PLEASE VIEW YOUR EMAIL OR CONTACT MKTG STAFF FOR THE U/W REQMTS NOW.','JDACA');

insert into NOTIFICATION_RECIPIENTS (NOT_ID,ROLE_ID,NOTIFICATION_TYPE,LOB_CODE,NOT_PRIMARY_IND) values (5,'AGENT','B','IL','1');
insert into NOTIFICATION_RECIPIENTS (NOT_ID,ROLE_ID,NOTIFICATION_TYPE,LOB_CODE,NOT_PRIMARY_IND) values (5,'NBSTAFF','B','PN','1');
insert into NOTIFICATION_RECIPIENTS (NOT_ID,ROLE_ID,NOTIFICATION_TYPE,LOB_CODE,NOT_PRIMARY_IND) values (5,'NBSTAFF','B','GL','1');
insert into NOTIFICATION_RECIPIENTS (NOT_ID,ROLE_ID,NOTIFICATION_TYPE,LOB_CODE) values (5,'MKTGSTAFF','B','IL');
insert into NOTIFICATION_RECIPIENTS (NOT_ID,ROLE_ID,NOTIFICATION_TYPE,LOB_CODE) values (5,'MKTGSTAFF','B','PN');
insert into NOTIFICATION_RECIPIENTS (NOT_ID,ROLE_ID,NOTIFICATION_TYPE,LOB_CODE) values (5,'MKTGSTAFF','B','GL');


insert into NOTIFICATION_TEMPLATES
(NOT_ID,NOT_DESC,NOT_SUBJ,NOT_EMAIL_CONTENT,NOT_SENDER,NOT_NOTIFY_MOBILE_IND,NOT_MOBILE_CONTENT,CREATED_BY) values
(6,'Cancelation of Requirements','Cancelled Requirements for Reference No. <Reference No> - <Client Name>','
The following requirements have been cancelled.  Please do not submit anymore:

- <Requirement Description>

Regards,
<Underwriter Name>
','UDRWTR','1','RE: PN <Reference No> ON THE LIFE OF <Client Name>. PLEASE VIEW YOUR EMAIL OR CONTACT MKTG STAFF FOR THE U/W REQMTS NOW.','JDACA');

insert into NOTIFICATION_RECIPIENTS (NOT_ID,ROLE_ID,NOTIFICATION_TYPE,LOB_CODE,NOT_PRIMARY_IND) values (6,'AGENT','B','IL','1');
insert into NOTIFICATION_RECIPIENTS (NOT_ID,ROLE_ID,NOTIFICATION_TYPE,LOB_CODE,NOT_PRIMARY_IND) values (6,'NBSTAFF','B','PN'),'1';
insert into NOTIFICATION_RECIPIENTS (NOT_ID,ROLE_ID,NOTIFICATION_TYPE,LOB_CODE,NOT_PRIMARY_IND) values (6,'NBSTAFF','B','GL','1');
insert into NOTIFICATION_RECIPIENTS (NOT_ID,ROLE_ID,NOTIFICATION_TYPE,LOB_CODE) values (6,'MKTGSTAFF','B','IL');
insert into NOTIFICATION_RECIPIENTS (NOT_ID,ROLE_ID,NOTIFICATION_TYPE,LOB_CODE) values (6,'MKTGSTAFF','B','PN');
insert into NOTIFICATION_RECIPIENTS (NOT_ID,ROLE_ID,NOTIFICATION_TYPE,LOB_CODE) values (6,'MKTGSTAFF','B','GL');


insert into NOTIFICATION_TEMPLATES
(NOT_ID,NOT_DESC,NOT_SUBJ,NOT_EMAIL_CONTENT,NOT_SENDER,NOT_NOTIFY_MOBILE_IND,NOT_MOBILE_CONTENT,CREATED_BY) values
(7,'Follow-up Requirements','New Business Memo: Follow-up Requirements for Reference No. <Reference No> - <Client Name>','
This is to follow-up following requirement:

<Requirement Details>

Regards,
<Underwriter Name>
','NBS','0',null,'JDACA');

insert into NOTIFICATION_RECIPIENTS (NOT_ID,ROLE_ID,NOTIFICATION_TYPE,LOB_CODE,NOT_PRIMARY_IND) values (7,'AGENT','E','IL','1');
insert into NOTIFICATION_RECIPIENTS (NOT_ID,ROLE_ID,NOTIFICATION_TYPE,LOB_CODE,NOT_PRIMARY_IND) values (7,'AGENT','E','PN','1');
insert into NOTIFICATION_RECIPIENTS (NOT_ID,ROLE_ID,NOTIFICATION_TYPE,LOB_CODE,NOT_PRIMARY_IND) values (7,'AGENT','E','GL','1');
insert into NOTIFICATION_RECIPIENTS (NOT_ID,ROLE_ID,NOTIFICATION_TYPE,LOB_CODE) values (7,'MKTGSTAFF','E','IL');
insert into NOTIFICATION_RECIPIENTS (NOT_ID,ROLE_ID,NOTIFICATION_TYPE,LOB_CODE) values (7,'MKTGSTAFF','E','PN');
insert into NOTIFICATION_RECIPIENTS (NOT_ID,ROLE_ID,NOTIFICATION_TYPE,LOB_CODE) values (7,'MKTGSTAFF','E','GL');
  
  
  
insert into NOTIFICATION_TEMPLATES
(NOT_ID,NOT_DESC,NOT_SUBJ,NOT_EMAIL_CONTENT,NOT_SENDER,NOT_NOTIFY_MOBILE_IND,NOT_MOBILE_CONTENT,CREATED_BY) values
(8,'Cancelation of Requirements','New Business Memo: Cancelled Requirements for Reference No. <Reference No> - <Client Name>','
The following requirements have been cancelled.  Please do not submit anymore:

- <Requirement Description 1>
- <Requirement Description 2>
- _

Regards,
<NB Reviewer Name>
','NBRVW','0',null,'JDACA');

insert into NOTIFICATION_RECIPIENTS (NOT_ID,ROLE_ID,NOTIFICATION_TYPE,LOB_CODE,NOT_PRIMARY_IND) values (8,'AGENT','E','IL','1');
insert into NOTIFICATION_RECIPIENTS (NOT_ID,ROLE_ID,NOTIFICATION_TYPE,LOB_CODE,NOT_PRIMARY_IND) values (8,'AGENT','E','PN','1');
insert into NOTIFICATION_RECIPIENTS (NOT_ID,ROLE_ID,NOTIFICATION_TYPE,LOB_CODE,NOT_PRIMARY_IND) values (8,'AGENT','E','GL','1'); 
insert into NOTIFICATION_RECIPIENTS (NOT_ID,ROLE_ID,NOTIFICATION_TYPE,LOB_CODE) values (8,'MKTGSTAFF','E','IL');
insert into NOTIFICATION_RECIPIENTS (NOT_ID,ROLE_ID,NOTIFICATION_TYPE,LOB_CODE) values (8,'MKTGSTAFF','E','PN');
insert into NOTIFICATION_RECIPIENTS (NOT_ID,ROLE_ID,NOTIFICATION_TYPE,LOB_CODE) values (8,'MKTGSTAFF','E','GL'); 



insert into NOTIFICATION_TEMPLATES
(NOT_ID,NOT_DESC,NOT_SUBJ,NOT_EMAIL_CONTENT,NOT_SENDER,NOT_NOTIFY_MOBILE_IND,NOT_MOBILE_CONTENT,CREATED_BY) values
(9,'Request for Med/Lab Exam','<Exam Type> Exam Requested for Your Attention: <Client Name>','
<URL>
','NBRVW','0',null,'JDACA');

insert into NOTIFICATION_RECIPIENTS (NOT_ID,ROLE_ID,NOTIFICATION_TYPE,LOB_CODE,NOT_PRIMARY_IND) values (9,'MEDICALADMIN','E','IL','1');
insert into NOTIFICATION_RECIPIENTS (NOT_ID,ROLE_ID,NOTIFICATION_TYPE,LOB_CODE,NOT_PRIMARY_IND) values (9,'MEDICALADMIN','E','PN','1');
insert into NOTIFICATION_RECIPIENTS (NOT_ID,ROLE_ID,NOTIFICATION_TYPE,LOB_CODE,NOT_PRIMARY_IND) values (9,'MEDICALADMIN','E','GL','1');



insert into NOTIFICATION_TEMPLATES
(NOT_ID,NOT_DESC,NOT_SUBJ,NOT_EMAIL_CONTENT,NOT_SENDER,NOT_NOTIFY_MOBILE_IND,NOT_MOBILE_CONTENT,CREATED_BY) values
(10,'Confirmation of Med Exam Request','Confirmation of <Exam Type> Exam Appointment: <Client Name>','
Client Name:  <Client Name>
<Exam Type> Exam:  <Lab Exam Type> exam
<Laboratory Examiner>: <Laboratory Examiner Name>

Appointment Date:  <Appointment Date>
Appointment Time:  <Appointment Time>

Letter of Authorization is attached.
','MEDSTF','0',null,'JDACA');

insert into NOTIFICATION_RECIPIENTS (NOT_ID,ROLE_ID,NOTIFICATION_TYPE,LOB_CODE,NOT_PRIMARY_IND) values (10,'AGENT','E','IL','1');
insert into NOTIFICATION_RECIPIENTS (NOT_ID,ROLE_ID,NOTIFICATION_TYPE,LOB_CODE,NOT_PRIMARY_IND) values (10,'AGENT','E','PN','1');
insert into NOTIFICATION_RECIPIENTS (NOT_ID,ROLE_ID,NOTIFICATION_TYPE,LOB_CODE,NOT_PRIMARY_IND) values (10,'AGENT','E','GL','1'); 
insert into NOTIFICATION_RECIPIENTS (NOT_ID,ROLE_ID,NOTIFICATION_TYPE,LOB_CODE) values (10,'MKTGSTAFF','E','IL');
insert into NOTIFICATION_RECIPIENTS (NOT_ID,ROLE_ID,NOTIFICATION_TYPE,LOB_CODE) values (10,'MKTGSTAFF','E','PN');
insert into NOTIFICATION_RECIPIENTS (NOT_ID,ROLE_ID,NOTIFICATION_TYPE,LOB_CODE) values (10,'MKTGSTAFF','E','GL'); 



insert into NOTIFICATION_TEMPLATES
(NOT_ID,NOT_DESC,NOT_SUBJ,NOT_EMAIL_CONTENT,NOT_SENDER,NOT_NOTIFY_MOBILE_IND,NOT_MOBILE_CONTENT,CREATED_BY) values
(11,'Receipt of Requirements at Site','Receipt of Requirements for Reference No.: <Reference No>','
The original copies of the following requirements were received:

<Requirement>

The said documents will be transmitted to your end as necessary.

Link to Assessment Request: <URL>
','NBS','0',null,'JDACA');

insert into NOTIFICATION_RECIPIENTS (NOT_ID,ROLE_ID,NOTIFICATION_TYPE,LOB_CODE,NOT_PRIMARY_IND) values (11,'FACILITATOR','E','IL','1');
insert into NOTIFICATION_RECIPIENTS (NOT_ID,ROLE_ID,NOTIFICATION_TYPE,LOB_CODE,NOT_PRIMARY_IND) values (11,'FACILITATOR','E','PN','1');
insert into NOTIFICATION_RECIPIENTS (NOT_ID,ROLE_ID,NOTIFICATION_TYPE,LOB_CODE,NOT_PRIMARY_IND) values (11,'FACILITATOR','E','GL','1');



insert into NOTIFICATION_TEMPLATES
(NOT_ID,NOT_DESC,NOT_SUBJ,NOT_EMAIL_CONTENT,NOT_SENDER,NOT_NOTIFY_MOBILE_IND,NOT_MOBILE_CONTENT,CREATED_BY) values
(12,'Entry of Med Results','<Exam Type> Exam Edited for Your Attention: <Client Name>','
<URL>
','MEDSTF','0',null,'JDACA');

insert into NOTIFICATION_RECIPIENTS (NOT_ID,ROLE_ID,NOTIFICATION_TYPE,LOB_CODE,NOT_PRIMARY_IND) values (12,'FACILITATOR','E','IL','1');
insert into NOTIFICATION_RECIPIENTS (NOT_ID,ROLE_ID,NOTIFICATION_TYPE,LOB_CODE,NOT_PRIMARY_IND) values (12,'FACILITATOR','E','PN','1');
insert into NOTIFICATION_RECIPIENTS (NOT_ID,ROLE_ID,NOTIFICATION_TYPE,LOB_CODE,NOT_PRIMARY_IND) values (12,'FACILITATOR','E','GL','1');


insert into NOTIFICATION_TEMPLATES
(NOT_ID,NOT_DESC,NOT_SUBJ,NOT_EMAIL_CONTENT,NOT_SENDER,NOT_NOTIFY_MOBILE_IND,NOT_MOBILE_CONTENT,CREATED_BY) values
(13,'Assessment Result from USD','USD Memo: Assessment Result for Reference No. <Reference No>','
Hi,

This is to inform you of USD''s assessment for the following application:

Reference No: <Reference No>
Insured Client No: <Client No>

Decision: <Application Status>

Regards,
Underwriting Services Department
','UDRWTR','1','RE: PN <Reference No> ON THE LIFE OF <Client Name>. PLEASE VIEW YOUR EMAIL OR CONTACT MKTG STAFF FOR THE DECISION ON APP NOW.','JDACA');

insert into NOTIFICATION_RECIPIENTS (NOT_ID,ROLE_ID,NOTIFICATION_TYPE,LOB_CODE,NOT_PRIMARY_IND) values (13,'AGENT','B','IL','1');
insert into NOTIFICATION_RECIPIENTS (NOT_ID,ROLE_ID,NOTIFICATION_TYPE,LOB_CODE,NOT_PRIMARY_IND) values (13,'NBSTAFF','B','PN','1');
insert into NOTIFICATION_RECIPIENTS (NOT_ID,ROLE_ID,NOTIFICATION_TYPE,LOB_CODE,NOT_PRIMARY_IND) values (13,'NBSTAFF','B','GL','1');
insert into NOTIFICATION_RECIPIENTS (NOT_ID,ROLE_ID,NOTIFICATION_TYPE,LOB_CODE) values (13,'MKTGSTAFF','B','IL');
insert into NOTIFICATION_RECIPIENTS (NOT_ID,ROLE_ID,NOTIFICATION_TYPE,LOB_CODE) values (13,'MKTGSTAFF','B','PN');
insert into NOTIFICATION_RECIPIENTS (NOT_ID,ROLE_ID,NOTIFICATION_TYPE,LOB_CODE) values (13,'MKTGSTAFF','B','GL');



insert into NOTIFICATION_TEMPLATES
(NOT_ID,NOT_DESC,NOT_SUBJ,NOT_EMAIL_CONTENT,NOT_SENDER,NOT_NOTIFY_MOBILE_IND,NOT_MOBILE_CONTENT,CREATED_BY) values
(14,'Assessment Result from NB','New Business Memo: Assessment Result for Reference No. <Reference No>','
Hi,

This is to inform you of the decision for the following application:

Reference No: <Reference No>
Insured Client No: <Client No>>

Decision: <Application Status>

Regards,
New Business Department
','NBADMN','1','RE: PN <Reference No> ON THE LIFE OF <Client Name>. PLEASE VIEW YOUR EMAIL OR CONTACT MKTG STAFF FOR THE DECISION ON APP NOW.','JDACA');

insert into NOTIFICATION_RECIPIENTS (NOT_ID,ROLE_ID,NOTIFICATION_TYPE,LOB_CODE,NOT_PRIMARY_IND) values (14,'AGENT','B','IL','1');
insert into NOTIFICATION_RECIPIENTS (NOT_ID,ROLE_ID,NOTIFICATION_TYPE,LOB_CODE,NOT_PRIMARY_IND) values (14,'NBSTAFF','B','PN','1');
insert into NOTIFICATION_RECIPIENTS (NOT_ID,ROLE_ID,NOTIFICATION_TYPE,LOB_CODE,NOT_PRIMARY_IND) values (14,'NBSTAFF','B','GL','1');
insert into NOTIFICATION_RECIPIENTS (NOT_ID,ROLE_ID,NOTIFICATION_TYPE,LOB_CODE) values (14,'MKTGSTAFF','B','IL');
insert into NOTIFICATION_RECIPIENTS (NOT_ID,ROLE_ID,NOTIFICATION_TYPE,LOB_CODE) values (14,'MKTGSTAFF','B','PN');
insert into NOTIFICATION_RECIPIENTS (NOT_ID,ROLE_ID,NOTIFICATION_TYPE,LOB_CODE) values (14,'MKTGSTAFF','B','GL');    


insert into NOTIFICATION_TEMPLATES
(NOT_ID,NOT_DESC,NOT_SUBJ,NOT_EMAIL_CONTENT,NOT_SENDER,NOT_NOTIFY_MOBILE_IND,NOT_MOBILE_CONTENT,CREATED_BY) values
(15,'Doctors Notes','Medical Assessment Referral for your attention � Reference No.: <Reference No>','
<URL>
','NBADMN',null,null,'JDACA');

insert into NOTIFICATION_RECIPIENTS (NOT_ID,ROLE_ID,NOTIFICATION_TYPE,LOB_CODE,NOT_PRIMARY_IND) values (15,'MEDCONSLT','E','IL','1');
insert into NOTIFICATION_RECIPIENTS (NOT_ID,ROLE_ID,NOTIFICATION_TYPE,LOB_CODE,NOT_PRIMARY_IND) values (15,'MEDCONSLT','E','PN','1');
insert into NOTIFICATION_RECIPIENTS (NOT_ID,ROLE_ID,NOTIFICATION_TYPE,LOB_CODE,NOT_PRIMARY_IND) values (15,'MEDCONSLT','E','GL','1');
insert into NOTIFICATION_RECIPIENTS (NOT_ID,ROLE_ID,NOTIFICATION_TYPE,LOB_CODE) values (15,'UNDERWRITER','E','IL');
insert into NOTIFICATION_RECIPIENTS (NOT_ID,ROLE_ID,NOTIFICATION_TYPE,LOB_CODE) values (15,'UNDERWRITER','E','PN');
insert into NOTIFICATION_RECIPIENTS (NOT_ID,ROLE_ID,NOTIFICATION_TYPE,LOB_CODE) values (15,'UNDERWRITER','E','GL');




delete from USER_PROCESS_PREFERENCES;
delete PROCESS_CONFIGURATIONS;

insert into PROCESS_CONFIGURATIONS
(EVNT_ID, EVNT_NAME, EVNT_FROM_STATUS, EVNT_TO_STATUS, LOB_CODE, NOT_ID, PROC_NOTIFICATION_IND, CREATED_BY, PROC_CODE) values
(1,'Speedy Case',1,6,'IL',null,'1','JDACA','AR');

insert into PROCESS_CONFIGURATIONS
(EVNT_ID, EVNT_NAME, EVNT_FROM_STATUS, EVNT_TO_STATUS, LOB_CODE, NOT_ID, PROC_NOTIFICATION_IND, CREATED_BY, PROC_CODE) values
(2,'App forwarded to USD',1,2,'IL',2,'1','JDACA','AR');

insert into PROCESS_CONFIGURATIONS
(EVNT_ID, EVNT_NAME, EVNT_FROM_STATUS, EVNT_TO_STATUS, LOB_CODE, NOT_ID, PROC_NOTIFICATION_IND, CREATED_BY, PROC_CODE) values
(3,'App received at USD',2,3,'IL',null,'1','JDACA','AR');

insert into PROCESS_CONFIGURATIONS
(EVNT_ID, EVNT_NAME, EVNT_FROM_STATUS, EVNT_TO_STATUS, LOB_CODE, NOT_ID, PROC_NOTIFICATION_IND, CREATED_BY, PROC_CODE) values
(4,'App forwrdd to Undrwrtr',3,4,'IL',3,'1','JDACA','AR');

insert into PROCESS_CONFIGURATIONS
(EVNT_ID, EVNT_NAME, EVNT_FROM_STATUS, EVNT_TO_STATUS, LOB_CODE, NOT_ID, PROC_NOTIFICATION_IND, CREATED_BY, PROC_CODE) values
(5,'App assessed by Undrwrtr',4,5,'IL',null,'1','JDACA','AR');

insert into PROCESS_CONFIGURATIONS
(EVNT_ID, EVNT_NAME, EVNT_FROM_STATUS, EVNT_TO_STATUS, LOB_CODE, NOT_ID, PROC_NOTIFICATION_IND, CREATED_BY, PROC_CODE) values
(6,'For offer',5,9,'IL',13,'1','JDACA','AR');

insert into PROCESS_CONFIGURATIONS
(EVNT_ID, EVNT_NAME, EVNT_FROM_STATUS, EVNT_TO_STATUS, LOB_CODE, NOT_ID, PROC_NOTIFICATION_IND, CREATED_BY, PROC_CODE) values
(7,'For offer',6,9,'IL',14,'1','JDACA','AR');

insert into PROCESS_CONFIGURATIONS
(EVNT_ID, EVNT_NAME, EVNT_FROM_STATUS, EVNT_TO_STATUS, LOB_CODE, NOT_ID, PROC_NOTIFICATION_IND, CREATED_BY, PROC_CODE) values
(8,'Declined',5,8,'IL',13,'1','JDACA','AR');

insert into PROCESS_CONFIGURATIONS
(EVNT_ID, EVNT_NAME, EVNT_FROM_STATUS, EVNT_TO_STATUS, LOB_CODE, NOT_ID, PROC_NOTIFICATION_IND, CREATED_BY, PROC_CODE) values
(9,'Approved',5,7,'IL',13,'1','JDACA','AR');

insert into PROCESS_CONFIGURATIONS
(EVNT_ID, EVNT_NAME, EVNT_FROM_STATUS, EVNT_TO_STATUS, LOB_CODE, NOT_ID, PROC_NOTIFICATION_IND, CREATED_BY, PROC_CODE) values
(10,'Await requirements',5,10,'IL',5,'1','JDACA','AR');

insert into PROCESS_CONFIGURATIONS
(EVNT_ID, EVNT_NAME, EVNT_FROM_STATUS, EVNT_TO_STATUS, LOB_CODE, NOT_ID, PROC_NOTIFICATION_IND, CREATED_BY, PROC_CODE) values
(11,'Await Medical',5,11,'IL',null,'1','JDACA','AR');

insert into PROCESS_CONFIGURATIONS
(EVNT_ID, EVNT_NAME, EVNT_FROM_STATUS, EVNT_TO_STATUS, LOB_CODE, NOT_ID, PROC_NOTIFICATION_IND, CREATED_BY, PROC_CODE) values
(12,'Requirement not Sbmtted',10,12,'IL',13,'1','JDACA','AR');

insert into PROCESS_CONFIGURATIONS
(EVNT_ID, EVNT_NAME, EVNT_FROM_STATUS, EVNT_TO_STATUS, LOB_CODE, NOT_ID, PROC_NOTIFICATION_IND, CREATED_BY, PROC_CODE) values
(13,'Requirement Submitted',10,4,'IL',null,'1','JDACA','AR');

insert into PROCESS_CONFIGURATIONS
(EVNT_ID, EVNT_NAME, EVNT_FROM_STATUS, EVNT_TO_STATUS, LOB_CODE, NOT_ID, PROC_NOTIFICATION_IND, CREATED_BY, PROC_CODE) values
(14,'Requirement Submitted',11,3,'IL',null,'1','JDACA','AR');

insert into PROCESS_CONFIGURATIONS
(EVNT_ID, EVNT_NAME, EVNT_FROM_STATUS, EVNT_TO_STATUS, LOB_CODE, NOT_ID, PROC_NOTIFICATION_IND, CREATED_BY, PROC_CODE) values
(15,'Await requirements',1,10,'IL',null,'1','JDACA','AR');

insert into PROCESS_CONFIGURATIONS
(EVNT_ID, EVNT_NAME, EVNT_FROM_STATUS, EVNT_TO_STATUS, LOB_CODE, NOT_ID, PROC_NOTIFICATION_IND, CREATED_BY, PROC_CODE) values
(16,'Await medical',1,11,'IL',null,'1','JDACA','AR');

insert into PROCESS_CONFIGURATIONS
(EVNT_ID, EVNT_NAME, EVNT_FROM_STATUS, EVNT_TO_STATUS, LOB_CODE, NOT_ID, PROC_NOTIFICATION_IND, CREATED_BY, PROC_CODE) values
(17,'Approved',6,7,'IL',14,'1','JDACA','AR');

insert into PROCESS_CONFIGURATIONS
(EVNT_ID, EVNT_NAME, EVNT_FROM_STATUS, EVNT_TO_STATUS, LOB_CODE, NOT_ID, PROC_NOTIFICATION_IND, CREATED_BY, PROC_CODE) values
(18,'Decline',6,8,'IL',14,'1','JDACA','AR');

insert into PROCESS_CONFIGURATIONS
(EVNT_ID, EVNT_NAME, EVNT_FROM_STATUS, EVNT_TO_STATUS, LOB_CODE, NOT_ID, PROC_NOTIFICATION_IND, CREATED_BY, PROC_CODE) values
(19,'Await requirements',5,10,'PN',5,'1','JDACA','AR');

insert into PROCESS_CONFIGURATIONS
(EVNT_ID, EVNT_NAME, EVNT_FROM_STATUS, EVNT_TO_STATUS, LOB_CODE, NOT_ID, PROC_NOTIFICATION_IND, CREATED_BY, PROC_CODE) values
(20,'Await requirements',5,10,'GL',5,'1','JDACA','AR');

insert into PROCESS_CONFIGURATIONS
(EVNT_ID, EVNT_NAME, EVNT_FROM_STATUS, EVNT_TO_STATUS, LOB_CODE, NOT_ID, PROC_NOTIFICATION_IND, CREATED_BY, PROC_CODE) values
(21,'Submit for review',12,1,'IL',1,'1','JDACA','AR');

insert into PROCESS_CONFIGURATIONS
(EVNT_ID, EVNT_NAME, EVNT_FROM_STATUS, EVNT_TO_STATUS, LOB_CODE, NOT_ID, PROC_NOTIFICATION_IND, CREATED_BY, PROC_CODE) values
(22,'Submit for review',null,1,'GL',1,'1','JDACA','AR');

insert into PROCESS_CONFIGURATIONS
(EVNT_ID, EVNT_NAME, EVNT_FROM_STATUS, EVNT_TO_STATUS, LOB_CODE, NOT_ID, PROC_NOTIFICATION_IND, CREATED_BY, PROC_CODE) values
(23,'Submit for review',null,1,'PN',1,'1','JDACA','AR');

insert into PROCESS_CONFIGURATIONS
(EVNT_ID, EVNT_NAME, EVNT_FROM_STATUS, EVNT_TO_STATUS, LOB_CODE, NOT_ID, PROC_NOTIFICATION_IND, CREATED_BY, PROC_CODE) values
(24,'Cancelled',12,13,'IL',null,'1','JDACA','AR');



insert into PROCESS_CONFIGURATIONS
(EVNT_ID, EVNT_NAME, EVNT_FROM_STATUS, EVNT_TO_STATUS, LOB_CODE, NOT_ID, PROC_NOTIFICATION_IND, CREATED_BY, PROC_CODE) values
(25,'For Assessment',null,4,'IL',3,'1','JDACA','AR');

insert into PROCESS_CONFIGURATIONS
(EVNT_ID, EVNT_NAME, EVNT_FROM_STATUS, EVNT_TO_STATUS, LOB_CODE, NOT_ID, PROC_NOTIFICATION_IND, CREATED_BY, PROC_CODE) values
(26,'Reassign Assignment',4,4,'IL',4,'1','JDACA','AR');

insert into PROCESS_CONFIGURATIONS
(EVNT_ID, EVNT_NAME, EVNT_FROM_STATUS, EVNT_TO_STATUS, LOB_CODE, NOT_ID, PROC_NOTIFICATION_IND, CREATED_BY, PROC_CODE) values
(27,'Approved as Applied',null,7,'IL',13,'1','JDACA','AR');

insert into PROCESS_CONFIGURATIONS
(EVNT_ID, EVNT_NAME, EVNT_FROM_STATUS, EVNT_TO_STATUS, LOB_CODE, NOT_ID, PROC_NOTIFICATION_IND, CREATED_BY, PROC_CODE) values
(28,'Gnrate Assessmnt Rquest',null,1,'IL',1,'1','JDACA','AR');

insert into PROCESS_CONFIGURATIONS
(EVNT_ID, EVNT_NAME, EVNT_FROM_STATUS, EVNT_TO_STATUS, LOB_CODE, NOT_ID, PROC_NOTIFICATION_IND, CREATED_BY, PROC_CODE) values
(29,'App forwarded to USD',null,2,'PN',2,'1','JDACA','AR');

insert into PROCESS_CONFIGURATIONS
(EVNT_ID, EVNT_NAME, EVNT_FROM_STATUS, EVNT_TO_STATUS, LOB_CODE, NOT_ID, PROC_NOTIFICATION_IND, CREATED_BY, PROC_CODE) values
(30,'Requirement not Sbmtted',11,12,'IL',13,'1','JDACA','AR');

insert into PROCESS_CONFIGURATIONS
(EVNT_ID, EVNT_NAME, EVNT_FROM_STATUS, EVNT_TO_STATUS, LOB_CODE, NOT_ID, PROC_NOTIFICATION_IND, CREATED_BY, PROC_CODE) values
(31,'Declined',null,8,'IL',13,'1','JDACA','AR');

insert into PROCESS_CONFIGURATIONS
(EVNT_ID, EVNT_NAME, EVNT_FROM_STATUS, EVNT_TO_STATUS, LOB_CODE, NOT_ID, PROC_NOTIFICATION_IND, CREATED_BY, PROC_CODE) values
(32,'Approved',null,7,'IL',13,'1','JDACA','AR');

insert into PROCESS_CONFIGURATIONS
(EVNT_ID, EVNT_NAME, EVNT_FROM_STATUS, EVNT_TO_STATUS, LOB_CODE, NOT_ID, PROC_NOTIFICATION_IND, CREATED_BY, PROC_CODE) values
(33,'For Offer',null,9,'IL',13,'1','JDACA','AR');

insert into PROCESS_CONFIGURATIONS
(EVNT_ID, EVNT_NAME, EVNT_FROM_STATUS, EVNT_TO_STATUS, LOB_CODE, NOT_ID, PROC_NOTIFICATION_IND, CREATED_BY, PROC_CODE) values
(34,'App forwarded to USD',null,2,'IL',2,'1','JDACA','AR');


insert into PROCESS_CONFIGURATIONS
(EVNT_ID, EVNT_NAME, EVNT_FROM_STATUS, EVNT_TO_STATUS, LOB_CODE, NOT_ID, PROC_NOTIFICATION_IND, CREATED_BY, PROC_CODE) values
(35,'Medical Exam Request',null,18,'IL',9,'1','JDACA','M');

insert into PROCESS_CONFIGURATIONS
(EVNT_ID, EVNT_NAME, EVNT_FROM_STATUS, EVNT_TO_STATUS, LOB_CODE, NOT_ID, PROC_NOTIFICATION_IND, CREATED_BY, PROC_CODE) values
(36,'Confirm Medical Exam',18,19,'IL',10,'1','JDACA','M');

insert into PROCESS_CONFIGURATIONS
(EVNT_ID, EVNT_NAME, EVNT_FROM_STATUS, EVNT_TO_STATUS, LOB_CODE, NOT_ID, PROC_NOTIFICATION_IND, CREATED_BY, PROC_CODE) values
(37,'Receive Medical Results',null,20,'IL',12,'1','JDACA','M');

insert into PROCESS_CONFIGURATIONS
(EVNT_ID, EVNT_NAME, EVNT_FROM_STATUS, EVNT_TO_STATUS, LOB_CODE, NOT_ID, PROC_NOTIFICATION_IND, CREATED_BY, PROC_CODE) values
(38,'Receive Medical Results',19,20,'IL',12,'1','JDACA','M');

insert into PROCESS_CONFIGURATIONS
(EVNT_ID, EVNT_NAME, EVNT_FROM_STATUS, EVNT_TO_STATUS, LOB_CODE, NOT_ID, PROC_NOTIFICATION_IND, CREATED_BY, PROC_CODE) values
(39,'Not Proceeded With',null,12,'IL',13,'1','JDACA','AR');

insert into PROCESS_CONFIGURATIONS
(EVNT_ID, EVNT_NAME, EVNT_FROM_STATUS, EVNT_TO_STATUS, LOB_CODE, NOT_ID, PROC_NOTIFICATION_IND, CREATED_BY, PROC_CODE) values
(40,'Ordered Requirements',24,13,'IL',5,'1','JDACA','NM');

insert into PROCESS_CONFIGURATIONS
(EVNT_ID, EVNT_NAME, EVNT_FROM_STATUS, EVNT_TO_STATUS, LOB_CODE, NOT_ID, PROC_NOTIFICATION_IND, CREATED_BY, PROC_CODE) values
(41,'Ordered Requirements',25,13,'IL',5,'1','JDACA','NM');

insert into PROCESS_CONFIGURATIONS
(EVNT_ID, EVNT_NAME, EVNT_FROM_STATUS, EVNT_TO_STATUS, LOB_CODE, NOT_ID, PROC_NOTIFICATION_IND, CREATED_BY, PROC_CODE) values
(42,'Ordered Requirements',26,13,'IL',5,'1','JDACA','NM');

insert into PROCESS_CONFIGURATIONS
(EVNT_ID, EVNT_NAME, EVNT_FROM_STATUS, EVNT_TO_STATUS, LOB_CODE, NOT_ID, PROC_NOTIFICATION_IND, CREATED_BY, PROC_CODE) values
(43,'Ordered Requirements',27,13,'IL',5,'1','JDACA','NM');

insert into PROCESS_CONFIGURATIONS
(EVNT_ID, EVNT_NAME, EVNT_FROM_STATUS, EVNT_TO_STATUS, LOB_CODE, NOT_ID, PROC_NOTIFICATION_IND, CREATED_BY, PROC_CODE) values
(44,'Accept Requirement',13,17,'IL',null,'1','JDACA','NM');

insert into PROCESS_CONFIGURATIONS
(EVNT_ID, EVNT_NAME, EVNT_FROM_STATUS, EVNT_TO_STATUS, LOB_CODE, NOT_ID, PROC_NOTIFICATION_IND, CREATED_BY, PROC_CODE) values
(45,'Accept Requirement',14,17,'IL',null,'1','JDACA','NM');

insert into PROCESS_CONFIGURATIONS
(EVNT_ID, EVNT_NAME, EVNT_FROM_STATUS, EVNT_TO_STATUS, LOB_CODE, NOT_ID, PROC_NOTIFICATION_IND, CREATED_BY, PROC_CODE) values
(46,'Cancelled Requirements',13,121,'IL',6,'1','JDACA','NM');

insert into PROCESS_CONFIGURATIONS
(EVNT_ID, EVNT_NAME, EVNT_FROM_STATUS, EVNT_TO_STATUS, LOB_CODE, NOT_ID, PROC_NOTIFICATION_IND, CREATED_BY, PROC_CODE) values
(47,'Cancelled Requirements',24,121,'IL',6,'1','JDACA','NM');

insert into PROCESS_CONFIGURATIONS
(EVNT_ID, EVNT_NAME, EVNT_FROM_STATUS, EVNT_TO_STATUS, LOB_CODE, NOT_ID, PROC_NOTIFICATION_IND, CREATED_BY, PROC_CODE) values
(48,'Cancelled Requirements',25,121,'IL',6,'1','JDACA','NM');

insert into PROCESS_CONFIGURATIONS
(EVNT_ID, EVNT_NAME, EVNT_FROM_STATUS, EVNT_TO_STATUS, LOB_CODE, NOT_ID, PROC_NOTIFICATION_IND, CREATED_BY, PROC_CODE) values
(49,'Cancelled Requirements',26,121,'IL',6,'1','JDACA','NM');

insert into PROCESS_CONFIGURATIONS
(EVNT_ID, EVNT_NAME, EVNT_FROM_STATUS, EVNT_TO_STATUS, LOB_CODE, NOT_ID, PROC_NOTIFICATION_IND, CREATED_BY, PROC_CODE) values
(50,'Cancelled Requirements',27,121,'IL',6,'1','JDACA','NM');

insert into PROCESS_CONFIGURATIONS
(EVNT_ID, EVNT_NAME, EVNT_FROM_STATUS, EVNT_TO_STATUS, LOB_CODE, NOT_ID, PROC_NOTIFICATION_IND, CREATED_BY, PROC_CODE) values
(51,'Waived Requirements',13,15,'IL',6,'1','JDACA','NM');

insert into PROCESS_CONFIGURATIONS
(EVNT_ID, EVNT_NAME, EVNT_FROM_STATUS, EVNT_TO_STATUS, LOB_CODE, NOT_ID, PROC_NOTIFICATION_IND, CREATED_BY, PROC_CODE) values
(52,'Waived Requirements',24,15,'IL',6,'1','JDACA','NM');

insert into PROCESS_CONFIGURATIONS
(EVNT_ID, EVNT_NAME, EVNT_FROM_STATUS, EVNT_TO_STATUS, LOB_CODE, NOT_ID, PROC_NOTIFICATION_IND, CREATED_BY, PROC_CODE) values
(53,'Waived Requirements',25,15,'IL',6,'1','JDACA','NM');

insert into PROCESS_CONFIGURATIONS
(EVNT_ID, EVNT_NAME, EVNT_FROM_STATUS, EVNT_TO_STATUS, LOB_CODE, NOT_ID, PROC_NOTIFICATION_IND, CREATED_BY, PROC_CODE) values
(54,'Waived Requirements',26,15,'IL',6,'1','JDACA','NM');

insert into PROCESS_CONFIGURATIONS
(EVNT_ID, EVNT_NAME, EVNT_FROM_STATUS, EVNT_TO_STATUS, LOB_CODE, NOT_ID, PROC_NOTIFICATION_IND, CREATED_BY, PROC_CODE) values
(55,'Waived Requirements',27,15,'IL',6,'1','JDACA','NM');

insert into PROCESS_CONFIGURATIONS
(EVNT_ID, EVNT_NAME, EVNT_FROM_STATUS, EVNT_TO_STATUS, LOB_CODE, NOT_ID, PROC_NOTIFICATION_IND, CREATED_BY, PROC_CODE) values
(56,'Cancelled',1,13,'IL',null,'1','JDACA','AR');

insert into PROCESS_CONFIGURATIONS
(EVNT_ID, EVNT_NAME, EVNT_FROM_STATUS, EVNT_TO_STATUS, LOB_CODE, NOT_ID, PROC_NOTIFICATION_IND, CREATED_BY, PROC_CODE) values
(57,'Cancelled',1,13,'GL',null,'1','JDACA','AR');

insert into PROCESS_CONFIGURATIONS
(EVNT_ID, EVNT_NAME, EVNT_FROM_STATUS, EVNT_TO_STATUS, LOB_CODE, NOT_ID, PROC_NOTIFICATION_IND, CREATED_BY, PROC_CODE) values
(58,'Cancelled',1,13,'PN',null,'1','JDACA','AR');

insert into PROCESS_CONFIGURATIONS
(EVNT_ID, EVNT_NAME, EVNT_FROM_STATUS, EVNT_TO_STATUS, LOB_CODE, NOT_ID, PROC_NOTIFICATION_IND, CREATED_BY, PROC_CODE) values
(59,'Follow-Up',13,13,'IL',null,'1','JDACA','NM');


insert into USER_PROCESS_PREFERENCES (USER_ID, EVNT_ID, UPP_NOTIFICATION_IND) values
('WFUser1',28,'1');

insert into USER_PROCESS_PREFERENCES (USER_ID, EVNT_ID, UPP_NOTIFICATION_IND) values
('WFUser1',29,'1'); 

insert into USER_PROCESS_PREFERENCES (USER_ID, EVNT_ID, UPP_NOTIFICATION_IND) values
('WFUser4',2,'1'); 

insert into USER_PROCESS_PREFERENCES (USER_ID, EVNT_ID, UPP_NOTIFICATION_IND) values
('WFUser5',25,'1'); 

insert into USER_PROCESS_PREFERENCES (USER_ID, EVNT_ID, UPP_NOTIFICATION_IND) values
('WFUser5',26,'1');

insert into USER_PROCESS_PREFERENCES (USER_ID, EVNT_ID, UPP_NOTIFICATION_IND) values
('WFUser1',6,'1');

insert into USER_PROCESS_PREFERENCES (USER_ID, EVNT_ID, UPP_NOTIFICATION_IND) values
('WFUser1',7,'1');

insert into USER_PROCESS_PREFERENCES (USER_ID, EVNT_ID, UPP_NOTIFICATION_IND) values
('WFUser1',8,'1');

insert into USER_PROCESS_PREFERENCES (USER_ID, EVNT_ID, UPP_NOTIFICATION_IND) values
('WFUser1',9,'1');

insert into USER_PROCESS_PREFERENCES (USER_ID, EVNT_ID, UPP_NOTIFICATION_IND) values
('WFUser1',31,'1');

insert into USER_PROCESS_PREFERENCES (USER_ID, EVNT_ID, UPP_NOTIFICATION_IND) values
('WFUser1',32,'1');

insert into USER_PROCESS_PREFERENCES (USER_ID, EVNT_ID, UPP_NOTIFICATION_IND) values
('WFUser1',33,'1');

insert into USER_PROCESS_PREFERENCES (USER_ID, EVNT_ID, UPP_NOTIFICATION_IND) values
('WFUser2',6,'1');

insert into USER_PROCESS_PREFERENCES (USER_ID, EVNT_ID, UPP_NOTIFICATION_IND) values
('WFUser2',7,'1');

insert into USER_PROCESS_PREFERENCES (USER_ID, EVNT_ID, UPP_NOTIFICATION_IND) values
('WFUser2',8,'1');

insert into USER_PROCESS_PREFERENCES (USER_ID, EVNT_ID, UPP_NOTIFICATION_IND) values
('WFUser2',9,'1');

insert into USER_PROCESS_PREFERENCES (USER_ID, EVNT_ID, UPP_NOTIFICATION_IND) values
('WFUser2',31,'1');

insert into USER_PROCESS_PREFERENCES (USER_ID, EVNT_ID, UPP_NOTIFICATION_IND) values
('WFUser2',32,'1');

insert into USER_PROCESS_PREFERENCES (USER_ID, EVNT_ID, UPP_NOTIFICATION_IND) values
('WFUser2',33,'1');

insert into USER_PROCESS_PREFERENCES (USER_ID, EVNT_ID, UPP_NOTIFICATION_IND) values
('WFUser3',6,'1');

insert into USER_PROCESS_PREFERENCES (USER_ID, EVNT_ID, UPP_NOTIFICATION_IND) values
('WFUser3',7,'1');

insert into USER_PROCESS_PREFERENCES (USER_ID, EVNT_ID, UPP_NOTIFICATION_IND) values
('WFUser3',8,'1');

insert into USER_PROCESS_PREFERENCES (USER_ID, EVNT_ID, UPP_NOTIFICATION_IND) values
('WFUser3',9,'1');

insert into USER_PROCESS_PREFERENCES (USER_ID, EVNT_ID, UPP_NOTIFICATION_IND) values
('WFUser3',31,'1');

insert into USER_PROCESS_PREFERENCES (USER_ID, EVNT_ID, UPP_NOTIFICATION_IND) values
('WFUser3',32,'1');

insert into USER_PROCESS_PREFERENCES (USER_ID, EVNT_ID, UPP_NOTIFICATION_IND) values
('WFUser3',36,'1');

insert into USER_PROCESS_PREFERENCES (USER_ID, EVNT_ID, UPP_NOTIFICATION_IND) values
('WFUser1',36,'1');

insert into USER_PROCESS_PREFERENCES (USER_ID, EVNT_ID, UPP_NOTIFICATION_IND) values
('WFUser3',33,'1');

insert into USER_PROCESS_PREFERENCES (USER_ID, EVNT_ID, UPP_NOTIFICATION_IND) values
('WFUser1',40,'1');

insert into USER_PROCESS_PREFERENCES (USER_ID, EVNT_ID, UPP_NOTIFICATION_IND) values
('WFUser1',41,'1');

insert into USER_PROCESS_PREFERENCES (USER_ID, EVNT_ID, UPP_NOTIFICATION_IND) values
('WFUser1',42,'1');

insert into USER_PROCESS_PREFERENCES (USER_ID, EVNT_ID, UPP_NOTIFICATION_IND) values
('WFUser1',43,'1');

insert into USER_PROCESS_PREFERENCES (USER_ID, EVNT_ID, UPP_NOTIFICATION_IND) values
('WFUser3',40,'1');

insert into USER_PROCESS_PREFERENCES (USER_ID, EVNT_ID, UPP_NOTIFICATION_IND) values
('WFUser3',41,'1');

insert into USER_PROCESS_PREFERENCES (USER_ID, EVNT_ID, UPP_NOTIFICATION_IND) values
('WFUser3',42,'1');

insert into USER_PROCESS_PREFERENCES (USER_ID, EVNT_ID, UPP_NOTIFICATION_IND) values
('WFUser3',43,'1');