set escape on
-- KICKOUT_CODES
PROMPT Inserting to KICKOUT_CODES
INSERT INTO KICKOUT_CODES  (KO_SEQ, KO_MESSAGE) VALUES (1,'Planholder''s Age Out of Range');
INSERT INTO KICKOUT_CODES  (KO_SEQ, KO_MESSAGE) VALUES (2,'Non-medical Limit (Short Form) Required');
INSERT INTO KICKOUT_CODES  (KO_SEQ, KO_MESSAGE) VALUES (3,'Non-medical Limit (Long Form) Required');
INSERT INTO KICKOUT_CODES  (KO_SEQ, KO_MESSAGE) VALUES (4,'Full Medical Examination/Blood Test/Microurinalysis Required');
INSERT INTO KICKOUT_CODES  (KO_SEQ, KO_MESSAGE) VALUES (5,'Retention Limit Exceeded');
INSERT INTO KICKOUT_CODES  (KO_SEQ, KO_MESSAGE) VALUES (6,'ECG Required');
INSERT INTO KICKOUT_CODES  (KO_SEQ, KO_MESSAGE) VALUES (7,'Chest X-Ray Required');
INSERT INTO KICKOUT_CODES  (KO_SEQ, KO_MESSAGE) VALUES (8,'Treadmill Required');
INSERT INTO KICKOUT_CODES  (KO_SEQ, KO_MESSAGE) VALUES (9,'MIB Search is Exact Match');
INSERT INTO KICKOUT_CODES  (KO_SEQ, KO_MESSAGE) VALUES (10,'MIB Search is Partial Match');
INSERT INTO KICKOUT_CODES  (KO_SEQ, KO_MESSAGE) VALUES (11,'Question Omitted - D\&R 1 is yes or omitted');
INSERT INTO KICKOUT_CODES  (KO_SEQ, KO_MESSAGE) VALUES (12,'Question Omitted - D\&R 2 is yes or omitted');
INSERT INTO KICKOUT_CODES  (KO_SEQ, KO_MESSAGE) VALUES (13,'Question Omitted - D\&R 3 is yes or omitted');
INSERT INTO KICKOUT_CODES  (KO_SEQ, KO_MESSAGE) VALUES (14,'Question Omitted - D\&R 1 and 2 are yes or omitted');
INSERT INTO KICKOUT_CODES  (KO_SEQ, KO_MESSAGE) VALUES (15,'Question Omitted - D\&R 1 and 3 are yes or omitted');
INSERT INTO KICKOUT_CODES  (KO_SEQ, KO_MESSAGE) VALUES (16,'Question Omitted - D\&R 2 and 3 are yes or omitted');
INSERT INTO KICKOUT_CODES  (KO_SEQ, KO_MESSAGE) VALUES (17,'Question Omitted - D\&R 1, 2 and 3 are yes or omitted');
INSERT INTO KICKOUT_CODES  (KO_SEQ, KO_MESSAGE) VALUES (18,'Agent''s Report Required - Birthplace is missing');
INSERT INTO KICKOUT_CODES  (KO_SEQ, KO_MESSAGE) VALUES (19,'Agent''s Report Required - Occupation is missing');
INSERT INTO KICKOUT_CODES  (KO_SEQ, KO_MESSAGE) VALUES (20,'Agent''s Report Required - Religion is missing');
INSERT INTO KICKOUT_CODES  (KO_SEQ, KO_MESSAGE) VALUES (21,'Agent''s Report Required - Citizenship is missing');
INSERT INTO KICKOUT_CODES  (KO_SEQ, KO_MESSAGE) VALUES (22,'Agent''s Report Required - Birthplace and Occupation is missing');
INSERT INTO KICKOUT_CODES  (KO_SEQ, KO_MESSAGE) VALUES (23,'Agent''s Report Required - Birthplace and Religion are missing');
INSERT INTO KICKOUT_CODES  (KO_SEQ, KO_MESSAGE) VALUES (24,'Agent''s Report Required - Birthplace and Citizenship are missing');
INSERT INTO KICKOUT_CODES  (KO_SEQ, KO_MESSAGE) VALUES (25,'Agent''s Report Required - Occupation and Religion are missing');
INSERT INTO KICKOUT_CODES  (KO_SEQ, KO_MESSAGE) VALUES (26,'Agent''s Report Required - Occupation and Citizenship are missing');
INSERT INTO KICKOUT_CODES  (KO_SEQ, KO_MESSAGE) VALUES (27,'Agent''s Report Required - Religion and Citizenship are missing');
INSERT INTO KICKOUT_CODES  (KO_SEQ, KO_MESSAGE) VALUES (28,'Agent''s Report Required - Birthplace, Occupation and Religion are missing');
INSERT INTO KICKOUT_CODES  (KO_SEQ, KO_MESSAGE) VALUES (29,'Agent''s Report Required - Birthplace, Occupation and Citizenship are missing');
INSERT INTO KICKOUT_CODES  (KO_SEQ, KO_MESSAGE) VALUES (30,'Agent''s Report Required - Birthplace, Religion and Citizenship are missing');
INSERT INTO KICKOUT_CODES  (KO_SEQ, KO_MESSAGE) VALUES (31,'Agent''s Report Required - Occupation, Religion and Citizenship are missing');
INSERT INTO KICKOUT_CODES  (KO_SEQ, KO_MESSAGE) VALUES (32,'Agent''s Report Required - Birthplace, Occupation, Religion and Citizenship are missing');
INSERT INTO KICKOUT_CODES  (KO_SEQ, KO_MESSAGE) VALUES (33,'AMLA Form Required');
INSERT INTO KICKOUT_CODES  (KO_SEQ, KO_MESSAGE) VALUES (34,'Insurance Riders Forms Required');
INSERT INTO KICKOUT_CODES  (KO_SEQ, KO_MESSAGE) VALUES (35,'Enrolment Form for Monthly Mode and 11 PDCs Required');
INSERT INTO KICKOUT_CODES  (KO_SEQ, KO_MESSAGE) VALUES (36,'Agent Sharing of Commission Agreement Required');
INSERT INTO KICKOUT_CODES  (KO_SEQ, KO_MESSAGE) VALUES (37,'Deed of Agreement and Secretary''s Certificate Required');
INSERT INTO KICKOUT_CODES  (KO_SEQ, KO_MESSAGE) VALUES (38,'Failed Test - Citizenship is Not Filipino');
INSERT INTO KICKOUT_CODES  (KO_SEQ, KO_MESSAGE) VALUES (39,'Failed Test - Religion is Muslim');
INSERT INTO KICKOUT_CODES  (KO_SEQ, KO_MESSAGE) VALUES (40,'Failed Test - Application Sign Date > 90 days');
INSERT INTO KICKOUT_CODES  (KO_SEQ, KO_MESSAGE) VALUES (41,'Failed Test - Planholder Permanent Address is Outside of the Philippines');
INSERT INTO KICKOUT_CODES  (KO_SEQ, KO_MESSAGE) VALUES (42,'Failed Test - No Beneficiary Relationship Defined');
INSERT INTO KICKOUT_CODES  (KO_SEQ, KO_MESSAGE) VALUES (43,'Failed Test - Beneficiary Relationship is Employer or Others');
INSERT INTO KICKOUT_CODES  (KO_SEQ, KO_MESSAGE) VALUES (44,'Failed Test -  Payment > Speedy Approval Payment Tolerance');
INSERT INTO KICKOUT_CODES  (KO_SEQ, KO_MESSAGE) VALUES (45,'Failed Test -  Payment > No Payment');
INSERT INTO KICKOUT_CODES  (KO_SEQ, KO_MESSAGE) VALUES (46,'Failed Test -  Insufficient Deposit');
INSERT INTO KICKOUT_CODES  (KO_SEQ, KO_MESSAGE) VALUES (47,'Failed Test -  One or More Existing Rider is Not Standard');
INSERT INTO KICKOUT_CODES  (KO_SEQ, KO_MESSAGE) VALUES (48,'Writing Agent is Not Active');
INSERT INTO KICKOUT_CODES  (KO_SEQ, KO_MESSAGE) VALUES (49,'Failed Test -  Occupation is Not Standard');
INSERT INTO KICKOUT_CODES  (KO_SEQ, KO_MESSAGE) VALUES (50,'Failed Test -  Planholder Business Address is Foreign');



-- PRISM CODEC
PROMPT Inserting to PRISM_CODEC
INSERT INTO PRISM_CODEC (PC_SEQ, PC_POSITION, PC_CODE, PC_DESC) VALUES (1,1,'O','Out of the set speedy approval age limit.');
INSERT INTO PRISM_CODEC (PC_SEQ, PC_POSITION, PC_CODE, PC_DESC) VALUES (2,2,'S','Non-Medical Limit Short Form');
INSERT INTO PRISM_CODEC (PC_SEQ, PC_POSITION, PC_CODE, PC_DESC) VALUES (3,2,'L','Non-Medical Limit Long Form - Non-medical questionnaire for Group Insurance');
INSERT INTO PRISM_CODEC (PC_SEQ, PC_POSITION, PC_CODE, PC_DESC) VALUES (4,2,'1','Routine requirement - full exam only.');
INSERT INTO PRISM_CODEC (PC_SEQ, PC_POSITION, PC_CODE, PC_DESC) VALUES (5,2,'2','Routine requirement - full exam and ECG.');
INSERT INTO PRISM_CODEC (PC_SEQ, PC_POSITION, PC_CODE, PC_DESC) VALUES (6,2,'3','Routine requirement - full exam, ECG and chest x-ray.');
INSERT INTO PRISM_CODEC (PC_SEQ, PC_POSITION, PC_CODE, PC_DESC) VALUES (7,2,'4','Routine requirement - full exam, ECG and treadmill.');
INSERT INTO PRISM_CODEC (PC_SEQ, PC_POSITION, PC_CODE, PC_DESC) VALUES (8,2,'5','Routine requirement - full exam, ECG chest x-ray and treadmill.');
INSERT INTO PRISM_CODEC (PC_SEQ, PC_POSITION, PC_CODE, PC_DESC) VALUES (9,3,'E','MIB search result (with exact match)');
INSERT INTO PRISM_CODEC (PC_SEQ, PC_POSITION, PC_CODE, PC_DESC) VALUES (10,3,'M','MIB search result (with partial matches)');
INSERT INTO PRISM_CODEC (PC_SEQ, PC_POSITION, PC_CODE, PC_DESC) VALUES (11,4,'1','D\&R 1 is yes, 2 and 3 are no');
INSERT INTO PRISM_CODEC (PC_SEQ, PC_POSITION, PC_CODE, PC_DESC) VALUES (12,4,'2','D\&R 2 is yes, 1 and 3 are no');
INSERT INTO PRISM_CODEC (PC_SEQ, PC_POSITION, PC_CODE, PC_DESC) VALUES (13,4,'3','D\&R 3 is yes, 1 and 2 are no');
INSERT INTO PRISM_CODEC (PC_SEQ, PC_POSITION, PC_CODE, PC_DESC) VALUES (14,4,'4','D\&R 1 and 2 are yes, 3 is no');
INSERT INTO PRISM_CODEC (PC_SEQ, PC_POSITION, PC_CODE, PC_DESC) VALUES (15,4,'5','D\&R 1 and 3 are yes, 2 is no');
INSERT INTO PRISM_CODEC (PC_SEQ, PC_POSITION, PC_CODE, PC_DESC) VALUES (16,4,'6','D\&R 2 and 3 are yes, 1 is no');
INSERT INTO PRISM_CODEC (PC_SEQ, PC_POSITION, PC_CODE, PC_DESC) VALUES (17,4,'7','All D\&R are yes');
INSERT INTO PRISM_CODEC (PC_SEQ, PC_POSITION, PC_CODE, PC_DESC) VALUES (18,5,'A','Agent report checking - undefined birthplace');
INSERT INTO PRISM_CODEC (PC_SEQ, PC_POSITION, PC_CODE, PC_DESC) VALUES (19,5,'B','Agent report checking - undefined occupation');
INSERT INTO PRISM_CODEC (PC_SEQ, PC_POSITION, PC_CODE, PC_DESC) VALUES (20,5,'C','Agent report checking - undefined religion');
INSERT INTO PRISM_CODEC (PC_SEQ, PC_POSITION, PC_CODE, PC_DESC) VALUES (21,5,'D','Agent report checking - undefined citizenship');
INSERT INTO PRISM_CODEC (PC_SEQ, PC_POSITION, PC_CODE, PC_DESC) VALUES (22,5,'E','Agent report checking - undefined birthplace and occupation');
INSERT INTO PRISM_CODEC (PC_SEQ, PC_POSITION, PC_CODE, PC_DESC) VALUES (23,5,'F','Agent report checking - undefined birthplace and religion');
INSERT INTO PRISM_CODEC (PC_SEQ, PC_POSITION, PC_CODE, PC_DESC) VALUES (24,5,'G','Agent report checking - undefined birthplace and citizenship');
INSERT INTO PRISM_CODEC (PC_SEQ, PC_POSITION, PC_CODE, PC_DESC) VALUES (25,5,'H','agent report checking - undefined occupation and religion');
INSERT INTO PRISM_CODEC (PC_SEQ, PC_POSITION, PC_CODE, PC_DESC) VALUES (26,5,'I','Agent report checking - undefined occupation and citizenship');
INSERT INTO PRISM_CODEC (PC_SEQ, PC_POSITION, PC_CODE, PC_DESC) VALUES (27,5,'J','Agent report checking - undefined religion and citizenship');
INSERT INTO PRISM_CODEC (PC_SEQ, PC_POSITION, PC_CODE, PC_DESC) VALUES (28,5,'K','Agent report checking - undefined birthplace, occupation and religion');
INSERT INTO PRISM_CODEC (PC_SEQ, PC_POSITION, PC_CODE, PC_DESC) VALUES (29,5,'L','Agent report checking - undefined birthplace, occupation and citizenship');
INSERT INTO PRISM_CODEC (PC_SEQ, PC_POSITION, PC_CODE, PC_DESC) VALUES (30,5,'M','agent report checking - undefined birthplace, religion and citizenship');
INSERT INTO PRISM_CODEC (PC_SEQ, PC_POSITION, PC_CODE, PC_DESC) VALUES (31,5,'N','Agent report checking - undefined occupation, religion and citizenship');
INSERT INTO PRISM_CODEC (PC_SEQ, PC_POSITION, PC_CODE, PC_DESC) VALUES (32,5,'O','Agent report checking - undefined birthplace, occupation, religion and citizenship');
INSERT INTO PRISM_CODEC (PC_SEQ, PC_POSITION, PC_CODE, PC_DESC) VALUES (33,6,'F','AMLA Form checking');
INSERT INTO PRISM_CODEC (PC_SEQ, PC_POSITION, PC_CODE, PC_DESC) VALUES (34,7,'F','Insurance rider forms checking');
INSERT INTO PRISM_CODEC (PC_SEQ, PC_POSITION, PC_CODE, PC_DESC) VALUES (35,8,'F','Monthly mode requirement checking');
INSERT INTO PRISM_CODEC (PC_SEQ, PC_POSITION, PC_CODE, PC_DESC) VALUES (36,9,'F','Agent sharing requirement checking');
INSERT INTO PRISM_CODEC (PC_SEQ, PC_POSITION, PC_CODE, PC_DESC) VALUES (37,10,'F','Pseudo group requirement checking');
INSERT INTO PRISM_CODEC (PC_SEQ, PC_POSITION, PC_CODE, PC_DESC) VALUES (38,11,'F','Citizenship checking');
INSERT INTO PRISM_CODEC (PC_SEQ, PC_POSITION, PC_CODE, PC_DESC) VALUES (39,12,'F','Religion checking');
INSERT INTO PRISM_CODEC (PC_SEQ, PC_POSITION, PC_CODE, PC_DESC) VALUES (40,13,'F','Signing date checking');
INSERT INTO PRISM_CODEC (PC_SEQ, PC_POSITION, PC_CODE, PC_DESC) VALUES (41,14,'F','Permanent address checking');
INSERT INTO PRISM_CODEC (PC_SEQ, PC_POSITION, PC_CODE, PC_DESC) VALUES (42,15,'M','Beneficiary relationship checking');
INSERT INTO PRISM_CODEC (PC_SEQ, PC_POSITION, PC_CODE, PC_DESC) VALUES (43,15,'F','Beneficiary relationship checking');
INSERT INTO PRISM_CODEC (PC_SEQ, PC_POSITION, PC_CODE, PC_DESC) VALUES (44,16,'O','Payment is posted and over the set speedy approval payment tolerance');
INSERT INTO PRISM_CODEC (PC_SEQ, PC_POSITION, PC_CODE, PC_DESC) VALUES (45,16,'U','Payment is posted and over the set speedy approval payment tolerance');
INSERT INTO PRISM_CODEC (PC_SEQ, PC_POSITION, PC_CODE, PC_DESC) VALUES (46,16,'N','Payment is not yet loaded to PRISM');
INSERT INTO PRISM_CODEC (PC_SEQ, PC_POSITION, PC_CODE, PC_DESC) VALUES (47,16,'I','Application is with insufficient deposit');
INSERT INTO PRISM_CODEC (PC_SEQ, PC_POSITION, PC_CODE, PC_DESC) VALUES (48,17,'N','One of the existing plans is not standard');
INSERT INTO PRISM_CODEC (PC_SEQ, PC_POSITION, PC_CODE, PC_DESC) VALUES (49,18,'N','Agent status is not active');
INSERT INTO PRISM_CODEC (PC_SEQ, PC_POSITION, PC_CODE, PC_DESC) VALUES (50,19,'N','Failed occupation checking');
INSERT INTO PRISM_CODEC (PC_SEQ, PC_POSITION, PC_CODE, PC_DESC) VALUES (51,20,'N','Failed place of work checking');


INSERT INTO PRISM_CODEC (PC_SEQ, PC_POSITION, PC_CODE, PC_DESC) VALUES (52,1,'P','Pass');
INSERT INTO PRISM_CODEC (PC_SEQ, PC_POSITION, PC_CODE, PC_DESC) VALUES (53,2,'P','Pass');
INSERT INTO PRISM_CODEC (PC_SEQ, PC_POSITION, PC_CODE, PC_DESC) VALUES (54,3,'P','Pass');
INSERT INTO PRISM_CODEC (PC_SEQ, PC_POSITION, PC_CODE, PC_DESC) VALUES (55,4,'P','Pass');
INSERT INTO PRISM_CODEC (PC_SEQ, PC_POSITION, PC_CODE, PC_DESC) VALUES (56,5,'P','Pass');
INSERT INTO PRISM_CODEC (PC_SEQ, PC_POSITION, PC_CODE, PC_DESC) VALUES (57,6,'P','Pass');
INSERT INTO PRISM_CODEC (PC_SEQ, PC_POSITION, PC_CODE, PC_DESC) VALUES (58,7,'P','Pass');
INSERT INTO PRISM_CODEC (PC_SEQ, PC_POSITION, PC_CODE, PC_DESC) VALUES (59,8,'P','Pass');
INSERT INTO PRISM_CODEC (PC_SEQ, PC_POSITION, PC_CODE, PC_DESC) VALUES (60,9,'P','Pass');
INSERT INTO PRISM_CODEC (PC_SEQ, PC_POSITION, PC_CODE, PC_DESC) VALUES (61,10,'P','Pass');
INSERT INTO PRISM_CODEC (PC_SEQ, PC_POSITION, PC_CODE, PC_DESC) VALUES (62,11,'P','Pass');
INSERT INTO PRISM_CODEC (PC_SEQ, PC_POSITION, PC_CODE, PC_DESC) VALUES (63,12,'P','Pass');
INSERT INTO PRISM_CODEC (PC_SEQ, PC_POSITION, PC_CODE, PC_DESC) VALUES (64,13,'P','Pass');
INSERT INTO PRISM_CODEC (PC_SEQ, PC_POSITION, PC_CODE, PC_DESC) VALUES (65,14,'P','Pass');
INSERT INTO PRISM_CODEC (PC_SEQ, PC_POSITION, PC_CODE, PC_DESC) VALUES (66,15,'P','Pass');
INSERT INTO PRISM_CODEC (PC_SEQ, PC_POSITION, PC_CODE, PC_DESC) VALUES (67,16,'P','Pass');
INSERT INTO PRISM_CODEC (PC_SEQ, PC_POSITION, PC_CODE, PC_DESC) VALUES (68,17,'P','Pass');
INSERT INTO PRISM_CODEC (PC_SEQ, PC_POSITION, PC_CODE, PC_DESC) VALUES (69,18,'P','Pass');
INSERT INTO PRISM_CODEC (PC_SEQ, PC_POSITION, PC_CODE, PC_DESC) VALUES (70,19,'P','Pass');
INSERT INTO PRISM_CODEC (PC_SEQ, PC_POSITION, PC_CODE, PC_DESC) VALUES (71,20,'P','Pass');


-- CODEC_KO_CODEC
PROMPT Inserting to CODEC_KO_CODEC
INSERT INTO CODEC_KO_CODEC (PC_SEQ,KO_SEQ) VALUES (1,1);
INSERT INTO CODEC_KO_CODEC (PC_SEQ,KO_SEQ) VALUES (2,2);
INSERT INTO CODEC_KO_CODEC (PC_SEQ,KO_SEQ) VALUES (3,3);
INSERT INTO CODEC_KO_CODEC (PC_SEQ,KO_SEQ) VALUES (4,3);
INSERT INTO CODEC_KO_CODEC (PC_SEQ,KO_SEQ) VALUES (4,4);
INSERT INTO CODEC_KO_CODEC (PC_SEQ,KO_SEQ) VALUES (4,5);
INSERT INTO CODEC_KO_CODEC (PC_SEQ,KO_SEQ) VALUES (5,3);
INSERT INTO CODEC_KO_CODEC (PC_SEQ,KO_SEQ) VALUES (5,4);
INSERT INTO CODEC_KO_CODEC (PC_SEQ,KO_SEQ) VALUES (5,6);
INSERT INTO CODEC_KO_CODEC (PC_SEQ,KO_SEQ) VALUES (5,5);
INSERT INTO CODEC_KO_CODEC (PC_SEQ,KO_SEQ) VALUES (6,3);
INSERT INTO CODEC_KO_CODEC (PC_SEQ,KO_SEQ) VALUES (6,4);
INSERT INTO CODEC_KO_CODEC (PC_SEQ,KO_SEQ) VALUES (6,6);
INSERT INTO CODEC_KO_CODEC (PC_SEQ,KO_SEQ) VALUES (6,7);
INSERT INTO CODEC_KO_CODEC (PC_SEQ,KO_SEQ) VALUES (6,5);
INSERT INTO CODEC_KO_CODEC (PC_SEQ,KO_SEQ) VALUES (7,3);
INSERT INTO CODEC_KO_CODEC (PC_SEQ,KO_SEQ) VALUES (7,4);
INSERT INTO CODEC_KO_CODEC (PC_SEQ,KO_SEQ) VALUES (7,6);
INSERT INTO CODEC_KO_CODEC (PC_SEQ,KO_SEQ) VALUES (7,8);
INSERT INTO CODEC_KO_CODEC (PC_SEQ,KO_SEQ) VALUES (7,5);
INSERT INTO CODEC_KO_CODEC (PC_SEQ,KO_SEQ) VALUES (8,3);
INSERT INTO CODEC_KO_CODEC (PC_SEQ,KO_SEQ) VALUES (8,4);
INSERT INTO CODEC_KO_CODEC (PC_SEQ,KO_SEQ) VALUES (8,6);
INSERT INTO CODEC_KO_CODEC (PC_SEQ,KO_SEQ) VALUES (8,7);
INSERT INTO CODEC_KO_CODEC (PC_SEQ,KO_SEQ) VALUES (8,8);
INSERT INTO CODEC_KO_CODEC (PC_SEQ,KO_SEQ) VALUES (8,5);
INSERT INTO CODEC_KO_CODEC (PC_SEQ,KO_SEQ) VALUES (9,9);
INSERT INTO CODEC_KO_CODEC (PC_SEQ,KO_SEQ) VALUES (10,10);
INSERT INTO CODEC_KO_CODEC (PC_SEQ,KO_SEQ) VALUES (11,11);
INSERT INTO CODEC_KO_CODEC (PC_SEQ,KO_SEQ) VALUES (12,12);
INSERT INTO CODEC_KO_CODEC (PC_SEQ,KO_SEQ) VALUES (13,13);
INSERT INTO CODEC_KO_CODEC (PC_SEQ,KO_SEQ) VALUES (14,14);
INSERT INTO CODEC_KO_CODEC (PC_SEQ,KO_SEQ) VALUES (15,15);
INSERT INTO CODEC_KO_CODEC (PC_SEQ,KO_SEQ) VALUES (16,16);
INSERT INTO CODEC_KO_CODEC (PC_SEQ,KO_SEQ) VALUES (17,17);
INSERT INTO CODEC_KO_CODEC (PC_SEQ,KO_SEQ) VALUES (18,18);
INSERT INTO CODEC_KO_CODEC (PC_SEQ,KO_SEQ) VALUES (19,19);
INSERT INTO CODEC_KO_CODEC (PC_SEQ,KO_SEQ) VALUES (20,20);
INSERT INTO CODEC_KO_CODEC (PC_SEQ,KO_SEQ) VALUES (21,21);
INSERT INTO CODEC_KO_CODEC (PC_SEQ,KO_SEQ) VALUES (22,22);
INSERT INTO CODEC_KO_CODEC (PC_SEQ,KO_SEQ) VALUES (23,23);
INSERT INTO CODEC_KO_CODEC (PC_SEQ,KO_SEQ) VALUES (24,24);
INSERT INTO CODEC_KO_CODEC (PC_SEQ,KO_SEQ) VALUES (25,25);
INSERT INTO CODEC_KO_CODEC (PC_SEQ,KO_SEQ) VALUES (26,26);
INSERT INTO CODEC_KO_CODEC (PC_SEQ,KO_SEQ) VALUES (27,27);
INSERT INTO CODEC_KO_CODEC (PC_SEQ,KO_SEQ) VALUES (28,28);
INSERT INTO CODEC_KO_CODEC (PC_SEQ,KO_SEQ) VALUES (29,29);
INSERT INTO CODEC_KO_CODEC (PC_SEQ,KO_SEQ) VALUES (30,30);
INSERT INTO CODEC_KO_CODEC (PC_SEQ,KO_SEQ) VALUES (31,31);
INSERT INTO CODEC_KO_CODEC (PC_SEQ,KO_SEQ) VALUES (32,32);
INSERT INTO CODEC_KO_CODEC (PC_SEQ,KO_SEQ) VALUES (33,33);
INSERT INTO CODEC_KO_CODEC (PC_SEQ,KO_SEQ) VALUES (34,34);
INSERT INTO CODEC_KO_CODEC (PC_SEQ,KO_SEQ) VALUES (35,35);
INSERT INTO CODEC_KO_CODEC (PC_SEQ,KO_SEQ) VALUES (36,36);
INSERT INTO CODEC_KO_CODEC (PC_SEQ,KO_SEQ) VALUES (37,37);
INSERT INTO CODEC_KO_CODEC (PC_SEQ,KO_SEQ) VALUES (38,38);
INSERT INTO CODEC_KO_CODEC (PC_SEQ,KO_SEQ) VALUES (39,39);
INSERT INTO CODEC_KO_CODEC (PC_SEQ,KO_SEQ) VALUES (40,40);
INSERT INTO CODEC_KO_CODEC (PC_SEQ,KO_SEQ) VALUES (41,41);
INSERT INTO CODEC_KO_CODEC (PC_SEQ,KO_SEQ) VALUES (42,42);
INSERT INTO CODEC_KO_CODEC (PC_SEQ,KO_SEQ) VALUES (43,43);
INSERT INTO CODEC_KO_CODEC (PC_SEQ,KO_SEQ) VALUES (44,44);
INSERT INTO CODEC_KO_CODEC (PC_SEQ,KO_SEQ) VALUES (45,44);
INSERT INTO CODEC_KO_CODEC (PC_SEQ,KO_SEQ) VALUES (46,45);
INSERT INTO CODEC_KO_CODEC (PC_SEQ,KO_SEQ) VALUES (47,46);
INSERT INTO CODEC_KO_CODEC (PC_SEQ,KO_SEQ) VALUES (48,47);
INSERT INTO CODEC_KO_CODEC (PC_SEQ,KO_SEQ) VALUES (49,48);
INSERT INTO CODEC_KO_CODEC (PC_SEQ,KO_SEQ) VALUES (50,49);
INSERT INTO CODEC_KO_CODEC (PC_SEQ,KO_SEQ) VALUES (51,50);

set escape off

